Flight Number,Price,DepTime,ArrTime,ActualElapsedTime,FlightDate,OriginCityName,DestCityName,Distance
F3600033,497,15:30,17:30,3 hours 0 minutes,2022-03-22,Sarasota,Chicago,1050.0
F3895570,381,15:22,17:15,2 hours 53 minutes,2022-03-22,Sarasota,Chicago,1050.0
F3984575,428,18:54,20:25,2 hours 31 minutes,2022-03-22,Sarasota,Chicago,1035.0
F3984576,279,05:14,06:50,2 hours 36 minutes,2022-03-22,Sarasota,Chicago,1035.0
F3600004,383,10:14,14:01,2 hours 47 minutes,2022-03-24,Chicago,Sarasota,1050.0
F3885655,423,12:25,16:52,3 hours 27 minutes,2022-03-24,Chicago,Sarasota,1050.0
F4010566,368,20:10,23:49,2 hours 39 minutes,2022-03-24,Chicago,Sarasota,1035.0
F4010567,390,11:40,15:33,2 hours 53 minutes,2022-03-24,Chicago,Sarasota,1035.0
F3660316,321,11:41,14:13,2 hours 32 minutes,2022-03-25,Washington,Tampa,814.0
F3664278,352,18:22,20:40,2 hours 18 minutes,2022-03-25,Washington,Tampa,814.0
F3679715,362,06:40,09:17,2 hours 37 minutes,2022-03-25,Washington,Tampa,814.0
F3694191,173,09:30,12:01,2 hours 31 minutes,2022-03-25,Washington,Tampa,814.0
F3883584,232,22:05,00:29,2 hours 24 minutes,2022-03-25,Washington,Tampa,811.0
F3883847,245,17:39,20:06,2 hours 27 minutes,2022-03-25,Washington,Tampa,811.0
F3884077,340,10:47,13:12,2 hours 25 minutes,2022-03-25,Washington,Tampa,811.0
F4012811,314,05:55,08:24,2 hours 29 minutes,2022-03-25,Washington,Tampa,814.0
F4012812,382,12:50,15:13,2 hours 23 minutes,2022-03-25,Washington,Tampa,814.0
F4012813,212,19:24,21:42,2 hours 18 minutes,2022-03-25,Washington,Tampa,814.0
F3662211,391,15:41,17:54,2 hours 13 minutes,2022-03-27,Tampa,Washington,814.0
F3671366,302,22:58,01:04,2 hours 6 minutes,2022-03-27,Tampa,Washington,814.0
F3694224,394,12:41,14:51,2 hours 10 minutes,2022-03-27,Tampa,Washington,814.0
F3707040,228,08:41,10:52,2 hours 11 minutes,2022-03-27,Tampa,Washington,814.0
F3873003,187,19:07,21:15,2 hours 8 minutes,2022-03-27,Tampa,Washington,811.0
F3879878,213,14:02,16:11,2 hours 9 minutes,2022-03-27,Tampa,Washington,811.0
F3880469,318,11:03,13:07,2 hours 4 minutes,2022-03-27,Tampa,Washington,811.0
F4037220,271,09:57,12:05,2 hours 8 minutes,2022-03-27,Tampa,Washington,814.0
F4037221,405,13:10,15:16,2 hours 6 minutes,2022-03-27,Tampa,Washington,814.0
F4037222,282,20:38,22:43,2 hours 5 minutes,2022-03-27,Tampa,Washington,814.0
F3765485,935,08:40,10:55,5 hours 15 minutes,2022-03-25,Jacksonville,Los Angeles,2153.0
F3766955,669,22:01,05:15,4 hours 14 minutes,2022-03-27,Los Angeles,Jacksonville,2153.0
F3804883,359,12:24,15:50,2 hours 26 minutes,2022-03-18,Phoenix,Billings,873.0
F3579622,290,17:28,18:57,2 hours 29 minutes,2022-03-20,Billings,Phoenix,878.0
F3799751,238,16:33,18:15,2 hours 42 minutes,2022-03-20,Billings,Phoenix,873.0
F4025720,105,21:59,23:42,1 hours 43 minutes,2022-03-17,St. Louis,Oklahoma City,462.0
F3950607,201,06:27,07:44,1 hours 17 minutes,2022-03-19,Oklahoma City,St. Louis,462.0
F3837398,453,11:24,13:03,2 hours 39 minutes,2022-03-03,Denver,Medford,964.0
F3905467,296,18:55,20:36,2 hours 41 minutes,2022-03-03,Denver,Medford,964.0
F3839732,421,12:53,16:39,2 hours 46 minutes,2022-03-05,Medford,Denver,964.0
F3902378,306,05:14,08:48,2 hours 34 minutes,2022-03-05,Medford,Denver,964.0
F3635913,260,10:59,12:52,1 hours 53 minutes,2022-03-17,Charleston,New York,636.0
F3637284,285,18:19,20:08,1 hours 49 minutes,2022-03-17,Charleston,New York,636.0
F3638176,309,07:10,09:05,1 hours 55 minutes,2022-03-17,Charleston,New York,636.0
F3761716,295,11:28,13:16,1 hours 48 minutes,2022-03-17,Charleston,New York,636.0
F3772310,300,17:32,19:44,2 hours 12 minutes,2022-03-17,Charleston,New York,636.0
F3501627,170,09:25,11:34,2 hours 9 minutes,2022-03-19,New York,Charleston,641.0
F3635945,159,07:56,10:09,2 hours 13 minutes,2022-03-19,New York,Charleston,636.0
F3637311,190,15:19,17:59,2 hours 40 minutes,2022-03-19,New York,Charleston,636.0
F3650028,284,18:15,20:27,2 hours 12 minutes,2022-03-19,New York,Charleston,636.0
F3763642,170,09:22,11:23,2 hours 1 minutes,2022-03-19,New York,Charleston,636.0
F3765045,146,09:38,11:58,2 hours 20 minutes,2022-03-19,New York,Charleston,641.0
F3771263,287,15:56,18:21,2 hours 25 minutes,2022-03-19,New York,Charleston,636.0
F4066693,137,17:48,19:56,2 hours 8 minutes,2022-03-19,New York,Charleston,641.0
F3672582,221,20:42,23:50,2 hours 8 minutes,2022-03-25,Dallas,Indianapolis,761.0
F3719782,174,16:18,19:15,1 hours 57 minutes,2022-03-25,Dallas,Indianapolis,761.0
F3719818,302,07:00,10:17,2 hours 17 minutes,2022-03-25,Dallas,Indianapolis,761.0
F3723978,371,11:46,14:50,2 hours 4 minutes,2022-03-25,Dallas,Indianapolis,761.0
F4012662,234,10:49,14:00,2 hours 11 minutes,2022-03-25,Dallas,Indianapolis,755.0
F3713627,299,07:37,08:53,2 hours 16 minutes,2022-03-27,Indianapolis,Dallas,761.0
F3719804,323,20:11,21:22,2 hours 11 minutes,2022-03-27,Indianapolis,Dallas,761.0
F3719844,288,11:07,12:13,2 hours 6 minutes,2022-03-27,Indianapolis,Dallas,761.0
F3724011,315,15:59,17:06,2 hours 7 minutes,2022-03-27,Indianapolis,Dallas,761.0
F4035224,194,11:04,12:09,2 hours 5 minutes,2022-03-27,Indianapolis,Dallas,755.0
F4010196,559,13:26,18:23,2 hours 57 minutes,2022-03-24,Long Beach,Dallas,1232.0
F4031246,476,12:10,13:20,3 hours 10 minutes,2022-03-26,Dallas,Long Beach,1232.0
F3771333,323,12:19,13:54,2 hours 35 minutes,2022-03-20,Bozeman,Los Angeles,902.0
F3838847,379,13:23,15:09,2 hours 46 minutes,2022-03-20,Bozeman,Los Angeles,902.0
F3824799,432,08:46,12:55,3 hours 9 minutes,2022-03-22,Los Angeles,Bozeman,902.0
F3529475,933,08:27,10:05,4 hours 38 minutes,2022-03-05,Atlanta,San Diego,1892.0
F3549890,424,11:30,13:17,4 hours 47 minutes,2022-03-05,Atlanta,San Diego,1892.0
F3550826,511,19:40,21:25,4 hours 45 minutes,2022-03-05,Atlanta,San Diego,1892.0
F3511768,515,11:32,18:25,3 hours 53 minutes,2022-03-07,San Diego,Atlanta,1892.0
F3512176,635,06:19,13:15,3 hours 56 minutes,2022-03-07,San Diego,Atlanta,1892.0
F3542964,574,14:14,20:53,3 hours 39 minutes,2022-03-07,San Diego,Atlanta,1892.0
F3544002,782,22:48,05:28,3 hours 40 minutes,2022-03-07,San Diego,Atlanta,1892.0
F4021701,311,21:06,21:58,1 hours 52 minutes,2022-03-10,Baltimore,Milwaukee,641.0
F3949226,248,06:01,08:50,1 hours 49 minutes,2022-03-12,Milwaukee,Baltimore,641.0
F3880386,1191,23:13,07:24,5 hours 11 minutes,2022-03-27,Lihue,San Francisco,2447.0
F3880511,867,13:08,21:32,5 hours 24 minutes,2022-03-27,Lihue,San Francisco,2447.0
F3870709,1204,09:10,11:57,5 hours 47 minutes,2022-03-29,San Francisco,Lihue,2447.0
F3839875,381,08:24,10:23,2 hours 59 minutes,2022-03-01,Appleton,Denver,883.0
F3839467,242,17:43,21:05,2 hours 22 minutes,2022-03-03,Denver,Appleton,883.0
F3921555,307,07:54,09:47,1 hours 53 minutes,2022-03-23,Savannah,Newark,708.0
F3921557,324,18:16,20:55,2 hours 39 minutes,2022-03-23,Savannah,Newark,708.0
F4075907,259,12:37,14:25,1 hours 48 minutes,2022-03-23,Savannah,Newark,708.0
F4075970,237,14:01,15:55,1 hours 54 minutes,2022-03-23,Savannah,Newark,708.0
F3571959,240,09:48,11:57,2 hours 9 minutes,2022-03-25,Newark,Savannah,708.0
F3920423,145,15:13,17:23,2 hours 10 minutes,2022-03-25,Newark,Savannah,708.0
F4076329,267,09:53,12:20,2 hours 27 minutes,2022-03-25,Newark,Savannah,708.0
F4076339,236,11:21,13:49,2 hours 28 minutes,2022-03-25,Newark,Savannah,708.0
F4076530,222,22:13,00:38,2 hours 25 minutes,2022-03-25,Newark,Savannah,708.0
F4047388,219,11:06,14:08,2 hours 2 minutes,2022-03-23,Dallas,Tallahassee,767.0
F3598632,360,06:00,07:34,2 hours 34 minutes,2022-03-25,Tallahassee,Dallas,767.0
F4047441,271,21:56,23:17,2 hours 21 minutes,2022-03-25,Tallahassee,Dallas,767.0
F3572140,799,18:31,20:29,3 hours 58 minutes,2022-03-15,Memphis,Los Angeles,1619.0
F3542239,394,20:23,01:52,3 hours 29 minutes,2022-03-17,Los Angeles,Memphis,1619.0
F3570888,615,06:55,13:02,4 hours 7 minutes,2022-03-17,Los Angeles,Memphis,1619.0
F3641174,116,14:32,16:09,1 hours 37 minutes,2022-03-12,Wilmington,New York,500.0
F4050983,113,20:26,22:05,1 hours 39 minutes,2022-03-12,Wilmington,New York,500.0
F4057787,232,06:49,08:38,1 hours 49 minutes,2022-03-12,Wilmington,New York,500.0
F3641657,182,16:45,18:28,1 hours 43 minutes,2022-03-14,New York,Wilmington,500.0
F3651251,198,09:56,11:56,2 hours 0 minutes,2022-03-14,New York,Wilmington,500.0
F4051338,229,08:58,10:45,1 hours 47 minutes,2022-03-14,New York,Wilmington,500.0
F4059213,218,21:09,22:49,1 hours 40 minutes,2022-03-14,New York,Wilmington,500.0
F4060478,232,14:24,16:14,1 hours 50 minutes,2022-03-14,New York,Wilmington,500.0
F3960389,156,08:12,09:16,2 hours 4 minutes,2022-03-29,Baltimore,Milwaukee,641.0
F3960390,226,20:44,21:42,1 hours 58 minutes,2022-03-29,Baltimore,Milwaukee,641.0
F3991638,132,19:10,22:48,2 hours 38 minutes,2022-03-31,Milwaukee,Baltimore,641.0
F3991639,221,06:01,09:01,2 hours 0 minutes,2022-03-31,Milwaukee,Baltimore,641.0
F3601348,315,14:04,15:35,2 hours 31 minutes,2022-03-05,Tampa,Austin,928.0
F3698004,436,09:17,11:00,2 hours 43 minutes,2022-03-05,Tampa,Austin,928.0
F3993507,277,19:45,21:13,2 hours 28 minutes,2022-03-05,Tampa,Austin,928.0
F3993508,244,08:02,09:32,2 hours 30 minutes,2022-03-05,Tampa,Austin,928.0
F3601319,352,10:05,13:31,2 hours 26 minutes,2022-03-07,Austin,Tampa,928.0
F3659189,399,17:51,21:04,2 hours 13 minutes,2022-03-07,Austin,Tampa,928.0
F3996935,252,18:38,21:48,2 hours 10 minutes,2022-03-07,Austin,Tampa,928.0
F3996936,297,10:16,13:30,2 hours 14 minutes,2022-03-07,Austin,Tampa,928.0
F3590173,389,21:17,23:29,3 hours 12 minutes,2022-03-08,Miami,Des Moines,1327.0
F3589081,653,06:13,10:46,3 hours 33 minutes,2022-03-10,Des Moines,Miami,1327.0
F3501549,183,21:04,21:32,1 hours 28 minutes,2022-03-13,Atlanta,New Orleans,425.0
F3515427,123,17:19,17:49,1 hours 30 minutes,2022-03-13,Atlanta,New Orleans,425.0
F3519278,145,12:54,13:12,1 hours 18 minutes,2022-03-13,Atlanta,New Orleans,425.0
F3540204,159,23:39,00:12,1 hours 33 minutes,2022-03-13,Atlanta,New Orleans,425.0
F3541954,86,19:50,20:20,1 hours 30 minutes,2022-03-13,Atlanta,New Orleans,425.0
F3550499,190,15:32,15:55,1 hours 23 minutes,2022-03-13,Atlanta,New Orleans,425.0
F3563047,90,09:12,10:06,1 hours 54 minutes,2022-03-13,Atlanta,New Orleans,425.0
F3973231,199,10:16,10:38,1 hours 22 minutes,2022-03-13,Atlanta,New Orleans,425.0
F3973232,85,18:14,18:35,1 hours 21 minutes,2022-03-13,Atlanta,New Orleans,425.0
F3491570,187,09:14,11:28,1 hours 14 minutes,2022-03-15,New Orleans,Atlanta,425.0
F3504057,184,11:34,13:59,1 hours 25 minutes,2022-03-15,New Orleans,Atlanta,425.0
F3515432,94,18:49,21:09,1 hours 20 minutes,2022-03-15,New Orleans,Atlanta,425.0
F3518359,199,06:53,09:21,1 hours 28 minutes,2022-03-15,New Orleans,Atlanta,425.0
F3519283,140,14:07,16:21,1 hours 14 minutes,2022-03-15,New Orleans,Atlanta,425.0
F3525736,203,08:16,10:36,1 hours 20 minutes,2022-03-15,New Orleans,Atlanta,425.0
F3526869,201,05:41,08:12,1 hours 31 minutes,2022-03-15,New Orleans,Atlanta,425.0
F3550504,161,17:09,19:25,1 hours 16 minutes,2022-03-15,New Orleans,Atlanta,425.0
F3624745,110,10:33,12:46,1 hours 13 minutes,2022-03-15,New Orleans,Atlanta,425.0
F4002602,104,18:22,20:43,1 hours 21 minutes,2022-03-15,New Orleans,Atlanta,425.0
F4002603,92,11:57,14:08,1 hours 11 minutes,2022-03-15,New Orleans,Atlanta,425.0
F3578336,296,12:29,14:04,3 hours 35 minutes,2022-03-27,Belleville,Las Vegas,1400.0
F3607997,233,13:06,14:57,1 hours 51 minutes,2022-03-29,Dallas,Pensacola,604.0
F3609372,249,20:29,22:09,1 hours 40 minutes,2022-03-29,Dallas,Pensacola,604.0
F3696749,153,14:31,16:06,1 hours 35 minutes,2022-03-29,Dallas,Pensacola,604.0
F3960679,245,15:02,16:32,1 hours 30 minutes,2022-03-29,Dallas,Pensacola,592.0
F4047362,135,16:35,18:06,1 hours 31 minutes,2022-03-29,Dallas,Pensacola,604.0
F3600177,229,07:24,09:34,2 hours 10 minutes,2022-03-31,Pensacola,Dallas,604.0
F3608029,186,15:14,17:27,2 hours 13 minutes,2022-03-31,Pensacola,Dallas,604.0
F3608065,283,19:24,21:30,2 hours 6 minutes,2022-03-31,Pensacola,Dallas,604.0
F3673964,254,17:10,19:14,2 hours 4 minutes,2022-03-31,Pensacola,Dallas,604.0
F3992169,207,09:42,11:31,1 hours 49 minutes,2022-03-31,Pensacola,Dallas,592.0
F4045093,174,09:20,11:31,2 hours 11 minutes,2022-03-31,Pensacola,Dallas,604.0
F4045113,139,12:49,14:47,1 hours 58 minutes,2022-03-31,Pensacola,Dallas,604.0
F3845235,143,11:12,11:57,1 hours 45 minutes,2022-03-15,Salt Lake City,Fresno,501.0
F3845429,100,15:31,16:21,1 hours 50 minutes,2022-03-15,Salt Lake City,Fresno,501.0
F3852214,240,22:10,22:42,1 hours 32 minutes,2022-03-15,Salt Lake City,Fresno,501.0
F3836415,116,12:24,14:53,1 hours 29 minutes,2022-03-17,Fresno,Salt Lake City,501.0
F3844435,109,17:08,19:29,1 hours 21 minutes,2022-03-17,Fresno,Salt Lake City,501.0
F3844532,189,05:59,08:35,1 hours 36 minutes,2022-03-17,Fresno,Salt Lake City,501.0
F3888891,640,09:45,11:05,3 hours 20 minutes,2022-03-09,Houston,San Diego,1303.0
F3889068,407,12:02,13:20,3 hours 18 minutes,2022-03-09,Houston,San Diego,1303.0
F3889266,405,07:27,08:51,3 hours 24 minutes,2022-03-09,Houston,San Diego,1303.0
F3889525,616,18:33,19:54,3 hours 21 minutes,2022-03-09,Houston,San Diego,1303.0
F4019340,494,16:46,18:06,3 hours 20 minutes,2022-03-09,Houston,San Diego,1313.0
F4019341,277,08:27,09:47,3 hours 20 minutes,2022-03-09,Houston,San Diego,1313.0
F3878558,287,13:40,18:49,3 hours 9 minutes,2022-03-11,San Diego,Houston,1303.0
F3878608,266,08:04,13:02,2 hours 58 minutes,2022-03-11,San Diego,Houston,1303.0
F3878816,449,10:20,15:17,2 hours 57 minutes,2022-03-11,San Diego,Houston,1303.0
F3879767,270,12:10,16:57,2 hours 47 minutes,2022-03-11,San Diego,Houston,1303.0
F3946576,516,06:39,11:24,2 hours 45 minutes,2022-03-11,San Diego,Houston,1313.0
F3544239,259,20:20,23:27,2 hours 7 minutes,2022-03-11,Minneapolis,Baltimore,936.0
F3557028,250,09:56,12:55,1 hours 59 minutes,2022-03-11,Minneapolis,Baltimore,936.0
F3945957,267,18:05,21:05,2 hours 0 minutes,2022-03-11,Minneapolis,Baltimore,936.0
F3499990,461,14:19,16:11,2 hours 52 minutes,2022-03-13,Baltimore,Minneapolis,936.0
F3537231,244,06:36,08:29,2 hours 53 minutes,2022-03-13,Baltimore,Minneapolis,936.0
F3973691,328,15:11,17:07,2 hours 56 minutes,2022-03-13,Baltimore,Minneapolis,936.0
F3888976,331,06:34,10:03,2 hours 29 minutes,2022-03-09,Kansas City,Newark,1092.0
F4072235,289,13:41,17:10,2 hours 29 minutes,2022-03-09,Kansas City,Newark,1092.0
F4072301,308,17:57,22:50,3 hours 53 minutes,2022-03-09,Kansas City,Newark,1092.0
F4072623,364,12:36,15:00,3 hours 24 minutes,2022-03-11,Newark,Kansas City,1092.0
F4072640,227,09:46,12:28,3 hours 42 minutes,2022-03-11,Newark,Kansas City,1092.0
F4072715,265,21:35,00:16,3 hours 41 minutes,2022-03-11,Newark,Kansas City,1092.0
F3500974,345,09:37,11:50,4 hours 13 minutes,2022-03-25,Atlanta,Bozeman,1640.0
F3500979,803,13:08,18:37,3 hours 29 minutes,2022-03-27,Bozeman,Atlanta,1640.0
F3488699,279,07:13,08:53,2 hours 40 minutes,2022-03-05,Atlanta,Minneapolis,907.0
F3488910,384,22:38,00:24,2 hours 46 minutes,2022-03-05,Atlanta,Minneapolis,907.0
F3616037,339,21:44,23:55,3 hours 11 minutes,2022-03-05,Atlanta,Minneapolis,907.0
F3779215,452,16:22,18:01,2 hours 39 minutes,2022-03-05,Atlanta,Minneapolis,907.0
F3781552,291,18:01,19:31,2 hours 30 minutes,2022-03-05,Atlanta,Minneapolis,907.0
F3781958,275,19:52,21:50,2 hours 58 minutes,2022-03-05,Atlanta,Minneapolis,907.0
F3782779,397,11:21,13:02,2 hours 41 minutes,2022-03-05,Atlanta,Minneapolis,907.0
F3782903,360,08:26,09:57,2 hours 31 minutes,2022-03-05,Atlanta,Minneapolis,907.0
F3782990,338,13:52,15:17,2 hours 25 minutes,2022-03-05,Atlanta,Minneapolis,907.0
F3528866,422,06:15,09:39,2 hours 24 minutes,2022-03-07,Minneapolis,Atlanta,907.0
F3553238,249,10:35,13:50,2 hours 15 minutes,2022-03-07,Minneapolis,Atlanta,907.0
F3616062,325,06:37,10:13,2 hours 36 minutes,2022-03-07,Minneapolis,Atlanta,907.0
F3780056,439,08:53,12:19,2 hours 26 minutes,2022-03-07,Minneapolis,Atlanta,907.0
F3781043,205,07:28,10:49,2 hours 21 minutes,2022-03-07,Minneapolis,Atlanta,907.0
F3781493,419,18:06,21:32,2 hours 26 minutes,2022-03-07,Minneapolis,Atlanta,907.0
F3781585,388,16:47,20:03,2 hours 16 minutes,2022-03-07,Minneapolis,Atlanta,907.0
F3781815,382,13:19,16:42,2 hours 23 minutes,2022-03-07,Minneapolis,Atlanta,907.0
F3781929,191,05:32,08:59,2 hours 27 minutes,2022-03-07,Minneapolis,Atlanta,907.0
F3782874,332,17:11,20:34,2 hours 23 minutes,2022-03-07,Minneapolis,Atlanta,907.0
F3583029,726,12:49,20:09,5 hours 20 minutes,2022-03-10,Honolulu,Sacramento,2462.0
F4022441,1119,13:50,21:23,5 hours 33 minutes,2022-03-10,Honolulu,Sacramento,2462.0
F3583000,598,22:02,01:20,5 hours 18 minutes,2022-03-12,Sacramento,Honolulu,2462.0
F3972845,1148,09:52,13:13,5 hours 21 minutes,2022-03-12,Sacramento,Honolulu,2462.0
F4046779,178,06:56,09:08,2 hours 12 minutes,2022-03-25,Moline,Dallas,691.0
F4046840,208,15:32,17:50,2 hours 18 minutes,2022-03-25,Moline,Dallas,691.0
F4046812,318,12:56,14:46,1 hours 50 minutes,2022-03-27,Dallas,Moline,691.0
F4047063,272,18:48,20:40,1 hours 52 minutes,2022-03-27,Dallas,Moline,691.0
F3583571,677,10:26,13:18,5 hours 52 minutes,2022-03-25,San Francisco,Kahului,2338.0
F3750736,948,10:39,13:37,5 hours 58 minutes,2022-03-25,San Francisco,Kahului,2338.0
F3882791,901,11:32,13:55,5 hours 23 minutes,2022-03-25,San Francisco,Kahului,2338.0
F3883178,1122,13:48,16:11,5 hours 23 minutes,2022-03-25,San Francisco,Kahului,2338.0
F3883471,881,16:43,18:55,5 hours 12 minutes,2022-03-25,San Francisco,Kahului,2338.0
F3883491,872,09:03,11:18,5 hours 15 minutes,2022-03-25,San Francisco,Kahului,2338.0
F3583604,738,14:30,22:28,4 hours 58 minutes,2022-03-27,Kahului,San Francisco,2338.0
F3751945,1040,16:26,00:26,5 hours 0 minutes,2022-03-27,Kahului,San Francisco,2338.0
F3872974,517,09:40,17:45,5 hours 5 minutes,2022-03-27,Kahului,San Francisco,2338.0
F3880403,544,13:04,20:51,4 hours 47 minutes,2022-03-27,Kahului,San Francisco,2338.0
F3880458,471,22:57,06:53,4 hours 56 minutes,2022-03-27,Kahului,San Francisco,2338.0
F3880638,908,15:38,23:39,5 hours 1 minutes,2022-03-27,Kahului,San Francisco,2338.0
F3680568,484,20:22,00:19,2 hours 57 minutes,2022-03-06,Phoenix,Des Moines,1149.0
F3682533,527,10:05,13:34,2 hours 29 minutes,2022-03-06,Phoenix,Des Moines,1149.0
F3578860,429,09:47,11:37,2 hours 50 minutes,2022-03-08,Des Moines,Phoenix,1137.0
F3688805,462,05:10,07:25,3 hours 15 minutes,2022-03-08,Des Moines,Phoenix,1149.0
F3695135,275,17:37,19:31,2 hours 54 minutes,2022-03-08,Des Moines,Phoenix,1149.0
F3716687,483,18:03,19:36,4 hours 33 minutes,2022-03-24,Tampa,Phoenix,1788.0
F4011847,484,10:58,12:27,4 hours 29 minutes,2022-03-24,Tampa,Phoenix,1788.0
F3716658,480,09:39,16:41,4 hours 2 minutes,2022-03-26,Phoenix,Tampa,1788.0
F4033083,475,13:42,20:21,3 hours 39 minutes,2022-03-26,Phoenix,Tampa,1788.0
F4033084,489,18:35,01:09,3 hours 34 minutes,2022-03-26,Phoenix,Tampa,1788.0
F3920918,33,05:57,06:44,0 hours 47 minutes,2022-03-24,Scranton,Newark,93.0
F3920949,29,13:40,14:46,1 hours 6 minutes,2022-03-24,Scranton,Newark,93.0
F3919859,22,21:46,22:23,0 hours 37 minutes,2022-03-26,Newark,Scranton,93.0
F3590121,520,06:21,11:30,3 hours 9 minutes,2022-03-04,Reno,Austin,1405.0
F3610270,513,21:36,23:15,3 hours 39 minutes,2022-03-06,Austin,Reno,1405.0
F3793409,215,06:58,09:48,1 hours 50 minutes,2022-03-05,Gulfport,Charlotte,577.0
F3794133,204,10:44,13:33,1 hours 49 minutes,2022-03-05,Gulfport,Charlotte,577.0
F3785645,224,12:54,13:43,1 hours 49 minutes,2022-03-07,Charlotte,Gulfport,577.0
F3793242,154,20:36,21:40,2 hours 4 minutes,2022-03-07,Charlotte,Gulfport,577.0
F3794105,247,12:53,14:01,2 hours 8 minutes,2022-03-07,Charlotte,Gulfport,577.0
F3674372,429,11:37,14:00,3 hours 23 minutes,2022-03-22,Raleigh,Dallas,1061.0
F3674779,253,15:38,18:05,3 hours 27 minutes,2022-03-22,Raleigh,Dallas,1061.0
F3686287,457,07:13,09:26,3 hours 13 minutes,2022-03-22,Raleigh,Dallas,1061.0
F3984089,330,16:41,19:07,3 hours 26 minutes,2022-03-22,Raleigh,Dallas,1052.0
F3664186,307,20:36,00:14,2 hours 38 minutes,2022-03-24,Dallas,Raleigh,1061.0
F3666996,348,19:18,22:54,2 hours 36 minutes,2022-03-24,Dallas,Raleigh,1061.0
F3674750,449,10:42,14:25,2 hours 43 minutes,2022-03-24,Dallas,Raleigh,1061.0
F3692234,520,14:43,18:09,2 hours 26 minutes,2022-03-24,Dallas,Raleigh,1061.0
F4009216,399,16:26,19:52,2 hours 26 minutes,2022-03-24,Dallas,Raleigh,1052.0
F3560505,508,20:41,00:42,3 hours 1 minutes,2022-03-07,Kansas City,Orlando,1072.0
F3614784,398,11:15,14:46,2 hours 31 minutes,2022-03-07,Kansas City,Orlando,1072.0
F3629210,468,10:21,14:03,2 hours 42 minutes,2022-03-07,Kansas City,Orlando,1072.0
F3998495,503,12:47,16:14,2 hours 27 minutes,2022-03-07,Kansas City,Orlando,1072.0
F3998497,250,19:26,23:00,2 hours 34 minutes,2022-03-07,Kansas City,Orlando,1072.0
F3629193,299,17:43,20:46,4 hours 3 minutes,2022-03-09,Orlando,Kansas City,1072.0
F4019856,282,22:44,00:33,2 hours 49 minutes,2022-03-09,Orlando,Kansas City,1072.0
F4019857,445,10:33,12:25,2 hours 52 minutes,2022-03-09,Orlando,Kansas City,1072.0
F3803635,277,20:36,22:27,2 hours 51 minutes,2022-03-06,Tulsa,Phoenix,935.0
F3996733,195,11:28,13:07,2 hours 39 minutes,2022-03-06,Tulsa,Phoenix,935.0
F3803478,276,13:51,17:04,2 hours 13 minutes,2022-03-08,Phoenix,Tulsa,935.0
F4017496,428,13:22,16:20,1 hours 58 minutes,2022-03-08,Phoenix,Tulsa,935.0
F3661192,838,11:11,14:43,6 hours 32 minutes,2022-03-01,Phoenix,Kahului,2845.0
F3937229,1115,10:49,14:38,6 hours 49 minutes,2022-03-01,Phoenix,Kahului,2845.0
F3966431,1055,12:25,20:43,5 hours 18 minutes,2022-03-03,Kahului,Phoenix,2845.0
F3841398,134,09:36,11:13,1 hours 37 minutes,2022-03-23,Tulsa,Houston,429.0
F3893825,146,06:54,08:27,1 hours 33 minutes,2022-03-23,Tulsa,Houston,429.0
F3921632,207,13:49,15:26,1 hours 37 minutes,2022-03-23,Tulsa,Houston,429.0
F3921652,100,17:23,19:26,2 hours 3 minutes,2022-03-23,Tulsa,Houston,429.0
F4008342,169,05:54,07:17,1 hours 23 minutes,2022-03-23,Tulsa,Houston,453.0
F4008343,111,17:51,19:15,1 hours 24 minutes,2022-03-23,Tulsa,Houston,453.0
F3843324,188,07:57,09:23,1 hours 26 minutes,2022-03-25,Houston,Tulsa,429.0
F3857969,148,12:36,14:06,1 hours 30 minutes,2022-03-25,Houston,Tulsa,429.0
F3883352,162,20:07,21:34,1 hours 27 minutes,2022-03-25,Houston,Tulsa,429.0
F3920279,147,16:01,17:35,1 hours 34 minutes,2022-03-25,Houston,Tulsa,429.0
F4013298,92,08:20,09:43,1 hours 23 minutes,2022-03-25,Houston,Tulsa,453.0
F4013299,103,22:20,23:40,1 hours 20 minutes,2022-03-25,Houston,Tulsa,453.0
F3745584,419,14:48,16:20,3 hours 32 minutes,2022-03-17,Omaha,Seattle,1368.0
F3746844,362,08:33,13:35,3 hours 2 minutes,2022-03-19,Seattle,Omaha,1368.0
F3632208,130,20:10,21:38,1 hours 28 minutes,2022-03-20,Gainesville,Charlotte,388.0
F3788889,141,06:12,07:31,1 hours 19 minutes,2022-03-20,Gainesville,Charlotte,388.0
F3795931,159,14:51,16:15,1 hours 24 minutes,2022-03-20,Gainesville,Charlotte,388.0
F3790090,82,20:50,22:29,1 hours 39 minutes,2022-03-22,Charlotte,Gainesville,388.0
F3795902,80,12:51,14:17,1 hours 26 minutes,2022-03-22,Charlotte,Gainesville,388.0
F3701937,336,12:33,15:47,2 hours 14 minutes,2022-03-03,Los Angeles,Denver,862.0
F3797446,372,19:35,22:49,2 hours 14 minutes,2022-03-03,Los Angeles,Denver,862.0
F3846396,357,20:54,00:06,2 hours 12 minutes,2022-03-03,Los Angeles,Denver,862.0
F3848756,355,08:06,11:15,2 hours 9 minutes,2022-03-03,Los Angeles,Denver,862.0
F3848768,414,14:38,17:56,2 hours 18 minutes,2022-03-03,Los Angeles,Denver,862.0
F3905634,417,16:12,19:26,2 hours 14 minutes,2022-03-03,Los Angeles,Denver,862.0
F3906186,209,19:06,22:12,2 hours 6 minutes,2022-03-03,Los Angeles,Denver,862.0
F3906275,409,12:57,16:12,2 hours 15 minutes,2022-03-03,Los Angeles,Denver,862.0
F3906408,325,08:53,12:11,2 hours 18 minutes,2022-03-03,Los Angeles,Denver,862.0
F3906414,221,10:54,14:04,2 hours 10 minutes,2022-03-03,Los Angeles,Denver,862.0
F3906771,386,05:23,08:30,2 hours 7 minutes,2022-03-03,Los Angeles,Denver,862.0
F3906819,329,14:27,17:52,2 hours 25 minutes,2022-03-03,Los Angeles,Denver,862.0
F3906828,330,07:00,10:23,2 hours 23 minutes,2022-03-03,Los Angeles,Denver,862.0
F3965714,237,06:07,09:11,2 hours 4 minutes,2022-03-03,Los Angeles,Denver,862.0
F3965715,208,17:16,20:12,1 hours 56 minutes,2022-03-03,Los Angeles,Denver,862.0
F3965716,376,11:54,14:59,2 hours 5 minutes,2022-03-03,Los Angeles,Denver,862.0
F3965717,389,09:35,12:39,2 hours 4 minutes,2022-03-03,Los Angeles,Denver,862.0
F3965718,311,20:55,23:57,2 hours 2 minutes,2022-03-03,Los Angeles,Denver,862.0
F3701908,260,17:12,18:41,2 hours 29 minutes,2022-03-05,Denver,Los Angeles,862.0
F3803498,426,06:19,07:54,2 hours 35 minutes,2022-03-05,Denver,Los Angeles,862.0
F3834731,291,18:31,20:06,2 hours 35 minutes,2022-03-05,Denver,Los Angeles,862.0
F3849276,212,12:18,14:32,3 hours 14 minutes,2022-03-05,Denver,Los Angeles,862.0
F3849439,183,06:58,08:56,2 hours 58 minutes,2022-03-05,Denver,Los Angeles,862.0
F3902791,308,12:55,14:19,2 hours 24 minutes,2022-03-05,Denver,Los Angeles,862.0
F3902829,401,16:24,17:49,2 hours 25 minutes,2022-03-05,Denver,Los Angeles,862.0
F3903064,287,08:20,09:41,2 hours 21 minutes,2022-03-05,Denver,Los Angeles,862.0
F3903071,306,10:17,11:51,2 hours 34 minutes,2022-03-05,Denver,Los Angeles,862.0
F3903225,352,19:44,21:10,2 hours 26 minutes,2022-03-05,Denver,Los Angeles,862.0
F3903361,349,17:53,19:11,2 hours 18 minutes,2022-03-05,Denver,Los Angeles,862.0
F3903535,239,13:31,15:09,2 hours 38 minutes,2022-03-05,Denver,Los Angeles,862.0
F3971350,349,10:53,12:33,2 hours 40 minutes,2022-03-05,Denver,Los Angeles,862.0
F3971351,259,14:01,15:22,2 hours 21 minutes,2022-03-05,Denver,Los Angeles,862.0
F3971352,307,00:09,02:01,2 hours 52 minutes,2022-03-05,Denver,Los Angeles,862.0
F3971353,425,05:58,07:21,2 hours 23 minutes,2022-03-05,Denver,Los Angeles,862.0
F3879164,688,09:50,12:04,4 hours 14 minutes,2022-03-11,Houston,Reno,1530.0
F3875705,446,12:58,18:31,3 hours 33 minutes,2022-03-13,Reno,Houston,1530.0
F3765327,140,16:33,17:55,1 hours 22 minutes,2022-03-21,Los Angeles,Reno,391.0
F3817084,155,08:56,10:25,1 hours 29 minutes,2022-03-21,Los Angeles,Reno,391.0
F3827810,176,08:27,10:06,1 hours 39 minutes,2022-03-21,Los Angeles,Reno,391.0
F3830675,100,08:55,10:34,1 hours 39 minutes,2022-03-21,Los Angeles,Reno,391.0
F3830963,146,15:16,16:34,1 hours 18 minutes,2022-03-21,Los Angeles,Reno,391.0
F3831061,81,19:51,21:18,1 hours 27 minutes,2022-03-21,Los Angeles,Reno,391.0
F3956868,141,10:19,11:36,1 hours 17 minutes,2022-03-21,Los Angeles,Reno,391.0
F3818038,192,11:12,12:40,1 hours 28 minutes,2022-03-23,Reno,Los Angeles,391.0
F3834736,132,11:05,12:25,1 hours 20 minutes,2022-03-23,Reno,Los Angeles,391.0
F3841332,132,10:23,12:01,1 hours 38 minutes,2022-03-23,Reno,Los Angeles,391.0
F3844890,97,17:04,18:24,1 hours 20 minutes,2022-03-23,Reno,Los Angeles,391.0
F3850023,148,07:31,08:58,1 hours 27 minutes,2022-03-23,Reno,Los Angeles,391.0
F3987480,81,18:38,19:50,1 hours 12 minutes,2022-03-23,Reno,Los Angeles,391.0
F3987481,162,10:22,11:41,1 hours 19 minutes,2022-03-23,Reno,Los Angeles,391.0
F3821186,509,08:56,10:40,3 hours 44 minutes,2022-03-10,Knoxville,Denver,1162.0
F3852767,462,17:56,22:43,2 hours 47 minutes,2022-03-12,Denver,Knoxville,1162.0
F3668336,157,14:26,16:31,2 hours 5 minutes,2022-03-09,Boston,Washington,399.0
F3708197,100,07:20,09:06,1 hours 46 minutes,2022-03-09,Boston,Washington,399.0
F3708512,106,12:20,14:10,1 hours 50 minutes,2022-03-09,Boston,Washington,399.0
F3708689,190,15:21,17:11,1 hours 50 minutes,2022-03-09,Boston,Washington,399.0
F3708751,104,18:27,20:22,1 hours 55 minutes,2022-03-09,Boston,Washington,399.0
F3708833,137,17:26,19:29,2 hours 3 minutes,2022-03-09,Boston,Washington,399.0
F3708894,189,13:22,15:21,1 hours 59 minutes,2022-03-09,Boston,Washington,399.0
F3708948,123,19:24,21:33,2 hours 9 minutes,2022-03-09,Boston,Washington,399.0
F3708975,119,16:22,18:10,1 hours 48 minutes,2022-03-09,Boston,Washington,399.0
F3709031,115,11:24,12:58,1 hours 34 minutes,2022-03-09,Boston,Washington,399.0
F3709237,183,05:51,07:50,1 hours 59 minutes,2022-03-09,Boston,Washington,399.0
F3709329,182,10:29,12:12,1 hours 43 minutes,2022-03-09,Boston,Washington,399.0
F3755449,84,21:57,23:57,2 hours 0 minutes,2022-03-09,Boston,Washington,399.0
F3757505,96,07:51,09:32,1 hours 41 minutes,2022-03-09,Boston,Washington,399.0
F3759616,184,19:35,21:55,2 hours 20 minutes,2022-03-09,Boston,Washington,399.0
F3760682,156,05:55,07:43,1 hours 48 minutes,2022-03-09,Boston,Washington,399.0
F3760683,96,11:26,13:09,1 hours 43 minutes,2022-03-09,Boston,Washington,399.0
F3760685,177,18:34,21:07,2 hours 33 minutes,2022-03-09,Boston,Washington,399.0
F3761137,86,06:59,09:02,2 hours 3 minutes,2022-03-09,Boston,Washington,399.0
F3761415,105,14:02,16:02,2 hours 0 minutes,2022-03-09,Boston,Washington,399.0
F3761963,110,08:47,10:29,1 hours 42 minutes,2022-03-09,Boston,Washington,399.0
F3762208,80,16:50,19:09,2 hours 19 minutes,2022-03-09,Boston,Washington,399.0
F3762212,151,04:52,06:31,1 hours 39 minutes,2022-03-09,Boston,Washington,399.0
F3762341,198,14:48,16:56,2 hours 8 minutes,2022-03-09,Boston,Washington,399.0
F3763187,183,12:32,14:50,2 hours 18 minutes,2022-03-09,Boston,Washington,399.0
F3763340,83,12:49,15:35,2 hours 46 minutes,2022-03-09,Boston,Washington,399.0
F3889082,125,20:29,22:33,2 hours 4 minutes,2022-03-09,Boston,Washington,413.0
F3889621,186,14:46,16:43,1 hours 57 minutes,2022-03-09,Boston,Washington,413.0
F3889771,148,07:47,09:27,1 hours 40 minutes,2022-03-09,Boston,Washington,413.0
F4052677,111,09:21,11:09,1 hours 48 minutes,2022-03-09,Boston,Washington,399.0
F4064351,182,09:12,11:07,1 hours 55 minutes,2022-03-09,Boston,Washington,399.0
F4064420,80,12:16,14:08,1 hours 52 minutes,2022-03-09,Boston,Washington,399.0
F4064435,191,18:22,21:10,2 hours 48 minutes,2022-03-09,Boston,Washington,399.0
F4064467,174,16:02,18:08,2 hours 6 minutes,2022-03-09,Boston,Washington,399.0
F4064469,195,06:00,07:59,1 hours 59 minutes,2022-03-09,Boston,Washington,399.0
F4064499,170,14:43,17:00,2 hours 17 minutes,2022-03-09,Boston,Washington,399.0
F3668369,169,12:05,13:20,1 hours 15 minutes,2022-03-11,Washington,Boston,399.0
F3690030,85,15:01,16:22,1 hours 21 minutes,2022-03-11,Washington,Boston,399.0
F3700098,129,17:23,18:37,1 hours 14 minutes,2022-03-11,Washington,Boston,399.0
F3708170,118,22:28,23:43,1 hours 15 minutes,2022-03-11,Washington,Boston,399.0
F3708543,159,10:06,11:28,1 hours 22 minutes,2022-03-11,Washington,Boston,399.0
F3708635,118,18:00,19:18,1 hours 18 minutes,2022-03-11,Washington,Boston,399.0
F3708718,113,12:54,14:05,1 hours 11 minutes,2022-03-11,Washington,Boston,399.0
F3708780,120,15:55,17:11,1 hours 16 minutes,2022-03-11,Washington,Boston,399.0
F3708923,105,10:53,12:18,1 hours 25 minutes,2022-03-11,Washington,Boston,399.0
F3709004,112,14:18,15:37,1 hours 19 minutes,2022-03-11,Washington,Boston,399.0
F3709060,81,08:51,10:23,1 hours 32 minutes,2022-03-11,Washington,Boston,399.0
F3709359,147,07:54,09:21,1 hours 27 minutes,2022-03-11,Washington,Boston,399.0
F3754914,135,19:25,20:51,1 hours 26 minutes,2022-03-11,Washington,Boston,399.0
F3755336,193,12:25,13:40,1 hours 15 minutes,2022-03-11,Washington,Boston,399.0
F3756871,146,06:19,07:42,1 hours 23 minutes,2022-03-11,Washington,Boston,399.0
F3757521,161,18:21,19:47,1 hours 26 minutes,2022-03-11,Washington,Boston,399.0
F3759632,102,20:21,21:55,1 hours 34 minutes,2022-03-11,Washington,Boston,399.0
F3761002,186,08:50,10:13,1 hours 23 minutes,2022-03-11,Washington,Boston,399.0
F3761004,173,13:40,14:59,1 hours 19 minutes,2022-03-11,Washington,Boston,399.0
F3761285,163,11:24,12:43,1 hours 19 minutes,2022-03-11,Washington,Boston,399.0
F3761422,185,15:11,16:30,1 hours 19 minutes,2022-03-11,Washington,Boston,399.0
F3761828,151,17:23,18:44,1 hours 21 minutes,2022-03-11,Washington,Boston,399.0
F3762343,146,10:24,11:54,1 hours 30 minutes,2022-03-11,Washington,Boston,399.0
F3762487,194,07:23,08:38,1 hours 15 minutes,2022-03-11,Washington,Boston,399.0
F3762488,133,16:40,18:13,1 hours 33 minutes,2022-03-11,Washington,Boston,399.0
F3763198,91,15:24,16:40,1 hours 16 minutes,2022-03-11,Washington,Boston,399.0
F3763200,198,09:52,11:19,1 hours 27 minutes,2022-03-11,Washington,Boston,399.0
F3763201,177,22:35,23:57,1 hours 22 minutes,2022-03-11,Washington,Boston,399.0
F3879787,127,17:09,18:33,1 hours 24 minutes,2022-03-11,Washington,Boston,413.0
F3879806,85,10:46,12:17,1 hours 31 minutes,2022-03-11,Washington,Boston,413.0
F3886857,173,23:25,00:44,1 hours 19 minutes,2022-03-11,Washington,Boston,413.0
F4052702,125,05:52,07:21,1 hours 29 minutes,2022-03-11,Washington,Boston,399.0
F4064817,115,19:53,21:16,1 hours 23 minutes,2022-03-11,Washington,Boston,399.0
F4064824,139,08:55,10:32,1 hours 37 minutes,2022-03-11,Washington,Boston,399.0
F4064889,146,18:35,20:04,1 hours 29 minutes,2022-03-11,Washington,Boston,399.0
F4064926,90,06:13,07:48,1 hours 35 minutes,2022-03-11,Washington,Boston,399.0
F4064932,172,17:10,18:39,1 hours 29 minutes,2022-03-11,Washington,Boston,399.0
F4064944,102,14:49,16:11,1 hours 22 minutes,2022-03-11,Washington,Boston,399.0
F4064976,135,12:14,13:33,1 hours 19 minutes,2022-03-11,Washington,Boston,399.0
F3509713,366,19:29,20:59,3 hours 30 minutes,2022-03-10,Minneapolis,San Diego,1532.0
F3521795,681,09:41,11:31,3 hours 50 minutes,2022-03-10,Minneapolis,San Diego,1532.0
F3544036,703,11:49,13:59,4 hours 10 minutes,2022-03-10,Minneapolis,San Diego,1532.0
F3526234,486,11:43,17:21,3 hours 38 minutes,2022-03-12,San Diego,Minneapolis,1532.0
F3527970,670,06:26,12:11,3 hours 45 minutes,2022-03-12,San Diego,Minneapolis,1532.0
F3544041,366,14:51,20:49,3 hours 58 minutes,2022-03-12,San Diego,Minneapolis,1532.0
F3568694,338,18:18,19:44,2 hours 26 minutes,2022-03-26,Denver,Oakland,957.0
F4031463,255,08:39,10:13,2 hours 34 minutes,2022-03-26,Denver,Oakland,957.0
F4031464,325,12:59,14:24,2 hours 25 minutes,2022-03-26,Denver,Oakland,957.0
F4031465,339,16:14,17:43,2 hours 29 minutes,2022-03-26,Denver,Oakland,957.0
F3569325,430,19:54,23:14,2 hours 20 minutes,2022-03-28,Oakland,Denver,957.0
F3958707,320,23:27,02:50,2 hours 23 minutes,2022-03-28,Oakland,Denver,957.0
F3958708,444,23:59,03:08,2 hours 9 minutes,2022-03-28,Oakland,Denver,957.0
F3958709,258,06:10,09:25,2 hours 15 minutes,2022-03-28,Oakland,Denver,957.0
F3958710,256,08:29,11:49,2 hours 20 minutes,2022-03-28,Oakland,Denver,957.0
F3958711,417,13:47,16:57,2 hours 10 minutes,2022-03-28,Oakland,Denver,957.0
F3768031,643,23:03,03:03,4 hours 0 minutes,2022-03-28,New York,Ponce,1617.0
F3766885,788,04:10,08:12,4 hours 2 minutes,2022-03-30,Ponce,New York,1617.0
F4074454,140,13:04,15:14,2 hours 10 minutes,2022-03-18,Bangor,Newark,393.0
F4074954,163,20:48,22:26,1 hours 38 minutes,2022-03-20,Newark,Bangor,393.0
F3618600,291,13:06,15:39,2 hours 33 minutes,2022-03-16,Fort Lauderdale,Charlotte Amalie,1107.0
F3619128,263,16:10,18:55,2 hours 45 minutes,2022-03-18,Charlotte Amalie,Fort Lauderdale,1107.0
F3928169,260,13:46,16:28,2 hours 42 minutes,2022-03-12,Panama City,Chicago,809.0
F3948179,346,18:41,21:07,2 hours 26 minutes,2022-03-12,Panama City,Chicago,795.0
F3948180,212,10:13,12:17,2 hours 4 minutes,2022-03-12,Panama City,Chicago,795.0
F3631572,130,16:50,18:21,1 hours 31 minutes,2022-03-05,Washington,Cleveland,310.0
F3903134,76,22:05,23:11,1 hours 6 minutes,2022-03-05,Washington,Cleveland,288.0
F3932108,65,11:36,12:59,1 hours 23 minutes,2022-03-05,Washington,Cleveland,288.0
F4039160,137,17:35,18:56,1 hours 21 minutes,2022-03-05,Washington,Cleveland,288.0
F4056296,85,14:56,16:30,1 hours 34 minutes,2022-03-05,Washington,Cleveland,310.0
F3795520,88,05:45,07:41,1 hours 56 minutes,2022-03-07,Cleveland,Washington,310.0
F3892888,109,14:08,15:14,1 hours 6 minutes,2022-03-07,Cleveland,Washington,288.0
F3900434,82,08:28,09:33,1 hours 5 minutes,2022-03-07,Cleveland,Washington,288.0
F4042178,142,19:48,21:08,1 hours 20 minutes,2022-03-07,Cleveland,Washington,288.0
F4055493,133,14:27,16:15,1 hours 48 minutes,2022-03-07,Cleveland,Washington,310.0
F4056269,125,18:12,19:52,1 hours 40 minutes,2022-03-07,Cleveland,Washington,310.0
F3611568,207,16:33,18:39,2 hours 6 minutes,2022-03-16,Myrtle Beach,Fort Lauderdale,529.0
F3614038,254,08:40,10:22,1 hours 42 minutes,2022-03-18,Fort Lauderdale,Myrtle Beach,529.0
F3870127,412,10:01,12:08,4 hours 7 minutes,2022-03-29,Houston,Sacramento,1609.0
F3961206,477,08:50,10:52,4 hours 2 minutes,2022-03-29,Houston,Sacramento,1624.0
F3866597,738,13:12,18:38,3 hours 26 minutes,2022-03-31,Sacramento,Houston,1609.0
F3992586,390,13:41,18:51,3 hours 10 minutes,2022-03-31,Sacramento,Houston,1624.0
F3602178,206,20:15,22:42,2 hours 27 minutes,2022-03-18,Nashville,Austin,756.0
F3605566,363,10:11,12:33,2 hours 22 minutes,2022-03-18,Nashville,Austin,756.0
F4026087,351,06:05,08:16,2 hours 11 minutes,2022-03-18,Nashville,Austin,756.0
F4026088,173,23:07,01:20,2 hours 13 minutes,2022-03-18,Nashville,Austin,756.0
F4026089,295,08:07,10:21,2 hours 14 minutes,2022-03-18,Nashville,Austin,756.0
F4026090,246,12:30,15:23,2 hours 53 minutes,2022-03-18,Nashville,Austin,756.0
F4026091,281,16:20,18:53,2 hours 33 minutes,2022-03-18,Nashville,Austin,756.0
F3602149,371,16:41,18:40,1 hours 59 minutes,2022-03-20,Austin,Nashville,756.0
F3605596,257,07:30,09:25,1 hours 55 minutes,2022-03-20,Austin,Nashville,756.0
F3951703,276,11:50,13:42,1 hours 52 minutes,2022-03-20,Austin,Nashville,756.0
F3951704,233,07:11,09:01,1 hours 50 minutes,2022-03-20,Austin,Nashville,756.0
F3951705,182,17:28,19:31,2 hours 3 minutes,2022-03-20,Austin,Nashville,756.0
F3951706,228,20:50,22:37,1 hours 47 minutes,2022-03-20,Austin,Nashville,756.0
F3951707,369,14:48,16:51,2 hours 3 minutes,2022-03-20,Austin,Nashville,756.0
F3493177,294,17:18,22:30,3 hours 12 minutes,2022-03-11,Las Vegas,Minneapolis,1299.0
F3509862,554,09:29,14:41,3 hours 12 minutes,2022-03-11,Las Vegas,Minneapolis,1299.0
F3509897,484,14:58,20:18,3 hours 20 minutes,2022-03-11,Las Vegas,Minneapolis,1299.0
F3509988,303,11:51,16:54,3 hours 3 minutes,2022-03-11,Las Vegas,Minneapolis,1299.0
F3510396,504,06:31,11:48,3 hours 17 minutes,2022-03-11,Las Vegas,Minneapolis,1299.0
F3511491,517,12:52,18:16,3 hours 24 minutes,2022-03-11,Las Vegas,Minneapolis,1299.0
F3511740,555,24:00,04:51,2 hours 51 minutes,2022-03-11,Las Vegas,Minneapolis,1299.0
F3562226,632,13:31,18:44,3 hours 13 minutes,2022-03-11,Las Vegas,Minneapolis,1299.0
F3626281,392,13:20,18:28,3 hours 8 minutes,2022-03-11,Las Vegas,Minneapolis,1299.0
F3507793,308,18:53,20:19,3 hours 26 minutes,2022-03-13,Minneapolis,Las Vegas,1299.0
F3509902,499,12:58,14:15,3 hours 17 minutes,2022-03-13,Minneapolis,Las Vegas,1299.0
F3509993,572,09:20,10:44,3 hours 24 minutes,2022-03-13,Minneapolis,Las Vegas,1299.0
F3526978,411,16:13,17:38,3 hours 25 minutes,2022-03-13,Minneapolis,Las Vegas,1299.0
F3528349,273,22:55,00:01,3 hours 6 minutes,2022-03-13,Minneapolis,Las Vegas,1299.0
F3528671,621,07:36,08:48,3 hours 12 minutes,2022-03-13,Minneapolis,Las Vegas,1299.0
F3550603,278,14:49,16:04,3 hours 15 minutes,2022-03-13,Minneapolis,Las Vegas,1299.0
F3616724,329,20:36,21:49,3 hours 13 minutes,2022-03-13,Minneapolis,Las Vegas,1299.0
F3600166,200,07:23,09:39,2 hours 16 minutes,2022-03-08,Pensacola,Dallas,604.0
F3608006,290,15:32,17:29,1 hours 57 minutes,2022-03-08,Pensacola,Dallas,604.0
F3673941,189,17:20,19:45,2 hours 25 minutes,2022-03-08,Pensacola,Dallas,604.0
F4017517,223,11:51,13:43,1 hours 52 minutes,2022-03-08,Pensacola,Dallas,592.0
F4045070,182,09:11,11:18,2 hours 7 minutes,2022-03-08,Pensacola,Dallas,604.0
F3607978,255,12:50,14:25,1 hours 35 minutes,2022-03-10,Dallas,Pensacola,604.0
F3608036,290,17:04,18:38,1 hours 34 minutes,2022-03-10,Dallas,Pensacola,604.0
F3688075,191,14:30,16:00,1 hours 30 minutes,2022-03-10,Dallas,Pensacola,604.0
F3707700,170,21:31,23:01,1 hours 30 minutes,2022-03-10,Dallas,Pensacola,604.0
F4021999,249,15:28,17:00,1 hours 32 minutes,2022-03-10,Dallas,Pensacola,592.0
F4047865,212,10:33,12:15,1 hours 42 minutes,2022-03-10,Dallas,Pensacola,604.0
F3611661,113,17:53,19:17,1 hours 24 minutes,2022-03-04,New Orleans,Houston,305.0
F3903587,143,13:39,14:56,1 hours 17 minutes,2022-03-04,New Orleans,Houston,305.0
F3904000,98,12:01,13:42,1 hours 41 minutes,2022-03-04,New Orleans,Houston,305.0
F3904799,121,05:22,06:26,1 hours 4 minutes,2022-03-04,New Orleans,Houston,305.0
F3904900,127,17:01,18:28,1 hours 27 minutes,2022-03-04,New Orleans,Houston,305.0
F3905178,113,07:04,08:12,1 hours 8 minutes,2022-03-04,New Orleans,Houston,305.0
F3969529,72,19:08,20:18,1 hours 10 minutes,2022-03-04,New Orleans,Houston,302.0
F3969530,138,12:57,14:07,1 hours 10 minutes,2022-03-04,New Orleans,Houston,302.0
F3969531,140,17:28,18:36,1 hours 8 minutes,2022-03-04,New Orleans,Houston,302.0
F3969532,123,08:34,09:51,1 hours 17 minutes,2022-03-04,New Orleans,Houston,302.0
F3969533,92,16:10,17:26,1 hours 16 minutes,2022-03-04,New Orleans,Houston,305.0
F3969534,96,12:19,13:43,1 hours 24 minutes,2022-03-04,New Orleans,Houston,305.0
F4040113,72,15:21,16:36,1 hours 15 minutes,2022-03-04,New Orleans,Houston,305.0
F4040116,114,09:33,11:07,1 hours 34 minutes,2022-03-04,New Orleans,Houston,305.0
F3611646,100,13:16,14:14,0 hours 58 minutes,2022-03-06,Houston,New Orleans,305.0
F3900691,136,14:39,15:39,1 hours 0 minutes,2022-03-06,Houston,New Orleans,305.0
F3901325,113,20:25,21:32,1 hours 7 minutes,2022-03-06,Houston,New Orleans,305.0
F3901494,75,19:13,20:16,1 hours 3 minutes,2022-03-06,Houston,New Orleans,305.0
F3994837,79,13:05,14:05,1 hours 0 minutes,2022-03-06,Houston,New Orleans,302.0
F3994838,96,10:54,12:14,1 hours 20 minutes,2022-03-06,Houston,New Orleans,302.0
F3994839,68,08:50,09:43,0 hours 53 minutes,2022-03-06,Houston,New Orleans,302.0
F3994840,99,19:36,20:39,1 hours 3 minutes,2022-03-06,Houston,New Orleans,302.0
F3994895,79,08:56,10:01,1 hours 5 minutes,2022-03-06,Houston,New Orleans,305.0
F3994896,108,16:51,17:52,1 hours 1 minutes,2022-03-06,Houston,New Orleans,305.0
F3994897,129,12:54,13:58,1 hours 4 minutes,2022-03-06,Houston,New Orleans,305.0
F4039090,131,07:21,08:26,1 hours 5 minutes,2022-03-06,Houston,New Orleans,305.0
F4039219,113,12:51,14:02,1 hours 11 minutes,2022-03-06,Houston,New Orleans,305.0
F4039375,144,16:31,17:52,1 hours 21 minutes,2022-03-06,Houston,New Orleans,305.0
F4041207,133,10:07,11:11,1 hours 4 minutes,2022-03-06,Houston,New Orleans,305.0
F3503143,587,07:54,13:16,3 hours 22 minutes,2022-03-25,San Francisco,Minneapolis,1589.0
F3527187,557,16:03,21:40,3 hours 37 minutes,2022-03-25,San Francisco,Minneapolis,1589.0
F3542692,398,12:52,18:24,3 hours 32 minutes,2022-03-25,San Francisco,Minneapolis,1589.0
F3557687,771,06:31,11:58,3 hours 27 minutes,2022-03-25,San Francisco,Minneapolis,1589.0
F3508860,680,17:58,20:01,4 hours 3 minutes,2022-03-27,Minneapolis,San Francisco,1589.0
F3529571,539,23:14,01:18,4 hours 4 minutes,2022-03-27,Minneapolis,San Francisco,1589.0
F3531538,398,12:10,14:28,4 hours 18 minutes,2022-03-27,Minneapolis,San Francisco,1589.0
F3542694,428,09:25,11:29,4 hours 4 minutes,2022-03-27,Minneapolis,San Francisco,1589.0
F3624235,506,19:42,23:36,2 hours 54 minutes,2022-03-25,Kansas City,Fort Lauderdale,1242.0
F4013793,587,16:07,19:55,2 hours 48 minutes,2022-03-25,Kansas City,Fort Lauderdale,1242.0
F3884437,1168,10:00,18:00,5 hours 0 minutes,2022-03-24,San Francisco,Tampa,2393.0
F3884494,631,22:38,06:41,5 hours 3 minutes,2022-03-24,San Francisco,Tampa,2393.0
F3881284,739,06:07,08:51,5 hours 44 minutes,2022-03-26,Tampa,San Francisco,2393.0
F3882166,1047,19:11,21:50,5 hours 39 minutes,2022-03-26,Tampa,San Francisco,2393.0
F3634074,173,12:48,14:21,1 hours 33 minutes,2022-03-08,Charlotte,Akron,394.0
F3787389,87,08:42,10:30,1 hours 48 minutes,2022-03-10,Akron,Charlotte,394.0
F3789050,167,15:06,16:38,1 hours 32 minutes,2022-03-10,Akron,Charlotte,394.0
F3792229,161,06:34,08:16,1 hours 42 minutes,2022-03-10,Akron,Charlotte,394.0
F3558277,426,05:55,08:29,2 hours 34 minutes,2022-03-02,Tampa,Cleveland,927.0
F3558527,393,17:33,20:06,2 hours 33 minutes,2022-03-02,Tampa,Cleveland,927.0
F3612664,347,05:44,08:13,2 hours 29 minutes,2022-03-02,Tampa,Cleveland,927.0
F3915073,326,10:37,12:59,2 hours 22 minutes,2022-03-02,Tampa,Cleveland,927.0
F3559247,198,21:20,23:34,2 hours 14 minutes,2022-03-04,Cleveland,Tampa,927.0
F3623037,421,08:40,10:57,2 hours 17 minutes,2022-03-04,Cleveland,Tampa,927.0
F3905043,336,07:19,09:36,2 hours 17 minutes,2022-03-04,Cleveland,Tampa,927.0
F3802580,210,16:25,19:01,1 hours 36 minutes,2022-03-11,San Luis Obispo,Phoenix,509.0
F3802597,211,12:16,14:54,1 hours 38 minutes,2022-03-11,San Luis Obispo,Phoenix,509.0
F3802629,210,06:05,08:41,1 hours 36 minutes,2022-03-11,San Luis Obispo,Phoenix,509.0
F3813738,106,13:54,15:29,1 hours 35 minutes,2022-03-13,Phoenix,San Luis Obispo,509.0
F3813755,252,09:43,11:28,1 hours 45 minutes,2022-03-13,Phoenix,San Luis Obispo,509.0
F3813835,247,20:38,22:03,1 hours 25 minutes,2022-03-13,Phoenix,San Luis Obispo,509.0
F3796676,264,14:37,15:33,1 hours 56 minutes,2022-03-02,Washington,Montgomery,693.0
F3634688,229,16:18,19:38,2 hours 20 minutes,2022-03-04,Montgomery,Washington,693.0
F3589776,271,18:20,20:48,3 hours 28 minutes,2022-03-22,Chicago,El Paso,1236.0
F3601506,432,10:12,12:24,3 hours 12 minutes,2022-03-22,Chicago,El Paso,1236.0
F3824676,422,09:21,12:03,3 hours 42 minutes,2022-03-22,Chicago,El Paso,1236.0
F3592702,591,05:25,09:45,3 hours 20 minutes,2022-03-24,El Paso,Chicago,1236.0
F3595416,451,14:54,19:18,3 hours 24 minutes,2022-03-24,El Paso,Chicago,1236.0
F3854659,542,12:51,17:17,3 hours 26 minutes,2022-03-24,El Paso,Chicago,1236.0
F3614767,845,00:25,05:57,3 hours 32 minutes,2022-03-19,Denver,Fort Lauderdale,1703.0
F3615331,369,16:30,22:03,3 hours 33 minutes,2022-03-19,Denver,Fort Lauderdale,1703.0
F3899820,483,10:05,16:05,4 hours 0 minutes,2022-03-19,Denver,Fort Lauderdale,1703.0
F3907534,356,17:29,23:03,3 hours 34 minutes,2022-03-19,Denver,Fort Lauderdale,1703.0
F3907717,408,08:57,14:54,3 hours 57 minutes,2022-03-19,Denver,Fort Lauderdale,1703.0
F4030186,511,19:28,00:54,3 hours 26 minutes,2022-03-19,Denver,Fort Lauderdale,1703.0
F4030187,621,06:33,12:25,3 hours 52 minutes,2022-03-19,Denver,Fort Lauderdale,1703.0
F3614708,836,20:59,23:29,4 hours 30 minutes,2022-03-21,Fort Lauderdale,Denver,1703.0
F3615302,458,13:04,15:18,4 hours 14 minutes,2022-03-21,Fort Lauderdale,Denver,1703.0
F3897166,437,07:46,10:22,4 hours 36 minutes,2022-03-21,Fort Lauderdale,Denver,1703.0
F3897214,625,09:42,11:57,4 hours 15 minutes,2022-03-21,Fort Lauderdale,Denver,1703.0
F3897476,625,15:29,18:06,4 hours 37 minutes,2022-03-21,Fort Lauderdale,Denver,1703.0
F3956314,693,17:47,20:10,4 hours 23 minutes,2022-03-21,Fort Lauderdale,Denver,1703.0
F3621465,218,11:08,13:48,2 hours 40 minutes,2022-03-21,Atlantic City,Miami,998.0
F3534328,620,07:18,13:01,3 hours 43 minutes,2022-03-07,Sacramento,Minneapolis,1517.0
F3513575,332,20:00,21:49,3 hours 49 minutes,2022-03-09,Minneapolis,Sacramento,1517.0
F3913982,569,09:06,11:47,4 hours 41 minutes,2022-03-02,Chicago,Sacramento,1781.0
F3940030,678,16:20,18:41,4 hours 21 minutes,2022-03-02,Chicago,Sacramento,1790.0
F3903582,723,10:53,16:54,4 hours 1 minutes,2022-03-04,Sacramento,Chicago,1781.0
F4028207,144,19:08,20:36,1 hours 28 minutes,2022-03-18,Oakland,Eugene,445.0
F4028208,154,10:58,12:25,1 hours 27 minutes,2022-03-18,Oakland,Eugene,445.0
F3952764,176,06:42,08:11,1 hours 29 minutes,2022-03-20,Eugene,Oakland,445.0
F3952765,211,17:16,18:42,1 hours 26 minutes,2022-03-20,Eugene,Oakland,445.0
F3557894,310,20:59,23:54,2 hours 55 minutes,2022-03-01,Newburgh,Tampa,1047.0
F3558964,476,14:03,17:01,2 hours 58 minutes,2022-03-03,Tampa,Newburgh,1047.0
F3562898,373,14:30,17:09,2 hours 39 minutes,2022-03-13,Grand Rapids,Tampa,1041.0
F3563806,503,10:30,13:11,2 hours 41 minutes,2022-03-15,Tampa,Grand Rapids,1041.0
F3490093,25,11:51,12:37,0 hours 46 minutes,2022-03-26,Chattanooga,Atlanta,106.0
F3520177,40,05:36,06:20,0 hours 44 minutes,2022-03-26,Chattanooga,Atlanta,106.0
F3642314,31,14:07,14:53,0 hours 46 minutes,2022-03-26,Chattanooga,Atlanta,106.0
F3644465,27,17:44,18:33,0 hours 49 minutes,2022-03-26,Chattanooga,Atlanta,106.0
F3780275,32,06:57,07:40,0 hours 43 minutes,2022-03-26,Chattanooga,Atlanta,106.0
F3518424,24,17:29,18:07,0 hours 38 minutes,2022-03-28,Atlanta,Chattanooga,106.0
F3520438,27,19:51,20:31,0 hours 40 minutes,2022-03-28,Atlanta,Chattanooga,106.0
F3540845,29,10:01,10:41,0 hours 40 minutes,2022-03-28,Atlanta,Chattanooga,106.0
F3541100,40,15:05,15:44,0 hours 39 minutes,2022-03-28,Atlanta,Chattanooga,106.0
F3648428,52,12:48,13:34,0 hours 46 minutes,2022-03-28,Atlanta,Chattanooga,106.0
F3652824,51,08:21,09:08,0 hours 47 minutes,2022-03-28,Atlanta,Chattanooga,106.0
F3781278,33,23:00,23:40,0 hours 40 minutes,2022-03-28,Atlanta,Chattanooga,106.0
F3729349,131,06:41,08:01,1 hours 20 minutes,2022-03-19,Manchester,Philadelphia,289.0
F3733450,139,16:43,18:03,1 hours 20 minutes,2022-03-19,Manchester,Philadelphia,289.0
F3729145,97,20:06,21:34,1 hours 28 minutes,2022-03-21,Philadelphia,Manchester,289.0
F3733994,84,09:36,11:04,1 hours 28 minutes,2022-03-21,Philadelphia,Manchester,289.0
F3786355,68,15:03,16:14,1 hours 11 minutes,2022-03-21,Philadelphia,Manchester,289.0
F3650981,125,20:50,21:07,1 hours 17 minutes,2022-03-24,Detroit,Mosinee,363.0
F3647544,152,06:26,08:57,1 hours 31 minutes,2022-03-26,Mosinee,Detroit,363.0
F3843723,558,16:31,19:12,3 hours 41 minutes,2022-03-26,Houston,Boise,1482.0
F3857002,449,06:28,10:50,3 hours 22 minutes,2022-03-28,Boise,Houston,1482.0
F3734859,98,09:40,11:32,1 hours 52 minutes,2022-03-25,Philadelphia,Cleveland,363.0
F3783691,155,21:59,23:30,1 hours 31 minutes,2022-03-25,Philadelphia,Cleveland,363.0
F3786510,77,14:38,15:55,1 hours 17 minutes,2022-03-25,Philadelphia,Cleveland,363.0
F3734836,98,15:02,16:33,1 hours 31 minutes,2022-03-27,Cleveland,Philadelphia,363.0
F3786491,169,16:11,17:38,1 hours 27 minutes,2022-03-27,Cleveland,Philadelphia,363.0
F3791519,102,07:42,09:55,2 hours 13 minutes,2022-03-27,Cleveland,Philadelphia,363.0
F3896138,684,15:54,17:59,4 hours 5 minutes,2022-03-22,Syracuse,Denver,1492.0
F3885503,415,09:46,14:57,3 hours 11 minutes,2022-03-24,Denver,Syracuse,1492.0
F3495400,218,22:39,23:34,1 hours 55 minutes,2022-03-04,Salt Lake City,San Jose,584.0
F3503842,263,15:33,16:29,1 hours 56 minutes,2022-03-04,Salt Lake City,San Jose,584.0
F3523663,238,11:15,11:58,1 hours 43 minutes,2022-03-04,Salt Lake City,San Jose,584.0
F3550767,272,10:05,11:02,1 hours 57 minutes,2022-03-04,Salt Lake City,San Jose,584.0
F3970321,189,14:11,15:08,1 hours 57 minutes,2022-03-04,Salt Lake City,San Jose,584.0
F3498465,127,14:41,17:24,1 hours 43 minutes,2022-03-06,San Jose,Salt Lake City,584.0
F3503843,286,17:06,19:54,1 hours 48 minutes,2022-03-06,San Jose,Salt Lake City,584.0
F3538594,163,05:47,08:41,1 hours 54 minutes,2022-03-06,San Jose,Salt Lake City,584.0
F3550770,168,10:50,13:36,1 hours 46 minutes,2022-03-06,San Jose,Salt Lake City,584.0
F3996402,214,11:52,15:28,2 hours 36 minutes,2022-03-06,San Jose,Salt Lake City,584.0
F3972005,232,12:03,12:21,2 hours 18 minutes,2022-03-05,Midland,Las Vegas,795.0
F3998205,361,13:42,17:31,1 hours 49 minutes,2022-03-07,Las Vegas,Midland,795.0
F3550933,273,09:40,11:31,1 hours 51 minutes,2022-03-25,Raleigh,Tampa,587.0
F3551546,175,17:10,18:55,1 hours 45 minutes,2022-03-25,Raleigh,Tampa,587.0
F4014701,282,21:45,23:26,1 hours 41 minutes,2022-03-25,Raleigh,Tampa,587.0
F4014702,172,06:12,08:03,1 hours 51 minutes,2022-03-25,Raleigh,Tampa,587.0
F4056736,178,06:55,08:58,2 hours 3 minutes,2022-03-25,Raleigh,Tampa,587.0
F3493667,150,12:35,14:13,1 hours 38 minutes,2022-03-27,Tampa,Raleigh,587.0
F3551551,164,19:54,21:46,1 hours 52 minutes,2022-03-27,Tampa,Raleigh,587.0
F3568742,205,07:11,08:58,1 hours 47 minutes,2022-03-27,Tampa,Raleigh,587.0
F4037256,226,17:15,18:49,1 hours 34 minutes,2022-03-27,Tampa,Raleigh,587.0
F4037257,138,06:59,08:38,1 hours 39 minutes,2022-03-27,Tampa,Raleigh,587.0
F4054848,190,20:46,22:36,1 hours 50 minutes,2022-03-27,Tampa,Raleigh,587.0
F3582140,341,11:12,14:51,3 hours 39 minutes,2022-03-25,Plattsburgh,Fort Lauderdale,1334.0
F3993276,152,16:14,17:34,1 hours 20 minutes,2022-03-05,San Jose,Las Vegas,386.0
F3993277,169,13:25,14:43,1 hours 18 minutes,2022-03-05,San Jose,Las Vegas,386.0
F3993278,165,21:16,22:35,1 hours 19 minutes,2022-03-05,San Jose,Las Vegas,386.0
F3993279,160,07:09,08:37,1 hours 28 minutes,2022-03-05,San Jose,Las Vegas,386.0
F3993280,180,08:54,10:30,1 hours 36 minutes,2022-03-05,San Jose,Las Vegas,386.0
F3998275,114,09:45,11:03,1 hours 18 minutes,2022-03-07,Las Vegas,San Jose,386.0
F3998276,161,22:14,23:44,1 hours 30 minutes,2022-03-07,Las Vegas,San Jose,386.0
F3998277,170,17:37,18:57,1 hours 20 minutes,2022-03-07,Las Vegas,San Jose,386.0
F3998278,119,11:04,12:20,1 hours 16 minutes,2022-03-07,Las Vegas,San Jose,386.0
F3998279,189,22:08,23:23,1 hours 15 minutes,2022-03-07,Las Vegas,San Jose,386.0
F3998280,84,14:06,15:27,1 hours 21 minutes,2022-03-07,Las Vegas,San Jose,386.0
F3998281,154,08:10,09:29,1 hours 19 minutes,2022-03-07,Las Vegas,San Jose,386.0
F3593389,617,08:37,10:58,3 hours 21 minutes,2022-03-20,Dallas,Boise,1272.0
F4047154,342,18:52,21:05,3 hours 13 minutes,2022-03-20,Dallas,Boise,1272.0
F3593360,285,11:32,15:41,3 hours 9 minutes,2022-03-22,Boise,Dallas,1272.0
F4047245,272,05:58,10:17,3 hours 19 minutes,2022-03-22,Boise,Dallas,1272.0
F3580519,190,08:54,10:33,1 hours 39 minutes,2022-03-06,Charleston,Cincinnati,497.0
F4004351,563,06:43,08:59,5 hours 16 minutes,2022-03-16,Baltimore,San Diego,2295.0
F4028722,536,16:21,00:05,4 hours 44 minutes,2022-03-18,San Diego,Baltimore,2295.0
F3648393,70,15:09,16:52,1 hours 43 minutes,2022-03-18,New York,Charlottesville,305.0
F3651731,86,21:56,23:19,1 hours 23 minutes,2022-03-18,New York,Charlottesville,305.0
F4050091,123,06:44,07:53,1 hours 9 minutes,2022-03-18,New York,Charlottesville,305.0
F4050153,151,17:07,18:20,1 hours 13 minutes,2022-03-18,New York,Charlottesville,305.0
F3648366,143,17:29,19:07,1 hours 38 minutes,2022-03-20,Charlottesville,New York,305.0
F3653193,108,10:11,11:31,1 hours 20 minutes,2022-03-20,Charlottesville,New York,305.0
F4050062,125,09:25,10:31,1 hours 6 minutes,2022-03-20,Charlottesville,New York,305.0
F4050124,145,19:18,20:31,1 hours 13 minutes,2022-03-20,Charlottesville,New York,305.0
F3686773,401,08:59,12:20,3 hours 21 minutes,2022-03-28,Charlotte,Charlotte Amalie,1520.0
F3702741,537,11:13,14:36,3 hours 23 minutes,2022-03-28,Charlotte,Charlotte Amalie,1520.0
F3661405,627,13:15,17:09,3 hours 54 minutes,2022-03-30,Charlotte Amalie,Charlotte,1520.0
F3702774,625,15:29,19:29,4 hours 0 minutes,2022-03-30,Charlotte Amalie,Charlotte,1520.0
F3760513,24,09:04,09:46,0 hours 42 minutes,2022-03-19,Charlotte Amalie,San Juan,68.0
F3766757,27,17:56,18:32,0 hours 36 minutes,2022-03-19,Charlotte Amalie,San Juan,68.0
F3767665,32,11:36,12:16,0 hours 40 minutes,2022-03-19,Charlotte Amalie,San Juan,68.0
F3775248,29,13:00,13:49,0 hours 49 minutes,2022-03-19,Charlotte Amalie,San Juan,68.0
F3775473,26,16:56,17:34,0 hours 38 minutes,2022-03-19,Charlotte Amalie,San Juan,68.0
F3762820,21,07:49,08:20,0 hours 31 minutes,2022-03-21,San Juan,Charlotte Amalie,68.0
F3770748,14,16:51,17:24,0 hours 33 minutes,2022-03-21,San Juan,Charlotte Amalie,68.0
F3854245,306,19:09,22:21,2 hours 12 minutes,2022-03-24,Los Angeles,Colorado Springs,833.0
F3843773,231,06:52,08:27,2 hours 35 minutes,2022-03-26,Colorado Springs,Los Angeles,833.0
F3562079,221,09:26,12:11,2 hours 45 minutes,2022-03-11,Orlando,Columbus,802.0
F3613446,260,11:10,13:17,2 hours 7 minutes,2022-03-11,Orlando,Columbus,802.0
F3945642,356,07:39,09:56,2 hours 17 minutes,2022-03-11,Orlando,Columbus,802.0
F3945643,378,19:16,21:17,2 hours 1 minutes,2022-03-11,Orlando,Columbus,802.0
F3945644,246,15:45,18:17,2 hours 32 minutes,2022-03-11,Orlando,Columbus,802.0
F3613472,321,17:25,19:45,2 hours 20 minutes,2022-03-13,Columbus,Orlando,802.0
F3616431,368,05:04,07:12,2 hours 8 minutes,2022-03-13,Columbus,Orlando,802.0
F3973802,357,21:37,23:39,2 hours 2 minutes,2022-03-13,Columbus,Orlando,802.0
F3973803,299,18:19,20:20,2 hours 1 minutes,2022-03-13,Columbus,Orlando,802.0
F3973804,275,10:09,12:09,2 hours 0 minutes,2022-03-13,Columbus,Orlando,802.0
F3973805,301,05:05,07:50,2 hours 45 minutes,2022-03-13,Columbus,Orlando,802.0
F3575726,491,11:15,15:20,3 hours 5 minutes,2022-03-06,Appleton,Punta Gorda,1250.0
F3562142,551,12:38,16:02,3 hours 24 minutes,2022-03-11,Rochester,Fort Lauderdale,1183.0
F3745616,885,17:03,19:42,5 hours 39 minutes,2022-03-17,Orlando,San Diego,2149.0
F3746874,933,08:02,15:46,4 hours 44 minutes,2022-03-19,San Diego,Orlando,2149.0
F4028321,267,06:59,07:37,2 hours 38 minutes,2022-03-18,Omaha,Las Vegas,1099.0
F4028322,496,13:02,13:45,2 hours 43 minutes,2022-03-18,Omaha,Las Vegas,1099.0
F3577138,544,06:06,10:35,2 hours 29 minutes,2022-03-20,Las Vegas,Omaha,1099.0
F3953212,394,16:10,20:42,2 hours 32 minutes,2022-03-20,Las Vegas,Omaha,1099.0
F3953213,445,08:17,13:17,3 hours 0 minutes,2022-03-20,Las Vegas,Omaha,1099.0
F3838873,420,06:50,08:25,2 hours 35 minutes,2022-03-20,Cincinnati,Houston,871.0
F3952277,434,12:56,14:27,2 hours 31 minutes,2022-03-20,Cincinnati,Houston,886.0
F4040604,369,18:48,20:17,2 hours 29 minutes,2022-03-20,Cincinnati,Houston,871.0
F3673869,99,08:36,09:41,1 hours 5 minutes,2022-03-22,Houston,Dallas,224.0
F3718968,57,14:43,15:50,1 hours 7 minutes,2022-03-22,Houston,Dallas,224.0
F3719082,77,17:57,19:06,1 hours 9 minutes,2022-03-22,Houston,Dallas,224.0
F3723243,87,10:23,11:31,1 hours 8 minutes,2022-03-22,Houston,Dallas,224.0
F3723741,99,14:37,15:41,1 hours 4 minutes,2022-03-22,Houston,Dallas,224.0
F3844420,66,10:06,11:22,1 hours 16 minutes,2022-03-22,Houston,Dallas,224.0
F3844421,74,12:13,13:30,1 hours 17 minutes,2022-03-22,Houston,Dallas,224.0
F3895178,102,14:30,15:38,1 hours 8 minutes,2022-03-22,Houston,Dallas,224.0
F3895658,62,21:36,22:41,1 hours 5 minutes,2022-03-22,Houston,Dallas,224.0
F3895840,102,16:34,17:44,1 hours 10 minutes,2022-03-22,Houston,Dallas,224.0
F3982665,51,13:36,14:50,1 hours 14 minutes,2022-03-22,Houston,Dallas,239.0
F3982666,89,16:38,17:34,0 hours 56 minutes,2022-03-22,Houston,Dallas,239.0
F3982667,106,17:20,18:16,0 hours 56 minutes,2022-03-22,Houston,Dallas,239.0
F3982668,88,18:44,19:45,1 hours 1 minutes,2022-03-22,Houston,Dallas,239.0
F3982669,79,20:04,20:56,0 hours 52 minutes,2022-03-22,Houston,Dallas,239.0
F3982670,49,00:15,01:00,0 hours 45 minutes,2022-03-22,Houston,Dallas,239.0
F3982671,104,06:11,07:46,1 hours 35 minutes,2022-03-22,Houston,Dallas,239.0
F3982767,104,18:24,19:28,1 hours 4 minutes,2022-03-22,Houston,Dallas,216.0
F3982768,87,07:44,08:36,0 hours 52 minutes,2022-03-22,Houston,Dallas,216.0
F3982769,63,21:00,22:06,1 hours 6 minutes,2022-03-22,Houston,Dallas,216.0
F3982770,103,13:34,15:03,1 hours 29 minutes,2022-03-22,Houston,Dallas,216.0
F3982771,58,23:47,00:47,1 hours 0 minutes,2022-03-22,Houston,Dallas,216.0
F4040185,77,19:18,20:29,1 hours 11 minutes,2022-03-22,Houston,Dallas,224.0
F4044038,96,06:13,07:57,1 hours 44 minutes,2022-03-22,Houston,Dallas,247.0
F4047217,93,16:31,17:41,1 hours 10 minutes,2022-03-22,Houston,Dallas,247.0
F4047590,79,10:37,11:42,1 hours 5 minutes,2022-03-22,Houston,Dallas,247.0
F3591241,250,18:34,21:50,2 hours 16 minutes,2022-03-24,Dallas,Cincinnati,812.0
F3721372,235,15:53,18:56,2 hours 3 minutes,2022-03-24,Dallas,Cincinnati,812.0
F3727774,337,11:50,15:05,2 hours 15 minutes,2022-03-24,Dallas,Cincinnati,812.0
F4025316,299,14:13,15:11,2 hours 58 minutes,2022-03-17,San Antonio,San Diego,1129.0
F3811816,36,10:52,11:42,0 hours 50 minutes,2022-03-19,San Diego,Los Angeles,109.0
F3811838,44,06:31,07:28,0 hours 57 minutes,2022-03-19,San Diego,Los Angeles,109.0
F3831795,27,06:12,07:12,1 hours 0 minutes,2022-03-19,San Diego,Los Angeles,109.0
F3508505,343,10:27,15:16,2 hours 49 minutes,2022-03-21,Los Angeles,San Antonio,1211.0
F3508884,260,18:13,22:53,2 hours 40 minutes,2022-03-21,Los Angeles,San Antonio,1211.0
F3801860,546,10:15,15:05,2 hours 50 minutes,2022-03-21,Los Angeles,San Antonio,1211.0
F3973475,485,09:14,11:22,4 hours 8 minutes,2022-03-13,Nashville,San Diego,1751.0
F3838375,45,10:56,11:48,0 hours 52 minutes,2022-03-15,San Diego,Los Angeles,109.0
F3838400,47,06:32,07:30,0 hours 58 minutes,2022-03-15,San Diego,Los Angeles,109.0
F3847298,24,06:13,08:06,1 hours 53 minutes,2022-03-15,San Diego,Los Angeles,109.0
F3507115,529,17:46,23:27,3 hours 41 minutes,2022-03-17,Los Angeles,Nashville,1797.0
F3507338,850,09:47,15:32,3 hours 45 minutes,2022-03-17,Los Angeles,Nashville,1797.0
F3611905,848,05:51,11:48,3 hours 57 minutes,2022-03-17,Los Angeles,Nashville,1797.0
F3713493,395,23:39,05:33,3 hours 54 minutes,2022-03-17,Los Angeles,Nashville,1797.0
F4024041,529,19:37,01:19,3 hours 42 minutes,2022-03-17,Los Angeles,Nashville,1797.0
F3609474,99,04:59,06:04,1 hours 5 minutes,2022-03-26,Amarillo,Dallas,312.0
F4015423,124,05:51,06:55,1 hours 4 minutes,2022-03-26,Amarillo,Dallas,323.0
F4015424,127,14:19,15:35,1 hours 16 minutes,2022-03-26,Amarillo,Dallas,323.0
F4046373,108,12:15,13:25,1 hours 10 minutes,2022-03-26,Amarillo,Dallas,312.0
F3667564,71,07:20,08:20,1 hours 0 minutes,2022-03-28,Dallas,Houston,224.0
F3710139,49,21:45,22:46,1 hours 1 minutes,2022-03-28,Dallas,Houston,224.0
F3710255,111,18:52,20:00,1 hours 8 minutes,2022-03-28,Dallas,Houston,224.0
F3718943,56,10:18,11:19,1 hours 1 minutes,2022-03-28,Dallas,Houston,224.0
F3719057,48,15:25,16:28,1 hours 3 minutes,2022-03-28,Dallas,Houston,224.0
F3723221,81,08:31,09:33,1 hours 2 minutes,2022-03-28,Dallas,Houston,224.0
F3723716,50,12:35,13:34,0 hours 59 minutes,2022-03-28,Dallas,Houston,224.0
F3856744,91,19:12,20:29,1 hours 17 minutes,2022-03-28,Dallas,Houston,224.0
F3871726,83,05:12,06:09,0 hours 57 minutes,2022-03-28,Dallas,Houston,224.0
F3872248,52,14:09,15:05,0 hours 56 minutes,2022-03-28,Dallas,Houston,224.0
F3872259,76,07:03,08:08,1 hours 5 minutes,2022-03-28,Dallas,Houston,224.0
F3872289,95,17:30,18:34,1 hours 4 minutes,2022-03-28,Dallas,Houston,224.0
F3872366,56,15:47,16:51,1 hours 4 minutes,2022-03-28,Dallas,Houston,224.0
F3872406,73,09:55,11:03,1 hours 8 minutes,2022-03-28,Dallas,Houston,224.0
F4038052,48,08:07,09:10,1 hours 3 minutes,2022-03-28,Dallas,Houston,239.0
F4038053,74,12:55,14:04,1 hours 9 minutes,2022-03-28,Dallas,Houston,239.0
F4038054,51,14:04,15:11,1 hours 7 minutes,2022-03-28,Dallas,Houston,239.0
F4038055,53,15:32,16:39,1 hours 7 minutes,2022-03-28,Dallas,Houston,239.0
F4038056,66,17:47,18:52,1 hours 5 minutes,2022-03-28,Dallas,Houston,239.0
F4038057,50,18:56,20:10,1 hours 14 minutes,2022-03-28,Dallas,Houston,239.0
F4038058,87,20:39,21:39,1 hours 0 minutes,2022-03-28,Dallas,Houston,239.0
F4038059,75,22:11,23:08,0 hours 57 minutes,2022-03-28,Dallas,Houston,239.0
F4038060,81,06:33,07:35,1 hours 2 minutes,2022-03-28,Dallas,Houston,239.0
F4038062,84,07:56,08:51,0 hours 55 minutes,2022-03-28,Dallas,Houston,216.0
F4038063,68,06:07,07:11,1 hours 4 minutes,2022-03-28,Dallas,Houston,216.0
F4038064,80,11:29,12:21,0 hours 52 minutes,2022-03-28,Dallas,Houston,216.0
F4038065,46,13:30,14:26,0 hours 56 minutes,2022-03-28,Dallas,Houston,216.0
F4038066,98,20:10,20:59,0 hours 49 minutes,2022-03-28,Dallas,Houston,216.0
F4038067,89,18:09,19:05,0 hours 56 minutes,2022-03-28,Dallas,Houston,216.0
F4045572,108,10:30,12:00,1 hours 30 minutes,2022-03-28,Dallas,Houston,247.0
F4046258,94,19:17,20:37,1 hours 20 minutes,2022-03-28,Dallas,Houston,247.0
F4047193,88,14:28,15:37,1 hours 9 minutes,2022-03-28,Dallas,Houston,247.0
F4047565,55,08:29,09:34,1 hours 5 minutes,2022-03-28,Dallas,Houston,247.0
F3812006,224,20:20,22:06,1 hours 46 minutes,2022-03-30,Houston,Amarillo,517.0
F3812073,168,10:18,13:50,3 hours 32 minutes,2022-03-30,Houston,Amarillo,517.0
F3575748,531,22:49,23:58,3 hours 9 minutes,2022-03-16,Sioux Falls,Phoenix,1072.0
F4045477,410,18:40,19:26,2 hours 46 minutes,2022-03-16,Sioux Falls,Phoenix,1081.0
F3804854,42,08:49,09:47,0 hours 58 minutes,2022-03-18,Phoenix,Flagstaff,119.0
F3804999,49,16:46,17:38,0 hours 52 minutes,2022-03-18,Phoenix,Flagstaff,119.0
F3805049,43,13:42,14:26,0 hours 44 minutes,2022-03-18,Phoenix,Flagstaff,119.0
F3805093,59,21:58,22:34,0 hours 36 minutes,2022-03-18,Phoenix,Flagstaff,119.0
F3742555,383,17:33,23:50,4 hours 17 minutes,2022-03-12,Seattle,Houston,1874.0
F3742646,895,08:18,14:18,4 hours 0 minutes,2022-03-12,Seattle,Houston,1874.0
F3877223,527,11:50,18:01,4 hours 11 minutes,2022-03-12,Seattle,Houston,1874.0
F3877238,632,17:15,23:23,4 hours 8 minutes,2022-03-12,Seattle,Houston,1874.0
F3877741,597,07:10,13:11,4 hours 1 minutes,2022-03-12,Seattle,Houston,1874.0
F3873840,84,12:05,13:35,1 hours 30 minutes,2022-03-14,Houston,San Antonio,191.0
F3874336,80,16:14,17:10,0 hours 56 minutes,2022-03-14,Houston,San Antonio,191.0
F3874353,47,20:50,22:14,1 hours 24 minutes,2022-03-14,Houston,San Antonio,191.0
F3874394,75,14:30,15:20,0 hours 50 minutes,2022-03-14,Houston,San Antonio,191.0
F3978060,91,15:13,16:00,0 hours 47 minutes,2022-03-14,Houston,San Antonio,192.0
F3978061,87,08:31,09:26,0 hours 55 minutes,2022-03-14,Houston,San Antonio,192.0
F3978062,91,20:59,21:53,0 hours 54 minutes,2022-03-14,Houston,San Antonio,192.0
F3978063,56,11:56,12:46,0 hours 50 minutes,2022-03-14,Houston,San Antonio,192.0
F3978064,87,23:19,00:05,0 hours 46 minutes,2022-03-14,Houston,San Antonio,192.0
F4039020,67,18:17,19:37,1 hours 20 minutes,2022-03-14,Houston,San Antonio,191.0
F4039919,45,10:17,11:22,1 hours 5 minutes,2022-03-14,Houston,San Antonio,191.0
F3744881,702,18:35,20:58,4 hours 23 minutes,2022-03-16,San Antonio,Seattle,1774.0
F3689050,329,07:32,09:31,2 hours 59 minutes,2022-03-12,Charlotte,Houston,912.0
F3690435,244,23:01,00:39,2 hours 38 minutes,2022-03-12,Charlotte,Houston,912.0
F3718534,342,14:23,16:06,2 hours 43 minutes,2022-03-12,Charlotte,Houston,912.0
F4042812,338,06:33,08:28,2 hours 55 minutes,2022-03-12,Charlotte,Houston,912.0
F4043154,247,12:49,14:46,2 hours 57 minutes,2022-03-12,Charlotte,Houston,912.0
F3667572,64,09:23,10:34,1 hours 11 minutes,2022-03-14,Houston,Dallas,224.0
F3673861,80,07:41,09:21,1 hours 40 minutes,2022-03-14,Houston,Dallas,224.0
F3718960,82,12:11,13:44,1 hours 33 minutes,2022-03-14,Houston,Dallas,224.0
F3719074,87,18:41,21:57,3 hours 16 minutes,2022-03-14,Houston,Dallas,224.0
F3723236,46,10:18,11:48,1 hours 30 minutes,2022-03-14,Houston,Dallas,224.0
F3723680,63,05:03,06:15,1 hours 12 minutes,2022-03-14,Houston,Dallas,224.0
F3723733,47,14:39,16:00,1 hours 21 minutes,2022-03-14,Houston,Dallas,224.0
F3726145,85,06:09,07:32,1 hours 23 minutes,2022-03-14,Houston,Dallas,224.0
F3821998,84,12:12,13:23,1 hours 11 minutes,2022-03-14,Houston,Dallas,224.0
F3821999,51,10:08,11:20,1 hours 12 minutes,2022-03-14,Houston,Dallas,224.0
F3874367,57,14:17,15:16,0 hours 59 minutes,2022-03-14,Houston,Dallas,224.0
F3874851,107,21:04,22:45,1 hours 41 minutes,2022-03-14,Houston,Dallas,224.0
F3875036,78,16:28,18:16,1 hours 48 minutes,2022-03-14,Houston,Dallas,224.0
F3977979,103,06:59,07:55,0 hours 56 minutes,2022-03-14,Houston,Dallas,239.0
F3977980,94,08:27,09:25,0 hours 58 minutes,2022-03-14,Houston,Dallas,239.0
F3977981,107,10:32,11:29,0 hours 57 minutes,2022-03-14,Houston,Dallas,239.0
F3977982,98,12:44,13:52,1 hours 8 minutes,2022-03-14,Houston,Dallas,239.0
F3977983,48,14:52,15:52,1 hours 0 minutes,2022-03-14,Houston,Dallas,239.0
F3977984,64,21:21,23:33,2 hours 12 minutes,2022-03-14,Houston,Dallas,239.0
F3977986,78,00:03,01:08,1 hours 5 minutes,2022-03-14,Houston,Dallas,239.0
F3977987,92,06:12,07:07,0 hours 55 minutes,2022-03-14,Houston,Dallas,239.0
F3978094,44,21:05,22:31,1 hours 26 minutes,2022-03-14,Houston,Dallas,216.0
F3978095,96,05:32,06:28,0 hours 56 minutes,2022-03-14,Houston,Dallas,216.0
F3978096,50,13:15,14:05,0 hours 50 minutes,2022-03-14,Houston,Dallas,216.0
F3978097,77,08:14,09:08,0 hours 54 minutes,2022-03-14,Houston,Dallas,216.0
F3978098,45,22:31,00:30,1 hours 59 minutes,2022-03-14,Houston,Dallas,216.0
F4039014,63,20:56,22:45,1 hours 49 minutes,2022-03-14,Houston,Dallas,224.0
F4044030,120,06:22,07:52,1 hours 30 minutes,2022-03-14,Houston,Dallas,247.0
F4045200,56,04:58,06:14,1 hours 16 minutes,2022-03-14,Houston,Dallas,247.0
F4045584,56,12:23,13:42,1 hours 19 minutes,2022-03-14,Houston,Dallas,247.0
F4047582,96,10:20,11:36,1 hours 16 minutes,2022-03-14,Houston,Dallas,247.0
F3660078,290,08:45,12:15,2 hours 30 minutes,2022-03-16,Dallas,Charlotte,936.0
F3669368,288,10:28,14:04,2 hours 36 minutes,2022-03-16,Dallas,Charlotte,936.0
F3680826,329,04:57,08:12,2 hours 15 minutes,2022-03-16,Dallas,Charlotte,936.0
F3684448,463,13:12,16:29,2 hours 17 minutes,2022-03-16,Dallas,Charlotte,936.0
F3684768,258,12:15,15:39,2 hours 24 minutes,2022-03-16,Dallas,Charlotte,936.0
F3688101,376,20:32,23:59,2 hours 27 minutes,2022-03-16,Dallas,Charlotte,936.0
F3693245,369,16:50,20:15,2 hours 25 minutes,2022-03-16,Dallas,Charlotte,936.0
F3694248,316,06:57,10:14,2 hours 17 minutes,2022-03-16,Dallas,Charlotte,936.0
F3700532,453,15:03,18:22,2 hours 19 minutes,2022-03-16,Dallas,Charlotte,936.0
F3703321,442,19:06,22:34,2 hours 28 minutes,2022-03-16,Dallas,Charlotte,936.0
F3703762,465,21:06,00:18,2 hours 12 minutes,2022-03-16,Dallas,Charlotte,936.0
F4004489,369,15:46,19:13,2 hours 27 minutes,2022-03-16,Dallas,Charlotte,926.0
F3569077,242,09:24,12:13,2 hours 49 minutes,2022-03-27,Tampa,Grand Rapids,1041.0
F3497288,58,14:15,14:52,0 hours 37 minutes,2022-03-29,Grand Rapids,Detroit,120.0
F3522194,36,05:09,06:03,0 hours 54 minutes,2022-03-29,Grand Rapids,Detroit,120.0
F3540698,54,18:12,18:56,0 hours 44 minutes,2022-03-29,Grand Rapids,Detroit,120.0
F3545304,36,10:37,11:24,0 hours 47 minutes,2022-03-29,Grand Rapids,Detroit,120.0
F3500587,464,14:09,17:11,3 hours 2 minutes,2022-03-31,Detroit,Tampa,983.0
F3513766,459,08:24,11:09,2 hours 45 minutes,2022-03-31,Detroit,Tampa,983.0
F3516722,417,16:21,19:19,2 hours 58 minutes,2022-03-31,Detroit,Tampa,983.0
F3521008,336,07:05,09:47,2 hours 42 minutes,2022-03-31,Detroit,Tampa,983.0
F3528707,286,22:03,01:01,2 hours 58 minutes,2022-03-31,Detroit,Tampa,983.0
F3537488,199,21:24,00:43,3 hours 19 minutes,2022-03-31,Detroit,Tampa,983.0
F3612624,456,19:07,22:15,3 hours 8 minutes,2022-03-31,Detroit,Tampa,983.0
F3623869,258,12:05,14:43,2 hours 38 minutes,2022-03-31,Detroit,Tampa,983.0
F3626587,234,07:05,09:52,2 hours 47 minutes,2022-03-31,Detroit,Tampa,983.0
F3602710,139,08:26,09:50,1 hours 24 minutes,2022-03-11,Dallas,Kansas City,460.0
F3667529,208,15:52,17:09,1 hours 17 minutes,2022-03-11,Dallas,Kansas City,460.0
F3689336,173,18:06,19:29,1 hours 23 minutes,2022-03-11,Dallas,Kansas City,460.0
F3698900,213,19:34,21:49,2 hours 15 minutes,2022-03-11,Dallas,Kansas City,460.0
F3711653,187,20:55,22:25,1 hours 30 minutes,2022-03-11,Dallas,Kansas City,460.0
F3724625,146,10:29,11:54,1 hours 25 minutes,2022-03-11,Dallas,Kansas City,460.0
F3724647,148,07:03,08:23,1 hours 20 minutes,2022-03-11,Dallas,Kansas City,460.0
F3944488,209,12:20,13:33,1 hours 13 minutes,2022-03-11,Dallas,Kansas City,461.0
F3944489,156,15:38,17:01,1 hours 23 minutes,2022-03-11,Dallas,Kansas City,461.0
F3944490,175,06:41,08:04,1 hours 23 minutes,2022-03-11,Dallas,Kansas City,461.0
F3944491,198,19:50,21:11,1 hours 21 minutes,2022-03-11,Dallas,Kansas City,461.0
F3944492,203,23:27,00:47,1 hours 20 minutes,2022-03-11,Dallas,Kansas City,461.0
F4043865,93,17:41,19:02,1 hours 21 minutes,2022-03-11,Dallas,Kansas City,460.0
F3975071,75,13:02,13:55,0 hours 53 minutes,2022-03-13,Kansas City,St. Louis,237.0
F3975072,81,19:58,20:54,0 hours 56 minutes,2022-03-13,Kansas City,St. Louis,237.0
F3608142,138,17:26,19:04,1 hours 38 minutes,2022-03-15,St. Louis,Dallas,550.0
F3679591,253,15:50,17:25,1 hours 35 minutes,2022-03-15,St. Louis,Dallas,550.0
F3709421,225,11:34,13:11,1 hours 37 minutes,2022-03-15,St. Louis,Dallas,550.0
F3711521,264,05:39,07:22,1 hours 43 minutes,2022-03-15,St. Louis,Dallas,550.0
F3715510,207,13:29,14:59,1 hours 30 minutes,2022-03-15,St. Louis,Dallas,550.0
F3716920,242,07:14,09:25,2 hours 11 minutes,2022-03-15,St. Louis,Dallas,550.0
F4003610,170,09:55,11:24,1 hours 29 minutes,2022-03-15,St. Louis,Dallas,546.0
F4003611,218,14:47,16:18,1 hours 31 minutes,2022-03-15,St. Louis,Dallas,546.0
F4003612,249,21:34,22:56,1 hours 22 minutes,2022-03-15,St. Louis,Dallas,546.0
F4003613,266,07:16,08:44,1 hours 28 minutes,2022-03-15,St. Louis,Dallas,546.0
F3558136,458,11:08,14:08,3 hours 0 minutes,2022-03-01,Trenton,Fort Myers,1028.0
F3558807,36,15:06,16:15,1 hours 9 minutes,2022-03-03,Fort Myers,Orlando,133.0
F3966836,40,17:23,18:04,0 hours 41 minutes,2022-03-03,Fort Myers,Orlando,133.0
F3559647,335,22:01,00:25,2 hours 24 minutes,2022-03-05,Orlando,Trenton,896.0
F3559761,294,12:25,15:05,2 hours 40 minutes,2022-03-05,Orlando,Trenton,896.0
F3615895,359,05:50,07:53,2 hours 3 minutes,2022-03-05,Louisville,Fort Myers,835.0
F3993232,176,13:55,15:57,2 hours 2 minutes,2022-03-05,Louisville,Fort Myers,835.0
F3601022,446,15:30,17:51,2 hours 21 minutes,2022-03-09,Miami,Louisville,910.0
F3601076,226,21:43,00:21,2 hours 38 minutes,2022-03-09,Miami,Louisville,910.0
F3862327,249,15:57,16:53,1 hours 56 minutes,2022-03-17,Great Falls,Seattle,512.0
F3862778,31,14:20,15:04,0 hours 44 minutes,2022-03-19,Seattle,Wenatchee,99.0
F3862901,23,23:00,23:45,0 hours 45 minutes,2022-03-19,Seattle,Wenatchee,99.0
F3491498,321,07:27,10:19,1 hours 52 minutes,2022-03-14,Dallas,Atlanta,731.0
F3491676,267,08:22,11:08,1 hours 46 minutes,2022-03-14,Dallas,Atlanta,731.0
F3502529,197,13:00,15:43,1 hours 43 minutes,2022-03-14,Dallas,Atlanta,721.0
F3515239,164,05:57,08:53,1 hours 56 minutes,2022-03-14,Dallas,Atlanta,731.0
F3523020,320,21:04,00:16,2 hours 12 minutes,2022-03-14,Dallas,Atlanta,731.0
F3524647,360,09:57,12:45,1 hours 48 minutes,2022-03-14,Dallas,Atlanta,731.0
F3533210,237,13:58,16:44,1 hours 46 minutes,2022-03-14,Dallas,Atlanta,731.0
F3538362,307,10:45,13:27,1 hours 42 minutes,2022-03-14,Dallas,Atlanta,721.0
F3539846,349,20:07,23:57,2 hours 50 minutes,2022-03-14,Dallas,Atlanta,721.0
F3545365,315,12:29,15:29,2 hours 0 minutes,2022-03-14,Dallas,Atlanta,731.0
F3545489,240,16:56,19:49,1 hours 53 minutes,2022-03-14,Dallas,Atlanta,731.0
F3546931,217,07:01,09:43,1 hours 42 minutes,2022-03-14,Dallas,Atlanta,721.0
F3551773,261,17:42,22:25,3 hours 43 minutes,2022-03-14,Dallas,Atlanta,721.0
F3616207,267,23:00,02:00,2 hours 0 minutes,2022-03-14,Dallas,Atlanta,731.0
F3676205,261,22:40,01:44,2 hours 4 minutes,2022-03-14,Dallas,Atlanta,731.0
F3676877,306,06:54,09:39,1 hours 45 minutes,2022-03-14,Dallas,Atlanta,731.0
F3697839,193,10:16,13:06,1 hours 50 minutes,2022-03-14,Dallas,Atlanta,731.0
F3697920,239,08:29,11:17,1 hours 48 minutes,2022-03-14,Dallas,Atlanta,731.0
F3698296,253,14:26,17:13,1 hours 47 minutes,2022-03-14,Dallas,Atlanta,731.0
F3706967,200,19:23,23:15,2 hours 52 minutes,2022-03-14,Dallas,Atlanta,731.0
F3722907,289,16:30,19:21,1 hours 51 minutes,2022-03-14,Dallas,Atlanta,731.0
F3977373,158,06:10,09:01,1 hours 51 minutes,2022-03-14,Dallas,Atlanta,721.0
F3977374,333,14:08,16:49,1 hours 41 minutes,2022-03-14,Dallas,Atlanta,721.0
F3977375,299,09:14,11:58,1 hours 44 minutes,2022-03-14,Dallas,Atlanta,721.0
F3977376,259,00:43,03:29,1 hours 46 minutes,2022-03-14,Dallas,Atlanta,721.0
F3636906,62,21:03,22:16,1 hours 13 minutes,2022-03-16,Atlanta,Valdosta,208.0
F3648305,48,13:55,14:49,0 hours 54 minutes,2022-03-16,Atlanta,Valdosta,208.0
F3616394,524,08:54,16:33,4 hours 39 minutes,2022-03-23,Los Angeles,Pittsburgh,2136.0
F4055539,55,18:32,19:38,1 hours 6 minutes,2022-03-25,Pittsburgh,Philadelphia,268.0
F4057267,97,13:12,14:43,1 hours 31 minutes,2022-03-25,Pittsburgh,Philadelphia,268.0
F4059519,75,06:54,08:01,1 hours 7 minutes,2022-03-25,Pittsburgh,Philadelphia,268.0
F4060890,128,17:33,18:46,1 hours 13 minutes,2022-03-25,Pittsburgh,Philadelphia,268.0
F3620195,724,19:36,22:20,5 hours 44 minutes,2022-03-27,Philadelphia,Los Angeles,2402.0
F3662592,606,13:41,16:28,5 hours 47 minutes,2022-03-27,Philadelphia,Los Angeles,2402.0
F3663129,645,06:14,08:57,5 hours 43 minutes,2022-03-27,Philadelphia,Los Angeles,2402.0
F3681053,771,09:43,12:37,5 hours 54 minutes,2022-03-27,Philadelphia,Los Angeles,2402.0
F3688975,1093,16:12,18:59,5 hours 47 minutes,2022-03-27,Philadelphia,Los Angeles,2402.0
F3691674,546,18:51,22:08,6 hours 17 minutes,2022-03-27,Philadelphia,Los Angeles,2402.0
F3698981,568,20:20,23:18,5 hours 58 minutes,2022-03-27,Philadelphia,Los Angeles,2402.0
F3844679,78,18:59,19:52,0 hours 53 minutes,2022-03-17,Moab,Salt Lake City,183.0
F3543614,442,17:28,21:00,2 hours 32 minutes,2022-03-19,Salt Lake City,San Antonio,1087.0
F3552619,501,10:07,13:30,2 hours 23 minutes,2022-03-19,Salt Lake City,San Antonio,1087.0
F3807780,488,14:07,17:41,2 hours 34 minutes,2022-03-19,Salt Lake City,San Antonio,1087.0
F3567983,311,19:49,22:40,2 hours 51 minutes,2022-03-25,Newburgh,Tampa,1047.0
F3569628,427,07:41,10:52,3 hours 11 minutes,2022-03-29,Orlando,Newburgh,989.0
F3908926,187,17:40,20:48,2 hours 8 minutes,2022-03-18,Denver,Madison,826.0
F3909218,243,10:42,13:45,2 hours 3 minutes,2022-03-18,Denver,Madison,826.0
F3824749,274,15:22,17:10,2 hours 48 minutes,2022-03-22,Milwaukee,Denver,896.0
F3824994,417,07:45,09:30,2 hours 45 minutes,2022-03-22,Milwaukee,Denver,896.0
F3983553,364,14:24,15:57,2 hours 33 minutes,2022-03-22,Milwaukee,Denver,896.0
F3983554,205,04:57,06:34,2 hours 37 minutes,2022-03-22,Milwaukee,Denver,896.0
F3983555,243,18:37,19:53,2 hours 16 minutes,2022-03-22,Milwaukee,Denver,896.0
F3811327,100,18:16,19:28,1 hours 12 minutes,2022-03-19,Moab,Denver,283.0
F3827189,61,13:26,14:17,0 hours 51 minutes,2022-03-21,Denver,Gunnison,152.0
F3827701,49,19:01,20:19,1 hours 18 minutes,2022-03-21,Denver,Gunnison,152.0
F3920291,88,09:10,10:29,1 hours 19 minutes,2022-03-25,Richmond,Newark,277.0
F3920292,76,18:33,20:17,1 hours 44 minutes,2022-03-25,Richmond,Newark,277.0
F3920331,84,05:54,07:04,1 hours 10 minutes,2022-03-25,Richmond,Newark,277.0
F3920582,118,12:26,13:56,1 hours 30 minutes,2022-03-25,Richmond,Newark,277.0
F3666343,84,14:28,15:20,0 hours 52 minutes,2022-03-16,Wilmington,Charlotte,185.0
F3783518,70,11:10,12:07,0 hours 57 minutes,2022-03-16,Wilmington,Charlotte,185.0
F3786892,41,16:33,17:40,1 hours 7 minutes,2022-03-16,Wilmington,Charlotte,185.0
F4053611,77,06:53,07:50,0 hours 57 minutes,2022-03-16,Wilmington,Charlotte,185.0
F3728496,179,20:22,21:22,2 hours 0 minutes,2022-03-18,Charlotte,Evansville,414.0
F3728843,173,13:11,13:50,1 hours 39 minutes,2022-03-18,Charlotte,Evansville,414.0
F3519621,510,10:36,14:40,3 hours 4 minutes,2022-03-10,Houston,New York,1416.0
F3544358,340,19:04,23:17,3 hours 13 minutes,2022-03-10,Houston,New York,1416.0
F3544921,399,06:23,10:38,3 hours 15 minutes,2022-03-10,Houston,New York,1416.0
F3697711,441,08:01,12:12,3 hours 11 minutes,2022-03-10,Houston,New York,1416.0
F3771737,433,20:13,00:15,3 hours 2 minutes,2022-03-10,Houston,New York,1417.0
F3887078,632,17:06,21:12,3 hours 6 minutes,2022-03-10,Houston,New York,1416.0
F3887256,305,16:28,20:29,3 hours 1 minutes,2022-03-10,Houston,New York,1416.0
F3887862,368,08:02,12:05,3 hours 3 minutes,2022-03-10,Houston,New York,1416.0
F4022507,327,06:51,10:54,3 hours 3 minutes,2022-03-10,Houston,New York,1428.0
F4022508,427,17:14,21:20,3 hours 6 minutes,2022-03-10,Houston,New York,1428.0
F4022509,685,11:36,16:09,3 hours 33 minutes,2022-03-10,Houston,New York,1428.0
F4038926,539,07:01,11:07,3 hours 6 minutes,2022-03-10,Houston,New York,1416.0
F4039044,368,20:04,23:57,2 hours 53 minutes,2022-03-10,Houston,New York,1416.0
F4039476,443,11:55,16:17,3 hours 22 minutes,2022-03-10,Houston,New York,1416.0
F4039478,589,09:59,14:10,3 hours 11 minutes,2022-03-10,Houston,New York,1416.0
F4039479,552,14:17,18:37,3 hours 20 minutes,2022-03-10,Houston,New York,1416.0
F4059989,523,17:40,21:43,3 hours 3 minutes,2022-03-10,Houston,New York,1416.0
F4062036,528,10:47,15:03,3 hours 16 minutes,2022-03-10,Houston,New York,1416.0
F3639865,141,21:22,23:19,1 hours 57 minutes,2022-03-12,New York,Buffalo,301.0
F3650470,131,11:34,13:10,1 hours 36 minutes,2022-03-12,New York,Buffalo,292.0
F3651203,113,09:51,11:10,1 hours 19 minutes,2022-03-12,New York,Buffalo,301.0
F3651309,86,17:25,19:51,2 hours 26 minutes,2022-03-12,New York,Buffalo,301.0
F3654273,91,18:56,21:07,2 hours 11 minutes,2022-03-12,New York,Buffalo,292.0
F3759633,105,21:06,22:58,1 hours 52 minutes,2022-03-12,New York,Buffalo,301.0
F3761553,77,23:10,00:38,1 hours 28 minutes,2022-03-12,New York,Buffalo,301.0
F3491401,416,11:16,13:40,2 hours 24 minutes,2022-03-13,Seattle,San Diego,1050.0
F3493807,433,07:46,10:09,2 hours 23 minutes,2022-03-13,Seattle,San Diego,1050.0
F3538967,283,19:23,21:59,2 hours 36 minutes,2022-03-13,Seattle,San Diego,1050.0
F3548458,514,15:16,17:39,2 hours 23 minutes,2022-03-13,Seattle,San Diego,1050.0
F3743154,512,18:51,21:28,2 hours 37 minutes,2022-03-13,Seattle,San Diego,1050.0
F3743363,519,09:57,12:23,2 hours 26 minutes,2022-03-13,Seattle,San Diego,1050.0
F3743365,282,19:49,22:28,2 hours 39 minutes,2022-03-13,Seattle,San Diego,1050.0
F3743414,411,07:58,10:27,2 hours 29 minutes,2022-03-13,Seattle,San Diego,1050.0
F3743442,335,13:02,15:31,2 hours 29 minutes,2022-03-13,Seattle,San Diego,1050.0
F3817319,131,10:36,12:02,1 hours 26 minutes,2022-03-15,San Diego,San Jose,417.0
F3817350,204,20:56,22:22,1 hours 26 minutes,2022-03-15,San Diego,San Jose,417.0
F3817405,95,16:21,17:44,1 hours 23 minutes,2022-03-15,San Diego,San Jose,417.0
F4003233,94,17:16,18:31,1 hours 15 minutes,2022-03-15,San Diego,San Jose,417.0
F4003234,112,12:28,13:42,1 hours 14 minutes,2022-03-15,San Diego,San Jose,417.0
F4003235,99,18:50,20:03,1 hours 13 minutes,2022-03-15,San Diego,San Jose,417.0
F4003236,197,06:55,08:15,1 hours 20 minutes,2022-03-15,San Diego,San Jose,417.0
F4003237,158,15:19,16:31,1 hours 12 minutes,2022-03-15,San Diego,San Jose,417.0
F4003238,181,08:36,10:30,1 hours 54 minutes,2022-03-15,San Diego,San Jose,417.0
F4003239,160,17:41,18:55,1 hours 14 minutes,2022-03-15,San Diego,San Jose,417.0
F4003240,104,12:58,14:17,1 hours 19 minutes,2022-03-15,San Diego,San Jose,417.0
F3745295,238,10:32,12:43,2 hours 11 minutes,2022-03-17,San Jose,Seattle,696.0
F3745394,314,19:48,22:08,2 hours 20 minutes,2022-03-17,San Jose,Seattle,696.0
F3745404,154,07:18,09:29,2 hours 11 minutes,2022-03-17,San Jose,Seattle,696.0
F3745462,215,18:01,20:21,2 hours 20 minutes,2022-03-17,San Jose,Seattle,696.0
F3745563,219,16:00,18:06,2 hours 6 minutes,2022-03-17,San Jose,Seattle,696.0
F3745774,214,13:29,15:32,2 hours 3 minutes,2022-03-17,San Jose,Seattle,696.0
F3820576,334,06:12,08:42,2 hours 30 minutes,2022-03-17,San Jose,Seattle,696.0
F3830380,210,13:57,16:08,2 hours 11 minutes,2022-03-17,San Jose,Seattle,696.0
F3830393,200,18:21,20:40,2 hours 19 minutes,2022-03-17,San Jose,Seattle,696.0
F3836442,264,10:25,12:32,2 hours 7 minutes,2022-03-17,San Jose,Seattle,696.0
F3844472,305,06:26,08:31,2 hours 5 minutes,2022-03-17,San Jose,Seattle,696.0
F4025449,165,14:58,17:03,2 hours 5 minutes,2022-03-17,San Jose,Seattle,696.0
F4025450,202,09:54,12:00,2 hours 6 minutes,2022-03-17,San Jose,Seattle,696.0
F4025451,344,20:35,22:36,2 hours 1 minutes,2022-03-17,San Jose,Seattle,696.0
F3861949,331,11:58,12:56,1 hours 58 minutes,2022-03-16,Boise,San Diego,749.0
F3818237,118,21:19,22:48,1 hours 29 minutes,2022-03-18,San Diego,Sacramento,480.0
F3818239,226,14:42,16:18,1 hours 36 minutes,2022-03-18,San Diego,Sacramento,480.0
F3818321,219,12:54,14:36,1 hours 42 minutes,2022-03-18,San Diego,Sacramento,480.0
F3819589,170,07:11,08:47,1 hours 36 minutes,2022-03-18,San Diego,Sacramento,480.0
F3819596,137,17:54,19:31,1 hours 37 minutes,2022-03-18,San Diego,Sacramento,480.0
F3819617,110,09:38,11:14,1 hours 36 minutes,2022-03-18,San Diego,Sacramento,480.0
F4028784,99,10:10,11:43,1 hours 33 minutes,2022-03-18,San Diego,Sacramento,480.0
F4028785,195,20:23,21:56,1 hours 33 minutes,2022-03-18,San Diego,Sacramento,480.0
F4028787,133,11:55,13:27,1 hours 32 minutes,2022-03-18,San Diego,Sacramento,480.0
F4028788,171,19:11,20:38,1 hours 27 minutes,2022-03-18,San Diego,Sacramento,480.0
F4028789,110,06:34,08:04,1 hours 30 minutes,2022-03-18,San Diego,Sacramento,480.0
F4028790,166,09:13,10:41,1 hours 28 minutes,2022-03-18,San Diego,Sacramento,480.0
F4028791,213,10:29,11:56,1 hours 27 minutes,2022-03-18,San Diego,Sacramento,480.0
F4028792,101,18:05,19:35,1 hours 30 minutes,2022-03-18,San Diego,Sacramento,480.0
F3863215,174,07:22,09:59,1 hours 37 minutes,2022-03-20,Sacramento,Boise,437.0
F3954763,206,13:40,16:00,1 hours 20 minutes,2022-03-20,Sacramento,Boise,437.0
F3676586,748,08:34,11:04,4 hours 30 minutes,2022-03-15,Dallas,Seattle,1660.0
F3676949,711,14:37,16:54,4 hours 17 minutes,2022-03-15,Dallas,Seattle,1660.0
F3695810,527,10:44,13:00,4 hours 16 minutes,2022-03-15,Dallas,Seattle,1660.0
F3704040,696,21:03,23:35,4 hours 32 minutes,2022-03-15,Dallas,Seattle,1660.0
F3704983,777,17:51,19:53,4 hours 2 minutes,2022-03-15,Dallas,Seattle,1660.0
F3744196,423,18:22,21:05,4 hours 43 minutes,2022-03-15,Dallas,Seattle,1670.0
F3744375,372,19:48,22:03,4 hours 15 minutes,2022-03-15,Dallas,Seattle,1660.0
F3744377,541,15:16,17:23,4 hours 7 minutes,2022-03-15,Dallas,Seattle,1660.0
F3744387,427,08:05,10:15,4 hours 10 minutes,2022-03-15,Dallas,Seattle,1660.0
F3745311,89,05:50,06:57,1 hours 7 minutes,2022-03-17,Seattle,Spokane,224.0
F3745485,69,17:35,18:29,0 hours 54 minutes,2022-03-17,Seattle,Spokane,224.0
F3745649,89,13:33,14:33,1 hours 0 minutes,2022-03-17,Seattle,Spokane,224.0
F3745711,71,11:58,13:14,1 hours 16 minutes,2022-03-17,Seattle,Spokane,224.0
F3745777,87,23:17,00:08,0 hours 51 minutes,2022-03-17,Seattle,Spokane,224.0
F3745782,96,21:43,22:58,1 hours 15 minutes,2022-03-17,Seattle,Spokane,224.0
F3830416,45,13:17,14:32,1 hours 15 minutes,2022-03-17,Seattle,Spokane,224.0
F3830425,85,17:24,18:21,0 hours 57 minutes,2022-03-17,Seattle,Spokane,224.0
F3836437,49,11:31,12:33,1 hours 2 minutes,2022-03-17,Seattle,Spokane,224.0
F3844481,69,22:48,23:51,1 hours 3 minutes,2022-03-17,Seattle,Spokane,224.0
F3844568,58,07:25,08:36,1 hours 11 minutes,2022-03-17,Seattle,Spokane,224.0
F3844662,89,19:26,20:27,1 hours 1 minutes,2022-03-17,Seattle,Spokane,224.0
F3862159,61,16:53,17:43,0 hours 50 minutes,2022-03-17,Seattle,Spokane,224.0
F3862224,51,20:53,21:57,1 hours 4 minutes,2022-03-17,Seattle,Spokane,224.0
F3862236,109,15:36,16:39,1 hours 3 minutes,2022-03-17,Seattle,Spokane,224.0
F3862254,52,10:27,11:30,1 hours 3 minutes,2022-03-17,Seattle,Spokane,224.0
F3862312,109,08:06,09:11,1 hours 5 minutes,2022-03-17,Seattle,Spokane,224.0
F3662664,510,05:46,11:09,3 hours 23 minutes,2022-03-19,Spokane,Dallas,1477.0
F4025166,166,19:38,21:01,1 hours 23 minutes,2022-03-17,Reno,San Diego,488.0
F4025167,196,06:27,07:49,1 hours 22 minutes,2022-03-17,Reno,San Diego,488.0
F3811816,36,10:52,11:42,0 hours 50 minutes,2022-03-19,San Diego,Los Angeles,109.0
F3811838,44,06:31,07:28,0 hours 57 minutes,2022-03-19,San Diego,Los Angeles,109.0
F3831795,27,06:12,07:12,1 hours 0 minutes,2022-03-19,San Diego,Los Angeles,109.0
F3765327,140,16:33,17:55,1 hours 22 minutes,2022-03-21,Los Angeles,Reno,391.0
F3817084,155,08:56,10:25,1 hours 29 minutes,2022-03-21,Los Angeles,Reno,391.0
F3827810,176,08:27,10:06,1 hours 39 minutes,2022-03-21,Los Angeles,Reno,391.0
F3830675,100,08:55,10:34,1 hours 39 minutes,2022-03-21,Los Angeles,Reno,391.0
F3830963,146,15:16,16:34,1 hours 18 minutes,2022-03-21,Los Angeles,Reno,391.0
F3831061,81,19:51,21:18,1 hours 27 minutes,2022-03-21,Los Angeles,Reno,391.0
F3956868,141,10:19,11:36,1 hours 17 minutes,2022-03-21,Los Angeles,Reno,391.0
F3666343,84,14:28,15:20,0 hours 52 minutes,2022-03-16,Wilmington,Charlotte,185.0
F3783518,70,11:10,12:07,0 hours 57 minutes,2022-03-16,Wilmington,Charlotte,185.0
F3786892,41,16:33,17:40,1 hours 7 minutes,2022-03-16,Wilmington,Charlotte,185.0
F4053611,77,06:53,07:50,0 hours 57 minutes,2022-03-16,Wilmington,Charlotte,185.0
F3667867,206,09:15,11:11,2 hours 56 minutes,2022-03-18,Charlotte,Oklahoma City,940.0
F3685398,213,20:52,22:34,2 hours 42 minutes,2022-03-18,Charlotte,Oklahoma City,940.0
F3844853,138,13:11,14:30,1 hours 19 minutes,2022-03-23,Helena,Salt Lake City,402.0
F3844946,82,05:51,07:01,1 hours 10 minutes,2022-03-23,Helena,Salt Lake City,402.0
F3805268,58,17:20,18:17,0 hours 57 minutes,2022-03-26,Salt Lake City,Moab,183.0
F3733877,139,10:00,12:09,2 hours 9 minutes,2022-03-28,Philadelphia,Lexington,520.0
F3508005,948,18:59,03:11,5 hours 12 minutes,2022-03-13,Seattle,Orlando,2554.0
F3512789,663,21:28,05:30,5 hours 2 minutes,2022-03-13,Seattle,Orlando,2554.0
F3742881,839,09:16,18:26,6 hours 10 minutes,2022-03-13,Seattle,Orlando,2554.0
F3742896,1130,21:48,05:46,4 hours 58 minutes,2022-03-13,Seattle,Orlando,2554.0
F3742992,926,15:59,00:23,5 hours 24 minutes,2022-03-13,Seattle,Orlando,2554.0
F3564431,60,13:53,15:23,1 hours 30 minutes,2022-03-16,Orlando,Fort Lauderdale,177.0
F3618047,80,06:41,07:42,1 hours 1 minutes,2022-03-16,Orlando,Fort Lauderdale,177.0
F3626880,58,19:50,20:51,1 hours 1 minutes,2022-03-16,Orlando,Fort Lauderdale,177.0
F4005676,78,19:04,19:59,0 hours 55 minutes,2022-03-16,Orlando,Fort Lauderdale,177.0
F3745319,1048,18:51,22:19,6 hours 28 minutes,2022-03-17,Fort Lauderdale,Seattle,2717.0
F3745393,861,07:36,11:01,6 hours 25 minutes,2022-03-17,Fort Lauderdale,Seattle,2717.0
F3591949,61,08:38,10:35,1 hours 57 minutes,2022-03-07,Chicago,Green Bay,174.0
F3799223,64,16:19,17:14,0 hours 55 minutes,2022-03-07,Chicago,Green Bay,174.0
F3836845,46,20:19,21:12,0 hours 53 minutes,2022-03-07,Chicago,Green Bay,174.0
F3930982,51,09:16,11:34,2 hours 18 minutes,2022-03-07,Chicago,Green Bay,174.0
F3931108,56,16:58,17:40,0 hours 42 minutes,2022-03-07,Chicago,Green Bay,174.0
F3604489,89,06:54,07:23,1 hours 29 minutes,2022-03-11,Marquette,Chicago,303.0
F3607775,125,15:50,16:15,1 hours 25 minutes,2022-03-11,Marquette,Chicago,303.0
F3598283,415,15:58,18:24,2 hours 26 minutes,2022-03-05,Houston,Chicago,925.0
F3618372,277,19:59,22:24,2 hours 25 minutes,2022-03-05,Houston,Chicago,925.0
F3703582,407,06:33,08:58,2 hours 25 minutes,2022-03-05,Houston,Chicago,925.0
F3902099,386,05:10,07:28,2 hours 18 minutes,2022-03-05,Houston,Chicago,925.0
F3902212,440,20:19,22:32,2 hours 13 minutes,2022-03-05,Houston,Chicago,925.0
F3902562,239,18:21,21:01,2 hours 40 minutes,2022-03-05,Houston,Chicago,925.0
F3902592,311,14:30,17:12,2 hours 42 minutes,2022-03-05,Houston,Chicago,925.0
F3902686,413,19:43,22:02,2 hours 19 minutes,2022-03-05,Houston,Chicago,925.0
F3902698,451,16:21,19:08,2 hours 47 minutes,2022-03-05,Houston,Chicago,925.0
F3902741,349,14:28,17:14,2 hours 46 minutes,2022-03-05,Houston,Chicago,925.0
F3903313,268,10:13,12:25,2 hours 12 minutes,2022-03-05,Houston,Chicago,925.0
F3903341,339,07:22,09:45,2 hours 23 minutes,2022-03-05,Houston,Chicago,925.0
F3971625,289,12:42,14:44,2 hours 2 minutes,2022-03-05,Houston,Chicago,937.0
F3971626,445,17:02,19:16,2 hours 14 minutes,2022-03-05,Houston,Chicago,937.0
F3971627,333,20:49,22:57,2 hours 8 minutes,2022-03-05,Houston,Chicago,937.0
F3971674,236,16:33,18:36,2 hours 3 minutes,2022-03-05,Houston,Chicago,917.0
F3971675,265,10:55,12:56,2 hours 1 minutes,2022-03-05,Houston,Chicago,917.0
F3598589,64,12:36,13:50,1 hours 14 minutes,2022-03-07,Chicago,Peoria,130.0
F3931023,45,20:54,21:45,0 hours 51 minutes,2022-03-07,Chicago,Peoria,130.0
F3931144,62,08:55,10:58,2 hours 3 minutes,2022-03-07,Chicago,Peoria,130.0
F3572795,321,19:22,21:30,2 hours 8 minutes,2022-03-24,St. Petersburg,State College,933.0
F3576878,387,21:04,23:21,2 hours 17 minutes,2022-03-28,Harrisburg,St. Petersburg,912.0
F3581306,386,12:07,14:46,2 hours 39 minutes,2022-03-10,Fort Lauderdale,Harrisburg,993.0
F3728293,34,06:19,07:05,0 hours 46 minutes,2022-03-12,Harrisburg,Philadelphia,84.0
F3731311,26,10:50,12:57,2 hours 7 minutes,2022-03-12,Harrisburg,Philadelphia,84.0
F3733058,39,18:14,19:18,1 hours 4 minutes,2022-03-12,Harrisburg,Philadelphia,84.0
F3563383,404,13:39,16:57,3 hours 18 minutes,2022-03-14,Philadelphia,Fort Lauderdale,992.0
F3611438,382,07:21,10:06,2 hours 45 minutes,2022-03-14,Philadelphia,Fort Lauderdale,992.0
F3611500,368,20:55,23:34,2 hours 39 minutes,2022-03-14,Philadelphia,Fort Lauderdale,992.0
F3617467,274,10:48,13:34,2 hours 46 minutes,2022-03-14,Philadelphia,Fort Lauderdale,992.0
F3691322,362,19:56,22:46,2 hours 50 minutes,2022-03-14,Philadelphia,Fort Lauderdale,992.0
F3697281,324,15:49,18:31,2 hours 42 minutes,2022-03-14,Philadelphia,Fort Lauderdale,992.0
F3714777,492,07:56,10:41,2 hours 45 minutes,2022-03-14,Philadelphia,Fort Lauderdale,992.0
F3716341,273,11:18,13:55,2 hours 37 minutes,2022-03-14,Philadelphia,Fort Lauderdale,992.0
F3761559,267,06:58,09:37,2 hours 39 minutes,2022-03-14,Philadelphia,Fort Lauderdale,992.0
F3547238,155,23:01,00:36,1 hours 35 minutes,2022-03-17,Detroit,Richmond,456.0
F3644069,220,13:58,15:41,1 hours 43 minutes,2022-03-17,Detroit,Richmond,456.0
F3651928,150,10:22,11:58,1 hours 36 minutes,2022-03-17,Detroit,Richmond,456.0
F3566310,375,21:54,22:52,1 hours 58 minutes,2022-03-21,Denver,San Diego,853.0
F3566381,310,15:45,16:43,1 hours 58 minutes,2022-03-21,Denver,San Diego,853.0
F3896500,420,07:50,08:52,2 hours 2 minutes,2022-03-21,Denver,San Diego,853.0
F3896572,306,21:44,22:41,1 hours 57 minutes,2022-03-21,Denver,San Diego,853.0
F3897222,365,13:31,14:36,2 hours 5 minutes,2022-03-21,Denver,San Diego,853.0
F3897506,217,16:43,17:43,2 hours 0 minutes,2022-03-21,Denver,San Diego,853.0
F3897648,171,19:21,20:22,2 hours 1 minutes,2022-03-21,Denver,San Diego,853.0
F3897809,332,11:49,13:14,2 hours 25 minutes,2022-03-21,Denver,San Diego,853.0
F3956198,281,05:26,06:43,2 hours 17 minutes,2022-03-21,Denver,San Diego,853.0
F3956199,182,14:38,15:36,1 hours 58 minutes,2022-03-21,Denver,San Diego,853.0
F3956200,266,07:36,08:50,2 hours 14 minutes,2022-03-21,Denver,San Diego,853.0
F3956201,391,18:01,19:07,2 hours 6 minutes,2022-03-21,Denver,San Diego,853.0
F3956202,246,10:55,12:14,2 hours 19 minutes,2022-03-21,Denver,San Diego,853.0
F3857977,398,08:54,12:23,2 hours 29 minutes,2022-03-25,Santa Barbara,Denver,916.0
F3883043,345,12:52,16:15,2 hours 23 minutes,2022-03-25,Santa Barbara,Denver,916.0
F3883349,299,05:20,08:33,2 hours 13 minutes,2022-03-25,Santa Barbara,Denver,916.0
F4014882,251,10:20,13:41,2 hours 21 minutes,2022-03-25,Santa Barbara,Denver,916.0
F3836360,163,05:43,07:45,2 hours 2 minutes,2022-03-01,Norfolk,Detroit,529.0
F3849603,239,13:00,14:56,1 hours 56 minutes,2022-03-01,Norfolk,Detroit,529.0
F3654613,33,22:53,23:34,0 hours 41 minutes,2022-03-03,Detroit,Lansing,74.0
F3656037,26,17:43,18:17,0 hours 34 minutes,2022-03-03,Detroit,Lansing,74.0
F3848337,32,08:36,09:21,0 hours 45 minutes,2022-03-03,Detroit,Lansing,74.0
F3603181,180,10:37,12:13,1 hours 36 minutes,2022-03-11,Jackson,Dallas,408.0
F3683642,267,11:43,15:41,2 hours 58 minutes,2022-03-11,Jackson,Dallas,1047.0
F3727287,494,15:04,18:55,2 hours 51 minutes,2022-03-11,Jackson,Dallas,1047.0
F3802414,87,19:54,21:47,1 hours 53 minutes,2022-03-11,Jackson,Dallas,408.0
F3802444,96,06:06,07:43,1 hours 37 minutes,2022-03-11,Jackson,Dallas,408.0
F3814544,118,14:39,16:18,1 hours 39 minutes,2022-03-11,Jackson,Dallas,408.0
F3667554,51,08:29,09:35,1 hours 6 minutes,2022-03-12,Dallas,Houston,224.0
F3677088,99,22:21,23:24,1 hours 3 minutes,2022-03-12,Dallas,Houston,224.0
F3710123,55,20:51,21:54,1 hours 3 minutes,2022-03-12,Dallas,Houston,224.0
F3710239,56,18:54,20:03,1 hours 9 minutes,2022-03-12,Dallas,Houston,224.0
F3718927,56,10:18,11:19,1 hours 1 minutes,2022-03-12,Dallas,Houston,224.0
F3719041,101,14:31,15:32,1 hours 1 minutes,2022-03-12,Dallas,Houston,224.0
F3723608,58,17:01,18:10,1 hours 9 minutes,2022-03-12,Dallas,Houston,224.0
F3723700,102,13:04,14:06,1 hours 2 minutes,2022-03-12,Dallas,Houston,224.0
F3852603,111,12:26,13:39,1 hours 13 minutes,2022-03-12,Dallas,Houston,224.0
F3852638,58,14:31,15:30,0 hours 59 minutes,2022-03-12,Dallas,Houston,224.0
F3878007,46,07:00,08:07,1 hours 7 minutes,2022-03-12,Dallas,Houston,224.0
F3878205,75,17:49,18:57,1 hours 8 minutes,2022-03-12,Dallas,Houston,224.0
F3878330,64,16:38,17:34,0 hours 56 minutes,2022-03-12,Dallas,Houston,224.0
F3947846,113,08:32,09:29,0 hours 57 minutes,2022-03-12,Dallas,Houston,239.0
F3947847,71,17:00,17:55,0 hours 55 minutes,2022-03-12,Dallas,Houston,239.0
F3947848,63,19:16,20:15,0 hours 59 minutes,2022-03-12,Dallas,Houston,239.0
F3947849,61,12:55,14:00,1 hours 5 minutes,2022-03-12,Dallas,Houston,239.0
F3947850,89,14:20,15:23,1 hours 3 minutes,2022-03-12,Dallas,Houston,239.0
F3947852,54,06:15,07:20,1 hours 5 minutes,2022-03-12,Dallas,Houston,216.0
F3947853,49,08:21,09:20,0 hours 59 minutes,2022-03-12,Dallas,Houston,216.0
F3947854,92,18:57,19:58,1 hours 1 minutes,2022-03-12,Dallas,Houston,216.0
F3947855,78,12:00,13:06,1 hours 6 minutes,2022-03-12,Dallas,Houston,216.0
F3947856,86,17:27,18:45,1 hours 18 minutes,2022-03-12,Dallas,Houston,216.0
F4042938,60,09:38,10:44,1 hours 6 minutes,2022-03-12,Dallas,Houston,224.0
F4046242,122,19:52,20:50,0 hours 58 minutes,2022-03-12,Dallas,Houston,247.0
F4047177,99,15:52,16:50,0 hours 58 minutes,2022-03-12,Dallas,Houston,247.0
F4047549,78,08:34,09:34,1 hours 0 minutes,2022-03-12,Dallas,Houston,247.0
F4048135,108,22:39,23:46,1 hours 7 minutes,2022-03-12,Dallas,Houston,247.0
F3913368,337,09:39,12:04,3 hours 25 minutes,2022-03-15,Houston,Jackson,1265.0
F3926221,72,09:52,11:14,1 hours 22 minutes,2022-03-15,Houston,Jackson,351.0
F3926243,148,20:28,21:55,1 hours 27 minutes,2022-03-15,Houston,Jackson,351.0
F3926246,114,14:33,15:53,1 hours 20 minutes,2022-03-15,Houston,Jackson,351.0
F4001709,74,09:51,11:00,1 hours 9 minutes,2022-03-15,Houston,Jackson,359.0
F4001710,158,20:30,21:41,1 hours 11 minutes,2022-03-15,Houston,Jackson,359.0
F4001711,81,17:12,18:14,1 hours 2 minutes,2022-03-15,Houston,Jackson,359.0
F3501520,121,16:35,18:00,1 hours 25 minutes,2022-03-15,Cincinnati,Atlanta,373.0
F3514379,185,08:08,09:30,1 hours 22 minutes,2022-03-15,Cincinnati,Atlanta,373.0
F3520899,161,11:09,12:33,1 hours 24 minutes,2022-03-15,Cincinnati,Atlanta,373.0
F3521716,158,14:46,16:17,1 hours 31 minutes,2022-03-15,Cincinnati,Atlanta,373.0
F3549000,119,06:00,07:28,1 hours 28 minutes,2022-03-15,Cincinnati,Atlanta,373.0
F3538285,66,22:57,23:47,0 hours 50 minutes,2022-03-17,Atlanta,Augusta,143.0
F3637420,29,11:25,12:15,0 hours 50 minutes,2022-03-17,Atlanta,Augusta,143.0
F3637448,67,19:51,20:41,0 hours 50 minutes,2022-03-17,Atlanta,Augusta,143.0
F3640164,50,17:38,18:34,0 hours 56 minutes,2022-03-17,Atlanta,Augusta,143.0
F3642841,47,14:00,14:51,0 hours 51 minutes,2022-03-17,Atlanta,Augusta,143.0
F3650211,71,08:30,09:26,0 hours 56 minutes,2022-03-17,Atlanta,Augusta,143.0
F3515791,733,06:33,08:34,4 hours 1 minutes,2022-03-13,Kansas City,Seattle,1489.0
F3743082,740,14:31,16:27,3 hours 56 minutes,2022-03-13,Kansas City,Seattle,1489.0
F3744160,81,06:18,07:22,1 hours 4 minutes,2022-03-15,Seattle,Spokane,224.0
F3744428,90,13:15,14:15,1 hours 0 minutes,2022-03-15,Seattle,Spokane,224.0
F3744486,72,11:30,12:33,1 hours 3 minutes,2022-03-15,Seattle,Spokane,224.0
F3744550,110,20:52,21:55,1 hours 3 minutes,2022-03-15,Seattle,Spokane,224.0
F3744556,55,21:47,22:47,1 hours 0 minutes,2022-03-15,Seattle,Spokane,224.0
F3832671,69,17:21,18:33,1 hours 12 minutes,2022-03-15,Seattle,Spokane,224.0
F3832681,95,13:18,14:19,1 hours 1 minutes,2022-03-15,Seattle,Spokane,224.0
F3845256,107,11:30,12:25,0 hours 55 minutes,2022-03-15,Seattle,Spokane,224.0
F3845385,48,22:45,23:50,1 hours 5 minutes,2022-03-15,Seattle,Spokane,224.0
F3847420,100,07:25,08:25,1 hours 0 minutes,2022-03-15,Seattle,Spokane,224.0
F3847509,92,19:28,20:27,0 hours 59 minutes,2022-03-15,Seattle,Spokane,224.0
F3861738,109,17:36,18:38,1 hours 2 minutes,2022-03-15,Seattle,Spokane,224.0
F3861802,44,10:21,11:26,1 hours 5 minutes,2022-03-15,Seattle,Spokane,224.0
F3861829,98,07:40,08:43,1 hours 3 minutes,2022-03-15,Seattle,Spokane,224.0
F3861853,67,22:58,23:59,1 hours 1 minutes,2022-03-15,Seattle,Spokane,224.0
F3861870,53,14:29,15:26,0 hours 57 minutes,2022-03-15,Seattle,Spokane,224.0
F3861872,74,12:27,13:27,1 hours 0 minutes,2022-03-15,Seattle,Spokane,224.0
F3861874,46,09:11,10:08,0 hours 57 minutes,2022-03-15,Seattle,Spokane,224.0
F3601212,290,07:06,10:06,2 hours 0 minutes,2022-03-13,Fayetteville,Charlotte,754.0
F3604441,255,18:14,21:20,2 hours 6 minutes,2022-03-13,Fayetteville,Charlotte,754.0
F3732906,40,10:55,11:59,1 hours 4 minutes,2022-03-13,Fayetteville,Charlotte,118.0
F3733132,27,08:53,10:01,1 hours 8 minutes,2022-03-13,Fayetteville,Charlotte,118.0
F3783463,42,20:15,21:19,1 hours 4 minutes,2022-03-13,Fayetteville,Charlotte,118.0
F3793906,188,11:24,14:29,2 hours 5 minutes,2022-03-13,Fayetteville,Charlotte,754.0
F3635303,145,08:55,10:33,1 hours 38 minutes,2022-03-15,Charlotte,Gainesville,388.0
F3790083,92,21:03,22:27,1 hours 24 minutes,2022-03-15,Charlotte,Gainesville,388.0
F3795895,176,12:54,14:25,1 hours 31 minutes,2022-03-15,Charlotte,Gainesville,388.0
F3489030,618,16:34,20:56,3 hours 22 minutes,2022-03-03,Dallas,New York,1389.0
F3489915,456,13:05,17:25,3 hours 20 minutes,2022-03-03,Dallas,New York,1389.0
F3506024,628,19:26,23:44,3 hours 18 minutes,2022-03-03,Dallas,New York,1389.0
F3531545,476,08:03,12:26,3 hours 23 minutes,2022-03-03,Dallas,New York,1391.0
F3543296,477,12:07,16:27,3 hours 20 minutes,2022-03-03,Dallas,New York,1391.0
F3620303,332,17:45,22:18,3 hours 33 minutes,2022-03-03,Dallas,New York,1389.0
F3667048,611,10:32,14:58,3 hours 26 minutes,2022-03-03,Dallas,New York,1389.0
F3668270,662,17:14,21:44,3 hours 30 minutes,2022-03-03,Dallas,New York,1391.0
F3671122,297,19:43,23:56,3 hours 13 minutes,2022-03-03,Dallas,New York,1389.0
F3671805,535,08:42,12:52,3 hours 10 minutes,2022-03-03,Dallas,New York,1389.0
F3675067,610,18:35,22:45,3 hours 10 minutes,2022-03-03,Dallas,New York,1389.0
F3680429,407,05:59,10:12,3 hours 13 minutes,2022-03-03,Dallas,New York,1389.0
F3681703,416,13:06,17:29,3 hours 23 minutes,2022-03-03,Dallas,New York,1391.0
F3682042,431,13:09,17:29,3 hours 20 minutes,2022-03-03,Dallas,New York,1389.0
F3689150,402,12:23,16:40,3 hours 17 minutes,2022-03-03,Dallas,New York,1389.0
F3698391,381,17:12,21:39,3 hours 27 minutes,2022-03-03,Dallas,New York,1389.0
F3699404,633,09:39,13:47,3 hours 8 minutes,2022-03-03,Dallas,New York,1389.0
F3700838,591,14:49,19:05,3 hours 16 minutes,2022-03-03,Dallas,New York,1389.0
F3712444,381,07:02,11:09,3 hours 7 minutes,2022-03-03,Dallas,New York,1389.0
F3718980,365,11:33,15:43,3 hours 10 minutes,2022-03-03,Dallas,New York,1389.0
F3725397,480,15:40,20:04,3 hours 24 minutes,2022-03-03,Dallas,New York,1389.0
F3755998,541,15:31,19:36,3 hours 5 minutes,2022-03-03,Dallas,New York,1391.0
F3781437,569,06:05,10:21,3 hours 16 minutes,2022-03-03,Dallas,New York,1389.0
F3782716,529,10:34,14:49,3 hours 15 minutes,2022-03-03,Dallas,New York,1389.0
F3942004,651,05:57,09:53,2 hours 56 minutes,2022-03-03,Dallas,New York,1381.0
F3942005,490,10:28,14:29,3 hours 1 minutes,2022-03-03,Dallas,New York,1381.0
F3942006,313,18:30,22:43,3 hours 13 minutes,2022-03-03,Dallas,New York,1381.0
F3942007,542,13:26,17:36,3 hours 10 minutes,2022-03-03,Dallas,New York,1381.0
F3643216,69,10:52,12:06,1 hours 14 minutes,2022-03-05,New York,Syracuse,198.0
F3653954,49,17:12,18:13,1 hours 1 minutes,2022-03-05,New York,Syracuse,198.0
F3654681,90,12:20,13:26,1 hours 6 minutes,2022-03-05,New York,Syracuse,209.0
F3758999,51,09:24,10:32,1 hours 8 minutes,2022-03-05,New York,Syracuse,209.0
F3719855,280,06:04,09:35,4 hours 31 minutes,2022-03-07,Syracuse,Dallas,1336.0
F3861884,382,18:55,21:34,3 hours 39 minutes,2022-03-15,El Paso,Seattle,1368.0
F3862166,55,22:51,23:44,0 hours 53 minutes,2022-03-17,Seattle,Walla Walla,213.0
F3862169,78,14:22,15:16,0 hours 54 minutes,2022-03-17,Seattle,Walla Walla,213.0
F3501842,211,12:52,15:43,2 hours 51 minutes,2022-03-11,Minneapolis,Houston,1034.0
F3846574,373,20:23,23:07,2 hours 44 minutes,2022-03-11,Minneapolis,Houston,1034.0
F3846650,241,15:15,18:18,3 hours 3 minutes,2022-03-11,Minneapolis,Houston,1034.0
F3846770,395,08:02,11:22,3 hours 20 minutes,2022-03-11,Minneapolis,Houston,1034.0
F3878807,330,05:43,08:45,3 hours 2 minutes,2022-03-11,Minneapolis,Houston,1034.0
F3945962,373,06:20,09:14,2 hours 54 minutes,2022-03-11,Minneapolis,Houston,1057.0
F4042542,341,15:27,18:25,2 hours 58 minutes,2022-03-11,Minneapolis,Houston,1034.0
F3667571,72,09:22,10:25,1 hours 3 minutes,2022-03-13,Houston,Dallas,224.0
F3673860,90,07:42,08:58,1 hours 16 minutes,2022-03-13,Houston,Dallas,224.0
F3718959,65,12:17,13:26,1 hours 9 minutes,2022-03-13,Houston,Dallas,224.0
F3719073,97,16:53,18:15,1 hours 22 minutes,2022-03-13,Houston,Dallas,224.0
F3723235,73,10:14,11:27,1 hours 13 minutes,2022-03-13,Houston,Dallas,224.0
F3723628,103,20:42,21:55,1 hours 13 minutes,2022-03-13,Houston,Dallas,224.0
F3723679,87,05:06,06:17,1 hours 11 minutes,2022-03-13,Houston,Dallas,224.0
F3723732,104,14:22,15:32,1 hours 10 minutes,2022-03-13,Houston,Dallas,224.0
F3726144,57,06:22,07:22,1 hours 0 minutes,2022-03-13,Houston,Dallas,224.0
F3822935,95,10:25,11:38,1 hours 13 minutes,2022-03-13,Houston,Dallas,224.0
F3822936,54,12:14,13:22,1 hours 8 minutes,2022-03-13,Houston,Dallas,224.0
F3876008,93,14:20,15:31,1 hours 11 minutes,2022-03-13,Houston,Dallas,224.0
F3876457,104,20:15,21:44,1 hours 29 minutes,2022-03-13,Houston,Dallas,224.0
F3876633,108,17:02,18:36,1 hours 34 minutes,2022-03-13,Houston,Dallas,224.0
F3974456,68,07:00,07:57,0 hours 57 minutes,2022-03-13,Houston,Dallas,239.0
F3974457,67,08:40,09:34,0 hours 54 minutes,2022-03-13,Houston,Dallas,239.0
F3974458,49,10:34,11:39,1 hours 5 minutes,2022-03-13,Houston,Dallas,239.0
F3974459,50,12:47,13:52,1 hours 5 minutes,2022-03-13,Houston,Dallas,239.0
F3974460,99,15:38,16:31,0 hours 53 minutes,2022-03-13,Houston,Dallas,239.0
F3974461,68,17:38,19:05,1 hours 27 minutes,2022-03-13,Houston,Dallas,239.0
F3974462,76,19:13,20:26,1 hours 13 minutes,2022-03-13,Houston,Dallas,239.0
F3974463,116,22:51,00:25,1 hours 34 minutes,2022-03-13,Houston,Dallas,239.0
F3974571,66,19:09,20:39,1 hours 30 minutes,2022-03-13,Houston,Dallas,216.0
F3974572,103,05:35,06:32,0 hours 57 minutes,2022-03-13,Houston,Dallas,216.0
F3974573,75,13:24,14:18,0 hours 54 minutes,2022-03-13,Houston,Dallas,216.0
F3974574,96,08:17,09:10,0 hours 53 minutes,2022-03-13,Houston,Dallas,216.0
F3974575,48,21:51,22:53,1 hours 2 minutes,2022-03-13,Houston,Dallas,216.0
F3974576,61,19:05,20:16,1 hours 11 minutes,2022-03-13,Houston,Dallas,216.0
F4042793,58,18:12,19:39,1 hours 27 minutes,2022-03-13,Houston,Dallas,224.0
F4044029,64,11:48,13:03,1 hours 15 minutes,2022-03-13,Houston,Dallas,247.0
F4045199,51,04:58,06:09,1 hours 11 minutes,2022-03-13,Houston,Dallas,247.0
F4045583,120,12:52,13:58,1 hours 6 minutes,2022-03-13,Houston,Dallas,247.0
F4047208,53,16:42,17:59,1 hours 17 minutes,2022-03-13,Houston,Dallas,247.0
F4047581,75,13:11,14:33,1 hours 22 minutes,2022-03-13,Houston,Dallas,247.0
F3507945,305,19:28,21:49,2 hours 21 minutes,2022-03-15,Dallas,Minneapolis,852.0
F3512262,215,18:09,20:48,2 hours 39 minutes,2022-03-15,Dallas,Minneapolis,852.0
F3515736,213,07:13,09:39,2 hours 26 minutes,2022-03-15,Dallas,Minneapolis,852.0
F3537579,171,16:26,18:47,2 hours 21 minutes,2022-03-15,Dallas,Minneapolis,852.0
F3677493,243,19:30,21:57,2 hours 27 minutes,2022-03-15,Dallas,Minneapolis,852.0
F3707739,191,14:52,17:13,2 hours 21 minutes,2022-03-15,Dallas,Minneapolis,852.0
F3719452,181,09:21,11:40,2 hours 19 minutes,2022-03-15,Dallas,Minneapolis,852.0
F4001211,285,19:58,22:06,2 hours 8 minutes,2022-03-15,Dallas,Minneapolis,853.0
F3536565,30,05:29,06:34,1 hours 5 minutes,2022-03-15,Augusta,Atlanta,143.0
F3537312,56,19:23,20:21,0 hours 58 minutes,2022-03-15,Augusta,Atlanta,143.0
F3641248,49,13:09,14:04,0 hours 55 minutes,2022-03-15,Augusta,Atlanta,143.0
F3642808,39,15:40,16:50,1 hours 10 minutes,2022-03-15,Augusta,Atlanta,143.0
F3643833,52,06:57,07:52,0 hours 55 minutes,2022-03-15,Augusta,Atlanta,143.0
F3650184,42,10:17,11:05,0 hours 48 minutes,2022-03-15,Augusta,Atlanta,143.0
F3499024,81,14:39,15:43,1 hours 4 minutes,2022-03-17,Atlanta,Greensboro,306.0
F3500396,138,22:59,00:07,1 hours 8 minutes,2022-03-17,Atlanta,Greensboro,306.0
F3516022,84,12:31,13:36,1 hours 5 minutes,2022-03-17,Atlanta,Greensboro,306.0
F3520712,141,21:00,22:08,1 hours 8 minutes,2022-03-17,Atlanta,Greensboro,306.0
F3550462,117,17:46,18:58,1 hours 12 minutes,2022-03-17,Atlanta,Greensboro,306.0
F3554809,95,09:48,10:59,1 hours 11 minutes,2022-03-17,Atlanta,Greensboro,306.0
F3504204,79,15:12,16:20,1 hours 8 minutes,2022-03-24,Atlanta,Charlotte,226.0
F3504266,45,19:15,20:16,1 hours 1 minutes,2022-03-24,Atlanta,Charlotte,226.0
F3518073,111,23:10,00:15,1 hours 5 minutes,2022-03-24,Atlanta,Charlotte,226.0
F3522713,100,07:17,08:20,1 hours 3 minutes,2022-03-24,Atlanta,Charlotte,226.0
F3541575,46,12:28,13:28,1 hours 0 minutes,2022-03-24,Atlanta,Charlotte,226.0
F3554921,92,17:08,18:05,0 hours 57 minutes,2022-03-24,Atlanta,Charlotte,226.0
F3605905,45,13:49,15:12,1 hours 23 minutes,2022-03-24,Atlanta,Charlotte,226.0
F3630343,55,10:44,12:06,1 hours 22 minutes,2022-03-24,Atlanta,Charlotte,226.0
F3670166,55,20:18,21:33,1 hours 15 minutes,2022-03-24,Atlanta,Charlotte,226.0
F3670984,109,06:32,07:35,1 hours 3 minutes,2022-03-24,Atlanta,Charlotte,226.0
F3686238,64,08:31,10:06,1 hours 35 minutes,2022-03-24,Atlanta,Charlotte,226.0
F3704560,84,05:16,06:22,1 hours 6 minutes,2022-03-24,Atlanta,Charlotte,226.0
F3727834,51,15:30,16:43,1 hours 13 minutes,2022-03-24,Atlanta,Charlotte,226.0
F3777831,82,10:55,12:06,1 hours 11 minutes,2022-03-24,Atlanta,Charlotte,226.0
F3785305,96,18:17,19:32,1 hours 15 minutes,2022-03-24,Atlanta,Charlotte,226.0
F3635139,53,07:11,08:23,1 hours 12 minutes,2022-03-26,Charlotte,Wilmington,185.0
F3666324,66,12:49,13:43,0 hours 54 minutes,2022-03-26,Charlotte,Wilmington,185.0
F3783499,73,09:11,10:08,0 hours 57 minutes,2022-03-26,Charlotte,Wilmington,185.0
F3786873,71,14:31,15:30,0 hours 59 minutes,2022-03-26,Charlotte,Wilmington,185.0
F4050374,82,16:45,18:15,1 hours 30 minutes,2022-03-26,Charlotte,Wilmington,185.0
F4056596,60,20:48,22:02,1 hours 14 minutes,2022-03-26,Charlotte,Wilmington,185.0
F4061648,57,18:30,19:24,0 hours 54 minutes,2022-03-26,Charlotte,Wilmington,185.0
F3495797,91,06:39,07:59,1 hours 20 minutes,2022-03-28,Wilmington,Atlanta,377.0
F3551698,103,14:51,16:18,1 hours 27 minutes,2022-03-28,Wilmington,Atlanta,377.0
F3648264,162,11:50,13:21,1 hours 31 minutes,2022-03-28,Wilmington,Atlanta,377.0
F3651551,152,17:09,18:38,1 hours 29 minutes,2022-03-28,Wilmington,Atlanta,377.0
F3648350,104,18:05,19:28,1 hours 23 minutes,2022-03-01,Charlottesville,New York,305.0
F3652029,82,05:55,07:04,1 hours 9 minutes,2022-03-01,Charlottesville,New York,305.0
F3653174,69,10:33,11:47,1 hours 14 minutes,2022-03-01,Charlottesville,New York,305.0
F4050043,90,08:58,10:10,1 hours 12 minutes,2022-03-01,Charlottesville,New York,305.0
F4050105,64,19:19,20:48,1 hours 29 minutes,2022-03-01,Charlottesville,New York,305.0
F3639613,61,08:10,09:39,1 hours 29 minutes,2022-03-03,New York,Buffalo,292.0
F3639856,83,21:25,22:50,1 hours 25 minutes,2022-03-03,New York,Buffalo,301.0
F3641090,82,11:22,12:53,1 hours 31 minutes,2022-03-03,New York,Buffalo,292.0
F3643071,109,21:43,22:59,1 hours 16 minutes,2022-03-03,New York,Buffalo,292.0
F3646112,121,09:36,11:05,1 hours 29 minutes,2022-03-03,New York,Buffalo,301.0
F3647574,67,13:03,14:32,1 hours 29 minutes,2022-03-03,New York,Buffalo,292.0
F3651520,98,17:13,18:43,1 hours 30 minutes,2022-03-03,New York,Buffalo,301.0
F3654270,142,15:50,17:19,1 hours 29 minutes,2022-03-03,New York,Buffalo,292.0
F3758994,126,18:45,20:25,1 hours 40 minutes,2022-03-03,New York,Buffalo,301.0
F3759155,79,21:35,23:10,1 hours 35 minutes,2022-03-03,New York,Buffalo,301.0
F3762179,149,07:30,08:57,1 hours 27 minutes,2022-03-03,New York,Buffalo,301.0
F3598896,291,07:17,08:45,2 hours 28 minutes,2022-03-24,Dayton,Dallas,861.0
F3599818,368,13:55,15:13,2 hours 18 minutes,2022-03-24,Dayton,Dallas,861.0
F3603556,296,18:10,19:30,2 hours 20 minutes,2022-03-24,Dayton,Dallas,861.0
F3599975,142,20:19,21:28,1 hours 9 minutes,2022-03-26,Dallas,Amarillo,312.0
F4031174,158,09:15,10:22,1 hours 7 minutes,2022-03-26,Dallas,Amarillo,323.0
F4031175,87,22:19,23:26,1 hours 7 minutes,2022-03-26,Dallas,Amarillo,323.0
F4046398,99,10:23,11:32,1 hours 9 minutes,2022-03-26,Dallas,Amarillo,312.0
F3643854,190,11:25,13:17,1 hours 52 minutes,2022-03-06,Grand Rapids,New York,618.0
F3656153,233,18:49,20:55,2 hours 6 minutes,2022-03-06,Grand Rapids,New York,618.0
F3639861,87,21:28,22:56,1 hours 28 minutes,2022-03-08,New York,Buffalo,301.0
F3641095,98,11:57,13:22,1 hours 25 minutes,2022-03-08,New York,Buffalo,292.0
F3643076,90,21:54,23:11,1 hours 17 minutes,2022-03-08,New York,Buffalo,292.0
F3647578,59,13:38,15:04,1 hours 26 minutes,2022-03-08,New York,Buffalo,292.0
F3649936,91,16:04,17:53,1 hours 49 minutes,2022-03-08,New York,Buffalo,292.0
F3651100,133,08:08,09:41,1 hours 33 minutes,2022-03-08,New York,Buffalo,292.0
F3651199,141,09:51,11:17,1 hours 26 minutes,2022-03-08,New York,Buffalo,301.0
F3651305,148,16:55,18:23,1 hours 28 minutes,2022-03-08,New York,Buffalo,301.0
F3757210,63,18:36,20:04,1 hours 28 minutes,2022-03-08,New York,Buffalo,301.0
F3759308,131,21:26,22:52,1 hours 26 minutes,2022-03-08,New York,Buffalo,301.0
F3763182,103,07:27,08:55,1 hours 28 minutes,2022-03-08,New York,Buffalo,301.0
F3588676,185,13:19,14:15,1 hours 56 minutes,2022-03-09,Rochester,Chicago,528.0
F3599319,251,08:27,09:22,1 hours 55 minutes,2022-03-09,Rochester,Chicago,528.0
F3601617,84,12:33,13:31,0 hours 58 minutes,2022-03-09,Rochester,Chicago,268.0
F3601748,99,08:19,10:03,1 hours 44 minutes,2022-03-09,Rochester,Chicago,268.0
F3822403,202,17:26,18:37,2 hours 11 minutes,2022-03-09,Rochester,Chicago,528.0
F3855945,139,10:43,11:35,1 hours 52 minutes,2022-03-09,Rochester,Chicago,528.0
F3889440,166,07:00,08:00,2 hours 0 minutes,2022-03-09,Rochester,Chicago,528.0
F3598593,29,12:27,13:21,0 hours 54 minutes,2022-03-11,Chicago,Peoria,130.0
F3606012,63,17:17,18:04,0 hours 47 minutes,2022-03-11,Chicago,Peoria,130.0
F3928659,37,19:51,20:49,0 hours 58 minutes,2022-03-11,Chicago,Peoria,130.0
F3928779,58,08:50,09:49,0 hours 59 minutes,2022-03-11,Chicago,Peoria,130.0
F3785628,90,22:03,23:26,1 hours 23 minutes,2022-03-12,Tallahassee,Charlotte,386.0
F3793302,174,21:16,23:00,1 hours 44 minutes,2022-03-12,Tallahassee,Charlotte,386.0
F3794700,145,05:20,07:02,1 hours 42 minutes,2022-03-12,Tallahassee,Charlotte,386.0
F3605839,289,18:12,19:24,2 hours 12 minutes,2022-03-15,Charlotte,Fayetteville,754.0
F3732877,43,09:29,10:29,1 hours 0 minutes,2022-03-15,Charlotte,Fayetteville,118.0
F3783436,54,18:15,19:11,0 hours 56 minutes,2022-03-15,Charlotte,Fayetteville,118.0
F3793883,173,08:53,10:24,2 hours 31 minutes,2022-03-15,Charlotte,Fayetteville,754.0
F3948197,121,06:04,07:36,1 hours 32 minutes,2022-03-12,Eugene,Oakland,445.0
F3948198,135,16:42,18:03,1 hours 21 minutes,2022-03-12,Eugene,Oakland,445.0
F3615001,161,07:18,08:29,1 hours 11 minutes,2022-03-14,Oakland,Los Angeles,337.0
F3848200,159,07:09,08:38,1 hours 29 minutes,2022-03-14,Oakland,Los Angeles,337.0
F3848226,151,15:54,17:19,1 hours 25 minutes,2022-03-14,Oakland,Los Angeles,337.0
F3850312,108,11:42,13:06,1 hours 24 minutes,2022-03-14,Oakland,Los Angeles,337.0
F3979053,106,09:39,10:46,1 hours 7 minutes,2022-03-14,Oakland,Los Angeles,337.0
F3979054,100,10:33,11:53,1 hours 20 minutes,2022-03-14,Oakland,Los Angeles,337.0
F3979055,126,08:34,09:51,1 hours 17 minutes,2022-03-14,Oakland,Los Angeles,337.0
F3979056,87,21:08,22:15,1 hours 7 minutes,2022-03-14,Oakland,Los Angeles,337.0
F3979057,115,14:31,15:47,1 hours 16 minutes,2022-03-14,Oakland,Los Angeles,337.0
F3979058,146,20:07,21:16,1 hours 9 minutes,2022-03-14,Oakland,Los Angeles,337.0
F3979059,71,18:43,19:53,1 hours 10 minutes,2022-03-14,Oakland,Los Angeles,337.0
F3810277,312,12:34,15:02,2 hours 28 minutes,2022-03-16,Los Angeles,Eugene,748.0
F3819973,166,13:35,16:03,2 hours 28 minutes,2022-03-16,Los Angeles,Eugene,748.0
F3927912,129,11:36,13:21,1 hours 45 minutes,2022-03-12,Denver,Flagstaff,503.0
F3803009,49,09:23,10:07,0 hours 44 minutes,2022-03-14,Flagstaff,Phoenix,119.0
F3803157,57,18:07,18:53,0 hours 46 minutes,2022-03-14,Flagstaff,Phoenix,119.0
F3803206,34,15:02,15:51,0 hours 49 minutes,2022-03-14,Flagstaff,Phoenix,119.0
F3564177,160,11:58,14:35,1 hours 37 minutes,2022-03-16,Phoenix,Denver,602.0
F3564210,275,05:39,08:12,1 hours 33 minutes,2022-03-16,Phoenix,Denver,602.0
F3564309,230,19:42,22:25,1 hours 43 minutes,2022-03-16,Phoenix,Denver,602.0
F3713842,233,13:10,15:40,1 hours 30 minutes,2022-03-16,Phoenix,Denver,602.0
F3714717,156,08:26,11:00,1 hours 34 minutes,2022-03-16,Phoenix,Denver,602.0
F3720554,199,20:06,22:45,1 hours 39 minutes,2022-03-16,Phoenix,Denver,602.0
F3911227,259,13:31,16:10,1 hours 39 minutes,2022-03-16,Phoenix,Denver,602.0
F3911375,154,06:14,08:55,1 hours 41 minutes,2022-03-16,Phoenix,Denver,602.0
F3911378,156,16:32,19:14,1 hours 42 minutes,2022-03-16,Phoenix,Denver,602.0
F3911832,299,11:49,14:19,1 hours 30 minutes,2022-03-16,Phoenix,Denver,602.0
F3912137,225,15:24,18:11,1 hours 47 minutes,2022-03-16,Phoenix,Denver,602.0
F3912163,257,09:59,12:34,1 hours 35 minutes,2022-03-16,Phoenix,Denver,602.0
F4006297,285,06:45,09:17,1 hours 32 minutes,2022-03-16,Phoenix,Denver,602.0
F4006298,250,13:00,15:23,1 hours 23 minutes,2022-03-16,Phoenix,Denver,602.0
F4006299,257,17:31,20:10,1 hours 39 minutes,2022-03-16,Phoenix,Denver,602.0
F4006300,167,10:24,13:02,1 hours 38 minutes,2022-03-16,Phoenix,Denver,602.0
F4006301,232,09:03,11:44,1 hours 41 minutes,2022-03-16,Phoenix,Denver,602.0
F4006303,190,19:25,22:09,1 hours 44 minutes,2022-03-16,Phoenix,Denver,602.0
F4006304,126,08:00,10:34,1 hours 34 minutes,2022-03-16,Phoenix,Denver,602.0
F4006305,152,15:43,18:14,1 hours 31 minutes,2022-03-16,Phoenix,Denver,602.0
F3674115,450,16:37,18:13,3 hours 36 minutes,2022-03-15,Nashville,Phoenix,1449.0
F4000729,323,17:58,19:24,3 hours 26 minutes,2022-03-15,Nashville,Phoenix,1449.0
F4000730,465,12:12,13:42,3 hours 30 minutes,2022-03-15,Nashville,Phoenix,1449.0
F4000731,343,22:47,00:15,3 hours 28 minutes,2022-03-15,Nashville,Phoenix,1449.0
F3583485,735,08:17,12:48,6 hours 31 minutes,2022-03-01,Portland,Kahului,2562.0
F3736382,742,12:57,17:16,6 hours 19 minutes,2022-03-01,Portland,Kahului,2562.0
F3584728,26,12:27,13:09,0 hours 42 minutes,2022-03-03,Kahului,Kona,84.0
F3585961,23,13:51,14:37,0 hours 46 minutes,2022-03-03,Kahului,Kona,84.0
F3587004,25,16:13,16:49,0 hours 36 minutes,2022-03-03,Kahului,Kona,84.0
F3966424,27,17:21,17:58,0 hours 37 minutes,2022-03-03,Kahului,Kona,84.0
F3738771,651,13:52,21:33,5 hours 41 minutes,2022-03-05,Kona,Portland,2607.0
F4000627,332,14:26,15:50,2 hours 24 minutes,2022-03-15,Hartford,Nashville,852.0
F3610074,226,16:04,17:20,2 hours 16 minutes,2022-03-23,Syracuse,Chicago,607.0
F3841309,297,17:28,18:59,2 hours 31 minutes,2022-03-23,Syracuse,Chicago,607.0
F3893935,207,06:38,07:43,2 hours 5 minutes,2022-03-23,Syracuse,Chicago,607.0
F3921799,130,12:48,13:56,2 hours 8 minutes,2022-03-23,Syracuse,Chicago,607.0
F3598607,62,12:27,13:21,0 hours 54 minutes,2022-03-25,Chicago,Peoria,130.0
F3606023,26,17:18,18:07,0 hours 49 minutes,2022-03-25,Chicago,Peoria,130.0
F3920666,57,19:34,20:18,0 hours 44 minutes,2022-03-25,Chicago,Peoria,130.0
F3920785,61,08:53,09:52,0 hours 59 minutes,2022-03-25,Chicago,Peoria,130.0
F3728182,32,15:00,16:54,0 hours 54 minutes,2022-03-12,Chicago,Fort Wayne,157.0
F3728806,71,10:26,12:21,0 hours 55 minutes,2022-03-12,Chicago,Fort Wayne,157.0
F3802307,62,18:39,20:32,0 hours 53 minutes,2022-03-12,Chicago,Fort Wayne,157.0
F3852884,49,14:38,16:29,0 hours 51 minutes,2022-03-12,Chicago,Fort Wayne,157.0
F3852941,38,18:17,20:26,1 hours 9 minutes,2022-03-12,Chicago,Fort Wayne,157.0
F3503544,424,15:03,20:19,3 hours 16 minutes,2022-03-20,Salt Lake City,Detroit,1481.0
F3523560,668,18:15,23:28,3 hours 13 minutes,2022-03-20,Salt Lake City,Detroit,1481.0
F3548287,372,06:04,11:13,3 hours 9 minutes,2022-03-20,Salt Lake City,Detroit,1481.0
F3549036,613,09:40,14:53,3 hours 13 minutes,2022-03-20,Salt Lake City,Detroit,1481.0
F3497273,46,12:30,13:18,0 hours 48 minutes,2022-03-22,Detroit,Grand Rapids,120.0
F3541366,38,16:29,17:12,0 hours 43 minutes,2022-03-22,Detroit,Grand Rapids,120.0
F3545289,39,08:40,09:28,0 hours 48 minutes,2022-03-22,Detroit,Grand Rapids,120.0
F3554029,54,23:02,23:48,0 hours 46 minutes,2022-03-22,Detroit,Grand Rapids,120.0
F3514588,119,07:00,08:39,1 hours 39 minutes,2022-03-12,Raleigh,New York,431.0
F3639678,187,14:13,16:37,2 hours 24 minutes,2022-03-12,Raleigh,New York,427.0
F3643152,165,13:38,15:15,1 hours 37 minutes,2022-03-12,Raleigh,New York,431.0
F3644785,145,19:10,20:56,1 hours 46 minutes,2022-03-12,Raleigh,New York,431.0
F3645938,96,06:12,08:01,1 hours 49 minutes,2022-03-12,Raleigh,New York,427.0
F3648447,208,10:49,12:01,1 hours 12 minutes,2022-03-12,Raleigh,New York,427.0
F3711549,200,07:25,09:10,1 hours 45 minutes,2022-03-12,Raleigh,New York,431.0
F3756118,160,17:53,19:30,1 hours 37 minutes,2022-03-12,Raleigh,New York,427.0
F4048641,146,06:55,08:22,1 hours 27 minutes,2022-03-12,Raleigh,New York,427.0
F4049708,171,13:56,15:21,1 hours 25 minutes,2022-03-12,Raleigh,New York,431.0
F4050267,183,15:06,17:13,2 hours 7 minutes,2022-03-12,Raleigh,New York,427.0
F4053808,115,12:57,14:25,1 hours 28 minutes,2022-03-12,Raleigh,New York,427.0
F4057375,108,15:36,17:02,1 hours 26 minutes,2022-03-12,Raleigh,New York,431.0
F4065102,182,16:56,19:03,2 hours 7 minutes,2022-03-12,Raleigh,New York,427.0
F3845766,38,08:43,09:41,0 hours 58 minutes,2022-03-20,La Crosse,Minneapolis,119.0
F3845771,38,15:24,16:09,0 hours 45 minutes,2022-03-20,La Crosse,Minneapolis,119.0
F3805898,63,21:28,22:31,1 hours 3 minutes,2022-03-22,Minneapolis,Bemidji,199.0
F3805940,98,15:51,16:53,1 hours 2 minutes,2022-03-22,Minneapolis,Bemidji,199.0
F3488071,1226,14:54,17:47,5 hours 53 minutes,2022-03-20,Seattle,Kahului,2640.0
F3583256,565,09:34,12:37,6 hours 3 minutes,2022-03-20,Seattle,Kahului,2640.0
F3747514,1315,18:27,21:31,6 hours 4 minutes,2022-03-20,Seattle,Kahului,2640.0
F3747529,566,11:27,14:23,5 hours 56 minutes,2022-03-20,Seattle,Kahului,2640.0
F3747549,948,07:56,11:03,6 hours 7 minutes,2022-03-20,Seattle,Kahului,2640.0
F3584747,32,12:04,12:39,0 hours 35 minutes,2022-03-22,Kahului,Kona,84.0
F3585980,34,13:26,14:01,0 hours 35 minutes,2022-03-22,Kahului,Kona,84.0
F3587023,37,14:18,14:58,0 hours 40 minutes,2022-03-22,Kahului,Kona,84.0
F3983742,25,15:54,16:35,0 hours 41 minutes,2022-03-22,Kahului,Kona,84.0
F3488164,953,20:16,04:44,5 hours 28 minutes,2022-03-24,Kona,Seattle,2688.0
F3750158,934,22:34,06:53,5 hours 19 minutes,2022-03-24,Kona,Seattle,2688.0
F3750186,918,10:49,19:29,5 hours 40 minutes,2022-03-24,Kona,Seattle,2688.0
F3726820,1031,19:05,21:49,5 hours 44 minutes,2022-03-03,Miami,San Diego,2267.0
F3836110,25,06:17,07:08,0 hours 51 minutes,2022-03-05,San Diego,Los Angeles,109.0
F3839808,46,10:56,11:44,0 hours 48 minutes,2022-03-05,San Diego,Los Angeles,109.0
F3840189,40,06:31,07:22,0 hours 51 minutes,2022-03-05,San Diego,Los Angeles,109.0
F3658880,1003,00:08,07:39,4 hours 31 minutes,2022-03-07,Los Angeles,Miami,2342.0
F3659461,768,22:18,05:44,4 hours 26 minutes,2022-03-07,Los Angeles,Miami,2342.0
F3663822,777,08:53,16:24,4 hours 31 minutes,2022-03-07,Los Angeles,Miami,2342.0
F3707778,840,15:26,22:55,4 hours 29 minutes,2022-03-07,Los Angeles,Miami,2342.0
F3712071,734,13:00,20:30,4 hours 30 minutes,2022-03-07,Los Angeles,Miami,2342.0
F3712613,1022,07:04,14:36,4 hours 32 minutes,2022-03-07,Los Angeles,Miami,2342.0
F3777066,866,12:02,19:50,4 hours 48 minutes,2022-03-07,Los Angeles,Miami,2342.0
F3777139,857,21:24,04:55,4 hours 31 minutes,2022-03-07,Los Angeles,Miami,2342.0
F3810556,33,15:47,16:30,0 hours 43 minutes,2022-03-20,Colorado Springs,Denver,73.0
F3839065,16,09:11,10:18,1 hours 7 minutes,2022-03-20,Colorado Springs,Denver,73.0
F3839109,30,05:53,06:56,1 hours 3 minutes,2022-03-20,Colorado Springs,Denver,73.0
F3839170,26,12:39,13:27,0 hours 48 minutes,2022-03-20,Colorado Springs,Denver,73.0
F3898486,32,07:52,08:38,0 hours 46 minutes,2022-03-20,Colorado Springs,Denver,73.0
F3899096,25,17:09,18:02,0 hours 53 minutes,2022-03-20,Colorado Springs,Denver,73.0
F3899301,26,11:31,12:19,0 hours 48 minutes,2022-03-20,Colorado Springs,Denver,73.0
F3952262,26,06:19,07:01,0 hours 42 minutes,2022-03-20,Colorado Springs,Denver,73.0
F3952263,18,15:32,16:21,0 hours 49 minutes,2022-03-20,Colorado Springs,Denver,73.0
F3952264,21,12:52,13:27,0 hours 35 minutes,2022-03-20,Colorado Springs,Denver,73.0
F3824871,203,20:10,23:36,2 hours 26 minutes,2022-03-22,Denver,Memphis,872.0
F3844284,211,10:43,14:10,2 hours 27 minutes,2022-03-22,Denver,Memphis,872.0
F3982405,391,12:45,15:56,2 hours 11 minutes,2022-03-22,Denver,Memphis,872.0
F3846679,236,13:16,15:54,1 hours 38 minutes,2022-03-11,Eugene,Salt Lake City,618.0
F3846853,296,05:40,08:32,1 hours 52 minutes,2022-03-11,Eugene,Salt Lake City,618.0
F3850364,46,17:09,18:17,1 hours 8 minutes,2022-03-14,Salt Lake City,Moab,183.0
F3493323,356,16:41,18:15,2 hours 34 minutes,2022-03-08,Atlanta,Austin,813.0
F3501433,244,14:20,15:53,2 hours 33 minutes,2022-03-08,Atlanta,Austin,813.0
F3520104,405,10:06,11:34,2 hours 28 minutes,2022-03-08,Atlanta,Austin,813.0
F3521683,374,22:52,00:21,2 hours 29 minutes,2022-03-08,Atlanta,Austin,813.0
F3535070,230,12:23,14:03,2 hours 40 minutes,2022-03-08,Atlanta,Austin,813.0
F3535359,304,20:07,21:43,2 hours 36 minutes,2022-03-08,Atlanta,Austin,813.0
F3552918,346,08:35,10:11,2 hours 36 minutes,2022-03-08,Atlanta,Austin,813.0
F3555518,363,20:51,22:25,2 hours 34 minutes,2022-03-08,Atlanta,Austin,813.0
F3999950,402,08:55,10:18,2 hours 23 minutes,2022-03-08,Atlanta,Austin,813.0
F3999951,178,19:29,21:15,2 hours 46 minutes,2022-03-08,Atlanta,Austin,813.0
F3607386,135,17:57,18:36,1 hours 39 minutes,2022-03-10,Austin,El Paso,528.0
F3610342,121,09:29,10:11,1 hours 42 minutes,2022-03-10,Austin,El Paso,528.0
F3802830,122,21:33,22:27,1 hours 54 minutes,2022-03-10,Austin,El Paso,528.0
F4021301,120,21:22,22:08,1 hours 46 minutes,2022-03-10,Austin,El Paso,528.0
F4021302,114,08:06,08:44,1 hours 38 minutes,2022-03-10,Austin,El Paso,528.0
F4021303,110,13:39,14:15,1 hours 36 minutes,2022-03-10,Austin,El Paso,528.0
F3510195,306,05:58,10:45,2 hours 47 minutes,2022-03-12,El Paso,Atlanta,1282.0
F3529597,488,13:45,18:38,2 hours 53 minutes,2022-03-12,El Paso,Atlanta,1282.0
F3856753,126,05:59,07:12,1 hours 13 minutes,2022-03-28,Duluth,Chicago,397.0
F3919095,152,11:12,12:40,1 hours 28 minutes,2022-03-28,Duluth,Chicago,397.0
F3836632,176,17:30,19:44,1 hours 14 minutes,2022-03-07,Denver,Amarillo,359.0
F3589817,104,07:48,08:58,1 hours 10 minutes,2022-03-09,Amarillo,Dallas,312.0
F3601151,139,10:15,11:27,1 hours 12 minutes,2022-03-09,Amarillo,Dallas,312.0
F4018144,148,17:05,18:12,1 hours 7 minutes,2022-03-09,Amarillo,Dallas,323.0
F4018145,115,06:34,07:33,0 hours 59 minutes,2022-03-09,Amarillo,Dallas,323.0
F4018146,154,10:41,11:49,1 hours 8 minutes,2022-03-09,Amarillo,Dallas,323.0
F3562234,305,06:54,07:53,1 hours 59 minutes,2022-03-11,Dallas,Denver,641.0
F3562236,287,12:58,13:59,2 hours 1 minutes,2022-03-11,Dallas,Denver,641.0
F3669696,152,06:01,07:03,2 hours 2 minutes,2022-03-11,Dallas,Denver,641.0
F3680883,176,21:01,22:08,2 hours 7 minutes,2022-03-11,Dallas,Denver,641.0
F3683345,145,22:50,23:50,2 hours 0 minutes,2022-03-11,Dallas,Denver,641.0
F3690151,207,14:40,15:29,1 hours 49 minutes,2022-03-11,Dallas,Denver,641.0
F3704140,190,07:07,08:09,2 hours 2 minutes,2022-03-11,Dallas,Denver,641.0
F3710787,232,19:19,20:26,2 hours 7 minutes,2022-03-11,Dallas,Denver,641.0
F3714366,221,12:44,13:48,2 hours 4 minutes,2022-03-11,Dallas,Denver,641.0
F3714415,306,17:28,18:29,2 hours 1 minutes,2022-03-11,Dallas,Denver,641.0
F3721619,166,08:35,09:38,2 hours 3 minutes,2022-03-11,Dallas,Denver,641.0
F3721712,265,10:51,12:00,2 hours 9 minutes,2022-03-11,Dallas,Denver,641.0
F3879243,243,20:48,22:00,2 hours 12 minutes,2022-03-11,Dallas,Denver,641.0
F3879345,266,09:11,10:53,2 hours 42 minutes,2022-03-11,Dallas,Denver,641.0
F3886633,225,13:11,14:09,1 hours 58 minutes,2022-03-11,Dallas,Denver,641.0
F3886637,223,05:59,07:00,2 hours 1 minutes,2022-03-11,Dallas,Denver,641.0
F3944426,235,21:15,22:28,2 hours 13 minutes,2022-03-11,Dallas,Denver,651.0
F3944427,303,22:32,23:27,1 hours 55 minutes,2022-03-11,Dallas,Denver,651.0
F3944428,219,18:07,19:04,1 hours 57 minutes,2022-03-11,Dallas,Denver,651.0
F3944429,142,08:10,09:13,2 hours 3 minutes,2022-03-11,Dallas,Denver,651.0
F3944430,166,09:33,10:33,2 hours 0 minutes,2022-03-11,Dallas,Denver,651.0
F3944431,191,14:34,15:33,1 hours 59 minutes,2022-03-11,Dallas,Denver,651.0
F3944432,228,07:00,07:54,1 hours 54 minutes,2022-03-11,Dallas,Denver,651.0
F3944433,171,11:08,12:16,2 hours 8 minutes,2022-03-11,Dallas,Denver,651.0
F3944434,262,20:02,20:59,1 hours 57 minutes,2022-03-11,Dallas,Denver,651.0
F3693189,334,17:09,19:37,3 hours 28 minutes,2022-03-08,Richmond,Dallas,1158.0
F3710006,566,07:17,09:54,3 hours 37 minutes,2022-03-08,Richmond,Dallas,1158.0
F3677086,75,22:34,23:48,1 hours 14 minutes,2022-03-10,Dallas,Houston,224.0
F3710121,106,21:38,22:50,1 hours 12 minutes,2022-03-10,Dallas,Houston,224.0
F3710237,86,18:55,20:06,1 hours 11 minutes,2022-03-10,Dallas,Houston,224.0
F3718925,81,10:16,11:13,0 hours 57 minutes,2022-03-10,Dallas,Houston,224.0
F3719039,91,14:59,15:56,0 hours 57 minutes,2022-03-10,Dallas,Houston,224.0
F3723206,59,08:27,09:29,1 hours 2 minutes,2022-03-10,Dallas,Houston,224.0
F3723606,103,18:36,19:38,1 hours 2 minutes,2022-03-10,Dallas,Houston,224.0
F3723698,109,12:22,13:27,1 hours 5 minutes,2022-03-10,Dallas,Houston,224.0
F3812955,110,12:05,13:10,1 hours 5 minutes,2022-03-10,Dallas,Houston,224.0
F3812989,47,14:18,15:24,1 hours 6 minutes,2022-03-10,Dallas,Houston,224.0
F3888123,73,06:56,07:53,0 hours 57 minutes,2022-03-10,Dallas,Houston,224.0
F3888357,97,17:29,19:01,1 hours 32 minutes,2022-03-10,Dallas,Houston,224.0
F3888501,99,15:44,16:39,0 hours 55 minutes,2022-03-10,Dallas,Houston,224.0
F4021911,96,07:56,09:06,1 hours 10 minutes,2022-03-10,Dallas,Houston,239.0
F4021912,83,11:46,12:46,1 hours 0 minutes,2022-03-10,Dallas,Houston,239.0
F4021913,51,14:27,15:38,1 hours 11 minutes,2022-03-10,Dallas,Houston,239.0
F4021914,54,15:49,17:00,1 hours 11 minutes,2022-03-10,Dallas,Houston,239.0
F4021915,73,18:37,19:31,0 hours 54 minutes,2022-03-10,Dallas,Houston,239.0
F4021916,53,19:36,20:43,1 hours 7 minutes,2022-03-10,Dallas,Houston,239.0
F4021917,61,20:35,21:47,1 hours 12 minutes,2022-03-10,Dallas,Houston,239.0
F4021918,97,22:20,23:20,1 hours 0 minutes,2022-03-10,Dallas,Houston,239.0
F4021919,85,06:29,07:22,0 hours 53 minutes,2022-03-10,Dallas,Houston,239.0
F4021921,88,07:54,08:49,0 hours 55 minutes,2022-03-10,Dallas,Houston,216.0
F4021922,88,11:32,12:33,1 hours 1 minutes,2022-03-10,Dallas,Houston,216.0
F4021923,74,13:44,14:35,0 hours 51 minutes,2022-03-10,Dallas,Houston,216.0
F4021924,70,20:31,21:36,1 hours 5 minutes,2022-03-10,Dallas,Houston,216.0
F4021925,50,18:40,19:38,0 hours 58 minutes,2022-03-10,Dallas,Houston,216.0
F4039085,77,09:37,10:43,1 hours 6 minutes,2022-03-10,Dallas,Houston,224.0
F4045559,56,10:33,11:44,1 hours 11 minutes,2022-03-10,Dallas,Houston,247.0
F4046240,69,19:08,20:12,1 hours 4 minutes,2022-03-10,Dallas,Houston,247.0
F4047175,51,15:33,16:48,1 hours 15 minutes,2022-03-10,Dallas,Houston,247.0
F4047547,115,08:28,09:24,0 hours 56 minutes,2022-03-10,Dallas,Houston,247.0
F4048133,108,22:25,23:42,1 hours 17 minutes,2022-03-10,Dallas,Houston,247.0
F4042628,285,16:40,20:56,3 hours 16 minutes,2022-03-12,Houston,Richmond,1157.0
F3674021,283,11:02,15:46,2 hours 44 minutes,2022-03-25,Palm Springs,Dallas,1126.0
F3710339,432,14:44,19:33,2 hours 49 minutes,2022-03-25,Palm Springs,Dallas,1126.0
F3723369,471,06:31,11:09,2 hours 38 minutes,2022-03-25,Palm Springs,Dallas,1126.0
F3594273,68,08:32,09:29,0 hours 57 minutes,2022-03-27,Dallas,San Angelo,229.0
F3608916,111,12:48,13:44,0 hours 56 minutes,2022-03-27,Dallas,San Angelo,229.0
F3814248,54,22:33,23:43,1 hours 10 minutes,2022-03-27,Dallas,San Angelo,229.0
F3842378,119,14:54,16:14,1 hours 20 minutes,2022-03-01,Albuquerque,Denver,349.0
F3916079,114,18:02,19:43,1 hours 41 minutes,2022-03-01,Albuquerque,Denver,349.0
F3916999,113,06:56,08:14,1 hours 18 minutes,2022-03-01,Albuquerque,Denver,349.0
F3934387,147,13:40,14:59,1 hours 19 minutes,2022-03-01,Albuquerque,Denver,349.0
F3934701,131,05:14,06:32,1 hours 18 minutes,2022-03-01,Albuquerque,Denver,349.0
F3934702,123,19:14,20:30,1 hours 16 minutes,2022-03-01,Albuquerque,Denver,349.0
F3934703,138,11:07,12:26,1 hours 19 minutes,2022-03-01,Albuquerque,Denver,349.0
F3809463,33,11:22,12:01,0 hours 39 minutes,2022-03-03,Denver,Colorado Springs,73.0
F3809582,22,20:30,21:14,0 hours 44 minutes,2022-03-03,Denver,Colorado Springs,73.0
F3839476,35,17:43,18:20,0 hours 37 minutes,2022-03-03,Denver,Colorado Springs,73.0
F3853284,26,14:03,14:47,0 hours 44 minutes,2022-03-03,Denver,Colorado Springs,73.0
F3906534,19,19:10,19:45,0 hours 35 minutes,2022-03-03,Denver,Colorado Springs,73.0
F3942178,32,11:22,11:50,0 hours 28 minutes,2022-03-03,Denver,Colorado Springs,73.0
F3942179,31,14:20,14:51,0 hours 31 minutes,2022-03-03,Denver,Colorado Springs,73.0
F3942180,18,21:35,22:18,0 hours 43 minutes,2022-03-03,Denver,Colorado Springs,73.0
F3598641,223,06:41,09:07,2 hours 26 minutes,2022-03-06,Evansville,Dallas,642.0
F3598505,48,21:01,21:53,0 hours 52 minutes,2022-03-08,Dallas,Texarkana,181.0
F3599861,74,08:43,09:58,1 hours 15 minutes,2022-03-08,Dallas,Texarkana,181.0
F3603598,79,16:48,17:37,0 hours 49 minutes,2022-03-08,Dallas,Texarkana,181.0
F3511217,489,19:10,21:38,3 hours 28 minutes,2022-03-24,Nashville,Salt Lake City,1404.0
F3805268,58,17:20,18:17,0 hours 57 minutes,2022-03-26,Salt Lake City,Moab,183.0
F4041091,396,16:56,20:26,2 hours 30 minutes,2022-03-27,Houston,Grand Rapids,1042.0
F3497290,58,14:16,15:07,0 hours 51 minutes,2022-03-30,Grand Rapids,Detroit,120.0
F3522195,50,05:11,05:54,0 hours 43 minutes,2022-03-30,Grand Rapids,Detroit,120.0
F3540699,27,18:15,18:56,0 hours 41 minutes,2022-03-30,Grand Rapids,Detroit,120.0
F3545306,52,10:37,11:17,0 hours 40 minutes,2022-03-30,Grand Rapids,Detroit,120.0
F3498809,517,15:55,17:57,3 hours 2 minutes,2022-03-31,Detroit,Houston,1075.0
F3500037,374,08:51,10:51,3 hours 0 minutes,2022-03-31,Detroit,Houston,1075.0
F3501966,399,12:18,14:18,3 hours 0 minutes,2022-03-31,Detroit,Houston,1075.0
F3503175,232,20:55,22:54,2 hours 59 minutes,2022-03-31,Detroit,Houston,1075.0
F3626973,429,09:42,11:34,2 hours 52 minutes,2022-03-31,Detroit,Houston,1075.0
F3823146,256,07:01,09:22,3 hours 21 minutes,2022-03-31,Detroit,Houston,1075.0
F3823149,381,17:47,19:50,3 hours 3 minutes,2022-03-31,Detroit,Houston,1075.0
F3935292,98,06:13,06:37,1 hours 24 minutes,2022-03-01,Cleveland,Nashville,448.0
F3935293,202,17:26,17:44,1 hours 18 minutes,2022-03-01,Cleveland,Nashville,448.0
F3832572,85,18:50,19:43,0 hours 53 minutes,2022-03-10,Moab,Salt Lake City,183.0
F3495102,272,17:41,21:40,2 hours 59 minutes,2022-03-11,Salt Lake City,Milwaukee,1247.0
F3577029,428,18:56,21:37,2 hours 41 minutes,2022-03-01,Toledo,Punta Gorda,1016.0
F3599152,194,10:33,12:24,1 hours 51 minutes,2022-03-25,Washington,Charleston,444.0
F3633473,117,07:57,09:55,1 hours 58 minutes,2022-03-25,Washington,Charleston,444.0
F3634315,120,20:39,21:45,1 hours 6 minutes,2022-03-25,Washington,Charleston,249.0
F3790618,98,20:32,22:15,1 hours 43 minutes,2022-03-25,Washington,Charleston,444.0
F3883619,210,22:24,00:01,1 hours 37 minutes,2022-03-25,Washington,Charleston,441.0
F3920774,171,16:59,18:57,1 hours 58 minutes,2022-03-25,Washington,Charleston,441.0
F4054507,123,16:59,18:48,1 hours 49 minutes,2022-03-25,Washington,Charleston,444.0
F4060380,209,13:50,15:46,1 hours 56 minutes,2022-03-25,Washington,Charleston,444.0
F4076315,167,10:27,12:25,1 hours 58 minutes,2022-03-25,Washington,Charleston,441.0
F4041344,231,13:37,15:16,1 hours 39 minutes,2022-03-29,Hilton Head,Washington,498.0
F4054069,206,11:22,13:03,1 hours 41 minutes,2022-03-29,Hilton Head,Washington,501.0
F3674197,347,17:12,19:05,2 hours 53 minutes,2022-03-04,Sarasota,Dallas,945.0
F3970456,429,15:34,17:18,2 hours 44 minutes,2022-03-04,Sarasota,Dallas,934.0
F3667551,89,07:01,08:11,1 hours 10 minutes,2022-03-06,Dallas,Houston,224.0
F3677085,104,22:33,23:44,1 hours 11 minutes,2022-03-06,Dallas,Houston,224.0
F3710117,93,21:07,22:16,1 hours 9 minutes,2022-03-06,Dallas,Houston,224.0
F3710233,82,21:56,23:25,1 hours 29 minutes,2022-03-06,Dallas,Houston,224.0
F3718921,91,10:19,11:21,1 hours 2 minutes,2022-03-06,Dallas,Houston,224.0
F3719035,98,15:02,16:04,1 hours 2 minutes,2022-03-06,Dallas,Houston,224.0
F3723202,47,08:25,09:33,1 hours 8 minutes,2022-03-06,Dallas,Houston,224.0
F3723605,85,19:02,20:13,1 hours 11 minutes,2022-03-06,Dallas,Houston,224.0
F3723694,111,12:19,13:25,1 hours 6 minutes,2022-03-06,Dallas,Houston,224.0
F3828267,64,12:17,13:25,1 hours 8 minutes,2022-03-06,Dallas,Houston,224.0
F3901542,50,07:05,08:11,1 hours 6 minutes,2022-03-06,Dallas,Houston,224.0
F3901762,99,17:25,19:02,1 hours 37 minutes,2022-03-06,Dallas,Houston,224.0
F3901898,109,15:41,16:47,1 hours 6 minutes,2022-03-06,Dallas,Houston,224.0
F3977401,47,08:54,09:55,1 hours 1 minutes,2022-03-06,Dallas,Houston,216.0
F3994266,70,07:57,08:55,0 hours 58 minutes,2022-03-06,Dallas,Houston,239.0
F3994267,117,09:30,10:34,1 hours 4 minutes,2022-03-06,Dallas,Houston,239.0
F3994268,115,11:44,12:42,0 hours 58 minutes,2022-03-06,Dallas,Houston,239.0
F3994269,50,13:30,14:55,1 hours 25 minutes,2022-03-06,Dallas,Houston,239.0
F3994270,99,15:41,17:11,1 hours 30 minutes,2022-03-06,Dallas,Houston,239.0
F3994271,73,17:37,19:05,1 hours 28 minutes,2022-03-06,Dallas,Houston,239.0
F3994272,80,19:49,20:51,1 hours 2 minutes,2022-03-06,Dallas,Houston,239.0
F3994273,70,22:10,23:11,1 hours 1 minutes,2022-03-06,Dallas,Houston,239.0
F3994274,53,22:29,23:22,0 hours 53 minutes,2022-03-06,Dallas,Houston,239.0
F3994275,62,06:35,07:37,1 hours 2 minutes,2022-03-06,Dallas,Houston,239.0
F3994276,47,21:57,22:50,0 hours 53 minutes,2022-03-06,Dallas,Houston,216.0
F3994277,88,18:10,19:12,1 hours 2 minutes,2022-03-06,Dallas,Houston,216.0
F3994278,55,10:55,11:56,1 hours 1 minutes,2022-03-06,Dallas,Houston,216.0
F3994279,49,14:33,15:32,0 hours 59 minutes,2022-03-06,Dallas,Houston,216.0
F4038985,90,14:17,15:24,1 hours 7 minutes,2022-03-06,Dallas,Houston,224.0
F4039057,92,09:31,10:38,1 hours 7 minutes,2022-03-06,Dallas,Houston,224.0
F4045556,83,10:38,11:45,1 hours 7 minutes,2022-03-06,Dallas,Houston,247.0
F4046236,63,19:23,20:41,1 hours 18 minutes,2022-03-06,Dallas,Houston,247.0
F4047171,81,14:30,15:45,1 hours 15 minutes,2022-03-06,Dallas,Houston,247.0
F4047543,113,08:34,09:39,1 hours 5 minutes,2022-03-06,Dallas,Houston,247.0
F4048132,82,22:28,23:47,1 hours 19 minutes,2022-03-06,Dallas,Houston,247.0
F3825161,363,11:49,14:57,2 hours 8 minutes,2022-03-08,Houston,Sarasota,796.0
F4016335,214,11:00,13:52,1 hours 52 minutes,2022-03-08,Houston,Sarasota,789.0
F3676020,448,08:46,10:15,3 hours 29 minutes,2022-03-07,Dallas,San Diego,1171.0
F3688928,540,20:50,22:10,3 hours 20 minutes,2022-03-07,Dallas,San Diego,1171.0
F3692326,567,16:54,18:05,3 hours 11 minutes,2022-03-07,Dallas,San Diego,1171.0
F3693987,559,12:38,13:54,3 hours 16 minutes,2022-03-07,Dallas,San Diego,1171.0
F3694267,487,07:09,08:29,3 hours 20 minutes,2022-03-07,Dallas,San Diego,1171.0
F3694686,369,10:31,11:49,3 hours 18 minutes,2022-03-07,Dallas,San Diego,1171.0
F3704078,404,19:11,20:25,3 hours 14 minutes,2022-03-07,Dallas,San Diego,1171.0
F3727008,369,14:34,15:47,3 hours 13 minutes,2022-03-07,Dallas,San Diego,1171.0
F3997524,556,13:02,14:22,3 hours 20 minutes,2022-03-07,Dallas,San Diego,1182.0
F3997525,553,19:31,20:34,3 hours 3 minutes,2022-03-07,Dallas,San Diego,1182.0
F3997526,262,09:51,11:05,3 hours 14 minutes,2022-03-07,Dallas,San Diego,1182.0
F3605325,483,14:02,19:20,3 hours 18 minutes,2022-03-11,San Luis Obispo,Dallas,1360.0
F3973004,497,17:56,20:02,4 hours 6 minutes,2022-03-12,St. Louis,San Jose,1715.0
F3803085,150,19:50,21:04,1 hours 14 minutes,2022-03-14,San Jose,Los Angeles,308.0
F3803146,80,08:57,10:12,1 hours 15 minutes,2022-03-14,San Jose,Los Angeles,308.0
F3818918,150,10:06,11:20,1 hours 14 minutes,2022-03-14,San Jose,Los Angeles,308.0
F3818920,112,18:49,20:03,1 hours 14 minutes,2022-03-14,San Jose,Los Angeles,308.0
F3818935,121,06:55,08:25,1 hours 30 minutes,2022-03-14,San Jose,Los Angeles,308.0
F3847926,135,14:09,15:28,1 hours 19 minutes,2022-03-14,San Jose,Los Angeles,308.0
F3848061,98,06:39,07:57,1 hours 18 minutes,2022-03-14,San Jose,Los Angeles,308.0
F3848221,133,18:52,20:12,1 hours 20 minutes,2022-03-14,San Jose,Los Angeles,308.0
F3850158,96,09:51,11:11,1 hours 20 minutes,2022-03-14,San Jose,Los Angeles,308.0
F3861486,68,16:26,17:35,1 hours 9 minutes,2022-03-14,San Jose,Los Angeles,308.0
F3979755,95,13:23,14:26,1 hours 3 minutes,2022-03-14,San Jose,Los Angeles,308.0
F3979756,136,17:30,18:35,1 hours 5 minutes,2022-03-14,San Jose,Los Angeles,308.0
F3979757,135,21:02,22:09,1 hours 7 minutes,2022-03-14,San Jose,Los Angeles,308.0
F3979758,62,18:36,19:44,1 hours 8 minutes,2022-03-14,San Jose,Los Angeles,308.0
F3979759,82,10:03,11:13,1 hours 10 minutes,2022-03-14,San Jose,Los Angeles,308.0
F3979760,100,15:03,16:05,1 hours 2 minutes,2022-03-14,San Jose,Los Angeles,308.0
F3686311,377,19:00,00:33,3 hours 33 minutes,2022-03-16,Los Angeles,St. Louis,1592.0
F4005484,646,17:16,22:33,3 hours 17 minutes,2022-03-16,Los Angeles,St. Louis,1592.0
F3594052,67,11:32,11:27,0 hours 55 minutes,2022-03-23,Grand Rapids,Chicago,137.0
F3801078,56,15:41,15:47,1 hours 6 minutes,2022-03-23,Grand Rapids,Chicago,137.0
F3840886,42,07:11,07:10,0 hours 59 minutes,2022-03-23,Grand Rapids,Chicago,137.0
F3893721,39,06:28,06:31,1 hours 3 minutes,2022-03-23,Grand Rapids,Chicago,137.0
F3921797,39,16:51,16:54,1 hours 3 minutes,2022-03-23,Grand Rapids,Chicago,137.0
F3921950,62,12:38,12:35,0 hours 57 minutes,2022-03-23,Grand Rapids,Chicago,137.0
F3985965,41,06:34,06:30,0 hours 56 minutes,2022-03-23,Grand Rapids,Chicago,137.0
F3985966,55,19:21,19:19,0 hours 58 minutes,2022-03-23,Grand Rapids,Chicago,137.0
F3598607,62,12:27,13:21,0 hours 54 minutes,2022-03-25,Chicago,Peoria,130.0
F3606023,26,17:18,18:07,0 hours 49 minutes,2022-03-25,Chicago,Peoria,130.0
F3920666,57,19:34,20:18,0 hours 44 minutes,2022-03-25,Chicago,Peoria,130.0
F3920785,61,08:53,09:52,0 hours 59 minutes,2022-03-25,Chicago,Peoria,130.0
F3641864,128,13:05,14:21,1 hours 16 minutes,2022-03-05,Buffalo,New York,292.0
F3643776,65,19:31,20:43,1 hours 12 minutes,2022-03-05,Buffalo,New York,301.0
F3645587,134,05:51,07:13,1 hours 22 minutes,2022-03-05,Buffalo,New York,301.0
F3654361,144,06:14,07:23,1 hours 9 minutes,2022-03-05,Buffalo,New York,292.0
F3656588,99,12:01,13:12,1 hours 11 minutes,2022-03-05,Buffalo,New York,301.0
F3755716,139,22:34,23:46,1 hours 12 minutes,2022-03-05,Buffalo,New York,301.0
F3758851,136,10:40,11:52,1 hours 12 minutes,2022-03-05,Buffalo,New York,301.0
F3760055,74,07:06,08:21,1 hours 15 minutes,2022-03-05,Buffalo,New York,301.0
F3648382,75,14:26,15:54,1 hours 28 minutes,2022-03-07,New York,Charlottesville,305.0
F3651721,96,11:47,13:11,1 hours 24 minutes,2022-03-07,New York,Charlottesville,305.0
F3653209,88,08:09,09:36,1 hours 27 minutes,2022-03-07,New York,Charlottesville,305.0
F4050080,99,06:42,08:00,1 hours 18 minutes,2022-03-07,New York,Charlottesville,305.0
F4050142,80,17:51,19:21,1 hours 30 minutes,2022-03-07,New York,Charlottesville,305.0
F3684509,232,22:51,00:34,1 hours 43 minutes,2022-03-19,Charlotte,Buffalo,546.0
F3789380,194,15:20,17:03,1 hours 43 minutes,2022-03-19,Charlotte,Buffalo,546.0
F4053380,202,10:19,11:53,1 hours 34 minutes,2022-03-19,Charlotte,Buffalo,546.0
F3488065,854,15:26,19:16,6 hours 50 minutes,2022-03-14,Seattle,Kahului,2640.0
F3583250,1192,09:26,12:32,6 hours 6 minutes,2022-03-14,Seattle,Kahului,2640.0
F3743845,1215,18:09,21:40,6 hours 31 minutes,2022-03-14,Seattle,Kahului,2640.0
F3743859,977,12:40,15:57,6 hours 17 minutes,2022-03-14,Seattle,Kahului,2640.0
F3743881,664,07:20,10:43,6 hours 23 minutes,2022-03-14,Seattle,Kahului,2640.0
F3584517,36,06:16,06:55,0 hours 39 minutes,2022-03-16,Kahului,Honolulu,100.0
F3584683,34,07:27,08:02,0 hours 35 minutes,2022-03-16,Kahului,Honolulu,100.0
F3585224,20,08:01,08:39,0 hours 38 minutes,2022-03-16,Kahului,Honolulu,100.0
F3585275,31,08:58,09:36,0 hours 38 minutes,2022-03-16,Kahului,Honolulu,100.0
F3585316,26,09:45,10:24,0 hours 39 minutes,2022-03-16,Kahului,Honolulu,100.0
F3585534,37,19:14,19:59,0 hours 45 minutes,2022-03-16,Kahului,Honolulu,100.0
F3585595,39,09:56,10:38,0 hours 42 minutes,2022-03-16,Kahului,Honolulu,100.0
F3585639,22,10:22,11:13,0 hours 51 minutes,2022-03-16,Kahului,Honolulu,100.0
F3585757,48,10:46,11:33,0 hours 47 minutes,2022-03-16,Kahului,Honolulu,100.0
F3585819,20,11:35,12:20,0 hours 45 minutes,2022-03-16,Kahului,Honolulu,100.0
F3586005,33,12:25,13:08,0 hours 43 minutes,2022-03-16,Kahului,Honolulu,100.0
F3586457,31,13:45,14:31,0 hours 46 minutes,2022-03-16,Kahului,Honolulu,100.0
F3586775,30,14:43,15:21,0 hours 38 minutes,2022-03-16,Kahului,Honolulu,100.0
F3586875,49,15:36,16:10,0 hours 34 minutes,2022-03-16,Kahului,Honolulu,100.0
F3587076,41,16:09,16:55,0 hours 46 minutes,2022-03-16,Kahului,Honolulu,100.0
F3587881,45,18:51,19:30,0 hours 39 minutes,2022-03-16,Kahului,Honolulu,100.0
F3588052,27,19:36,20:21,0 hours 45 minutes,2022-03-16,Kahului,Honolulu,100.0
F3588186,23,19:59,20:33,0 hours 34 minutes,2022-03-16,Kahului,Honolulu,100.0
F3588294,29,20:40,21:12,0 hours 32 minutes,2022-03-16,Kahului,Honolulu,100.0
F4006122,34,13:07,13:43,0 hours 36 minutes,2022-03-16,Kahului,Honolulu,100.0
F4006123,49,19:02,19:40,0 hours 38 minutes,2022-03-16,Kahului,Honolulu,100.0
F4006124,40,19:17,20:01,0 hours 44 minutes,2022-03-16,Kahului,Honolulu,100.0
F4006125,47,08:09,08:46,0 hours 37 minutes,2022-03-16,Kahului,Honolulu,100.0
F4006126,37,06:28,07:20,0 hours 52 minutes,2022-03-16,Kahului,Honolulu,100.0
F4006127,21,10:46,11:25,0 hours 39 minutes,2022-03-16,Kahului,Honolulu,100.0
F3489271,1035,12:53,21:36,5 hours 43 minutes,2022-03-18,Honolulu,Seattle,2677.0
F3583099,1076,13:00,21:53,5 hours 53 minutes,2022-03-18,Honolulu,Seattle,2677.0
F3746010,1150,13:08,22:37,6 hours 29 minutes,2022-03-18,Honolulu,Seattle,2677.0
F3746087,1300,23:25,08:11,5 hours 46 minutes,2022-03-18,Honolulu,Seattle,2677.0
F3746335,782,22:53,07:43,5 hours 50 minutes,2022-03-18,Honolulu,Seattle,2677.0
F3746355,1306,08:11,16:49,5 hours 38 minutes,2022-03-18,Honolulu,Seattle,2677.0
F3782019,943,21:59,06:41,5 hours 42 minutes,2022-03-18,Honolulu,Seattle,2677.0
F3910333,242,14:14,17:32,2 hours 18 minutes,2022-03-17,Houston,Fort Myers,861.0
F3910555,319,07:39,10:49,2 hours 10 minutes,2022-03-17,Houston,Fort Myers,861.0
F3910843,231,20:14,23:29,2 hours 15 minutes,2022-03-17,Houston,Fort Myers,861.0
F3951019,33,18:00,18:57,0 hours 57 minutes,2022-03-19,Fort Myers,Orlando,133.0
F3566610,263,07:38,09:13,2 hours 35 minutes,2022-03-21,Orlando,Houston,854.0
F3611732,238,13:55,15:29,2 hours 34 minutes,2022-03-21,Orlando,Houston,854.0
F3614165,398,18:57,20:41,2 hours 44 minutes,2022-03-21,Orlando,Houston,854.0
F3614885,395,07:20,09:04,2 hours 44 minutes,2022-03-21,Orlando,Houston,854.0
F3618336,180,14:07,15:48,2 hours 41 minutes,2022-03-21,Orlando,Houston,854.0
F3896396,199,17:07,18:47,2 hours 40 minutes,2022-03-21,Orlando,Houston,854.0
F3896417,402,09:10,10:42,2 hours 32 minutes,2022-03-21,Orlando,Houston,854.0
F3896600,304,16:16,17:47,2 hours 31 minutes,2022-03-21,Orlando,Houston,854.0
F3896794,408,20:55,22:21,2 hours 26 minutes,2022-03-21,Orlando,Houston,854.0
F3897026,171,06:59,08:35,2 hours 36 minutes,2022-03-21,Orlando,Houston,854.0
F3897450,390,14:14,15:48,2 hours 34 minutes,2022-03-21,Orlando,Houston,854.0
F3897536,370,11:46,13:08,2 hours 22 minutes,2022-03-21,Orlando,Houston,854.0
F3957084,223,23:19,00:33,2 hours 14 minutes,2022-03-21,Orlando,Houston,849.0
F3957085,268,09:25,10:51,2 hours 26 minutes,2022-03-21,Orlando,Houston,849.0
F3957086,207,11:15,12:46,2 hours 31 minutes,2022-03-21,Orlando,Houston,849.0
F3957087,314,09:01,10:43,2 hours 42 minutes,2022-03-21,Orlando,Houston,854.0
F3784301,124,07:01,08:36,1 hours 35 minutes,2022-03-19,Dayton,Philadelphia,477.0
F3734047,53,09:18,10:17,0 hours 59 minutes,2022-03-21,Philadelphia,State College,153.0
F3735164,31,14:45,15:39,0 hours 54 minutes,2022-03-21,Philadelphia,State College,153.0
F3693068,217,13:47,16:53,2 hours 6 minutes,2022-03-21,Gunnison,Dallas,678.0
F3710134,83,20:58,22:16,1 hours 18 minutes,2022-03-23,Dallas,Houston,224.0
F3710250,71,18:50,20:03,1 hours 13 minutes,2022-03-23,Dallas,Houston,224.0
F3718938,59,10:21,11:39,1 hours 18 minutes,2022-03-23,Dallas,Houston,224.0
F3719052,103,15:25,16:36,1 hours 11 minutes,2022-03-23,Dallas,Houston,224.0
F3723217,96,08:27,09:28,1 hours 1 minutes,2022-03-23,Dallas,Houston,224.0
F3723711,76,12:24,14:01,1 hours 37 minutes,2022-03-23,Dallas,Houston,224.0
F3841077,102,12:22,13:54,1 hours 32 minutes,2022-03-23,Dallas,Houston,224.0
F3841111,109,14:18,15:28,1 hours 10 minutes,2022-03-23,Dallas,Houston,224.0
F3894032,47,07:07,08:47,1 hours 40 minutes,2022-03-23,Dallas,Houston,224.0
F3894263,77,17:25,19:18,1 hours 53 minutes,2022-03-23,Dallas,Houston,224.0
F3894403,99,15:46,16:55,1 hours 9 minutes,2022-03-23,Dallas,Houston,224.0
F3985499,108,08:51,09:49,0 hours 58 minutes,2022-03-23,Dallas,Houston,239.0
F3985500,89,11:27,12:29,1 hours 2 minutes,2022-03-23,Dallas,Houston,239.0
F3985501,89,16:17,17:22,1 hours 5 minutes,2022-03-23,Dallas,Houston,239.0
F3985502,99,17:57,19:02,1 hours 5 minutes,2022-03-23,Dallas,Houston,239.0
F3985503,105,19:44,20:45,1 hours 1 minutes,2022-03-23,Dallas,Houston,239.0
F3985504,60,20:30,21:32,1 hours 2 minutes,2022-03-23,Dallas,Houston,239.0
F3985505,77,22:09,23:07,0 hours 58 minutes,2022-03-23,Dallas,Houston,239.0
F3985506,83,06:26,07:22,0 hours 56 minutes,2022-03-23,Dallas,Houston,239.0
F3985507,65,09:33,10:36,1 hours 3 minutes,2022-03-23,Dallas,Houston,239.0
F3985509,104,07:58,08:57,0 hours 59 minutes,2022-03-23,Dallas,Houston,216.0
F3985510,59,22:09,23:02,0 hours 53 minutes,2022-03-23,Dallas,Houston,216.0
F3985511,72,06:06,07:07,1 hours 1 minutes,2022-03-23,Dallas,Houston,216.0
F3985512,57,11:40,12:40,1 hours 0 minutes,2022-03-23,Dallas,Houston,216.0
F3985513,57,18:13,19:21,1 hours 8 minutes,2022-03-23,Dallas,Houston,216.0
F3985514,59,13:36,14:35,0 hours 59 minutes,2022-03-23,Dallas,Houston,216.0
F4038424,81,09:37,11:17,1 hours 40 minutes,2022-03-23,Dallas,Houston,224.0
F4045568,84,13:10,14:29,1 hours 19 minutes,2022-03-23,Dallas,Houston,247.0
F4046253,63,19:11,20:28,1 hours 17 minutes,2022-03-23,Dallas,Houston,247.0
F4047188,118,14:33,15:45,1 hours 12 minutes,2022-03-23,Dallas,Houston,247.0
F4047560,85,08:33,09:43,1 hours 10 minutes,2022-03-23,Dallas,Houston,247.0
F4041202,218,09:22,10:50,2 hours 28 minutes,2022-03-25,Houston,Gunnison,886.0
F3943569,273,13:16,15:44,1 hours 28 minutes,2022-03-10,St. Louis,Pittsburgh,554.0
F3728295,29,06:53,07:26,0 hours 33 minutes,2022-03-14,Harrisburg,Philadelphia,84.0
F3731313,36,07:47,08:29,0 hours 42 minutes,2022-03-14,Harrisburg,Philadelphia,84.0
F3732371,39,11:43,12:25,0 hours 42 minutes,2022-03-14,Harrisburg,Philadelphia,84.0
F3733060,35,18:13,18:56,0 hours 43 minutes,2022-03-14,Harrisburg,Philadelphia,84.0
F3784628,283,13:33,14:48,2 hours 15 minutes,2022-03-16,Philadelphia,St. Louis,814.0
F4006262,383,19:53,20:56,2 hours 3 minutes,2022-03-16,Philadelphia,St. Louis,814.0
F4055142,228,08:05,09:22,2 hours 17 minutes,2022-03-16,Philadelphia,St. Louis,814.0
F3613907,575,10:06,14:21,3 hours 15 minutes,2022-03-11,Phoenix,Milwaukee,1460.0
F3683492,483,20:29,00:49,3 hours 20 minutes,2022-03-11,Phoenix,Milwaukee,1460.0
F3946354,434,09:39,13:48,3 hours 9 minutes,2022-03-11,Phoenix,Milwaukee,1460.0
F3946355,524,21:21,01:45,3 hours 24 minutes,2022-03-11,Phoenix,Milwaukee,1460.0
F3946356,382,16:34,20:54,3 hours 20 minutes,2022-03-11,Phoenix,Milwaukee,1460.0
F3682512,298,07:09,08:54,3 hours 45 minutes,2022-03-17,Madison,Phoenix,1396.0
F3837649,54,18:00,19:15,1 hours 15 minutes,2022-03-11,Alamosa,Denver,179.0
F3837702,77,10:07,11:23,1 hours 16 minutes,2022-03-11,Alamosa,Denver,179.0
F3544210,245,09:08,11:54,1 hours 46 minutes,2022-03-13,Denver,Minneapolis,680.0
F3546883,279,13:51,16:33,1 hours 42 minutes,2022-03-13,Denver,Minneapolis,680.0
F3551857,329,11:34,14:14,1 hours 40 minutes,2022-03-13,Denver,Minneapolis,680.0
F3552447,163,16:20,19:00,1 hours 40 minutes,2022-03-13,Denver,Minneapolis,680.0
F3554851,204,06:23,09:22,1 hours 59 minutes,2022-03-13,Denver,Minneapolis,680.0
F3875917,277,13:37,16:28,1 hours 51 minutes,2022-03-13,Denver,Minneapolis,680.0
F3876670,213,22:02,01:02,2 hours 0 minutes,2022-03-13,Denver,Minneapolis,680.0
F3876678,241,17:35,20:19,1 hours 44 minutes,2022-03-13,Denver,Minneapolis,680.0
F3876815,329,09:59,12:41,1 hours 42 minutes,2022-03-13,Denver,Minneapolis,680.0
F3974188,165,23:34,02:13,1 hours 39 minutes,2022-03-13,Denver,Minneapolis,680.0
F3836213,103,07:21,08:12,0 hours 51 minutes,2022-03-01,Sun Valley,Salt Lake City,222.0
F3836371,66,12:56,14:07,1 hours 11 minutes,2022-03-01,Sun Valley,Salt Lake City,222.0
F3529537,246,10:28,12:13,1 hours 45 minutes,2022-03-22,Atlanta,Harrisburg,620.0
F3536520,144,21:09,22:49,1 hours 40 minutes,2022-03-22,Atlanta,Harrisburg,620.0
F3706439,74,07:08,08:13,1 hours 5 minutes,2022-03-26,Pittsburgh,Philadelphia,268.0
F3789468,61,19:25,20:57,1 hours 32 minutes,2022-03-26,Pittsburgh,Philadelphia,268.0
F4055540,62,18:47,20:15,1 hours 28 minutes,2022-03-26,Pittsburgh,Philadelphia,268.0
F3490864,233,10:23,12:26,2 hours 3 minutes,2022-03-28,Philadelphia,Atlanta,666.0
F3492235,229,15:36,17:23,1 hours 47 minutes,2022-03-28,Philadelphia,Atlanta,666.0
F3494934,282,08:29,10:20,1 hours 51 minutes,2022-03-28,Philadelphia,Atlanta,666.0
F3496710,206,06:57,08:55,1 hours 58 minutes,2022-03-28,Philadelphia,Atlanta,666.0
F3523595,308,05:32,07:22,1 hours 50 minutes,2022-03-28,Philadelphia,Atlanta,666.0
F3524973,212,19:26,21:43,2 hours 17 minutes,2022-03-28,Philadelphia,Atlanta,666.0
F3546986,296,13:25,15:22,1 hours 57 minutes,2022-03-28,Philadelphia,Atlanta,666.0
F3569275,294,19:14,21:30,2 hours 16 minutes,2022-03-28,Philadelphia,Atlanta,666.0
F3628988,264,14:01,16:01,2 hours 0 minutes,2022-03-28,Philadelphia,Atlanta,666.0
F3698354,331,13:49,15:45,1 hours 56 minutes,2022-03-28,Philadelphia,Atlanta,666.0
F3700993,301,07:08,09:07,1 hours 59 minutes,2022-03-28,Philadelphia,Atlanta,666.0
F3958918,320,13:33,15:25,1 hours 52 minutes,2022-03-28,Philadelphia,Atlanta,666.0
F4055690,140,10:04,12:30,2 hours 26 minutes,2022-03-28,Philadelphia,Atlanta,666.0
F4055826,161,20:04,22:10,2 hours 6 minutes,2022-03-28,Philadelphia,Atlanta,666.0
F3615061,426,08:16,10:41,2 hours 25 minutes,2022-03-12,Fort Lauderdale,Pittsburgh,994.0
F3948253,428,07:04,09:32,2 hours 28 minutes,2022-03-12,Fort Lauderdale,Pittsburgh,994.0
F3565222,264,07:58,11:02,3 hours 4 minutes,2022-03-18,Philadelphia,Fort Lauderdale,992.0
F3611442,333,06:54,09:38,2 hours 44 minutes,2022-03-18,Philadelphia,Fort Lauderdale,992.0
F3611504,249,20:43,23:40,2 hours 57 minutes,2022-03-18,Philadelphia,Fort Lauderdale,992.0
F3617471,436,10:30,13:10,2 hours 40 minutes,2022-03-18,Philadelphia,Fort Lauderdale,992.0
F3691324,371,20:39,23:21,2 hours 42 minutes,2022-03-18,Philadelphia,Fort Lauderdale,992.0
F3697285,246,15:48,18:25,2 hours 37 minutes,2022-03-18,Philadelphia,Fort Lauderdale,992.0
F3714781,359,07:56,10:31,2 hours 35 minutes,2022-03-18,Philadelphia,Fort Lauderdale,992.0
F3716345,485,13:13,15:52,2 hours 39 minutes,2022-03-18,Philadelphia,Fort Lauderdale,992.0
F3762125,420,06:53,09:33,2 hours 40 minutes,2022-03-18,Philadelphia,Fort Lauderdale,992.0
F3804266,188,13:20,15:47,1 hours 27 minutes,2022-03-09,Roswell,Dallas,435.0
F3804434,121,06:30,09:02,1 hours 32 minutes,2022-03-09,Roswell,Dallas,435.0
F3591312,63,20:58,21:48,0 hours 50 minutes,2022-03-11,Dallas,Abilene,158.0
F3591818,49,18:52,19:44,0 hours 52 minutes,2022-03-11,Dallas,Abilene,158.0
F3595104,68,11:10,12:04,0 hours 54 minutes,2022-03-11,Dallas,Abilene,158.0
F3597581,52,22:31,23:21,0 hours 50 minutes,2022-03-11,Dallas,Abilene,158.0
F3609325,34,14:37,15:47,1 hours 10 minutes,2022-03-11,Dallas,Abilene,158.0
F3789977,160,10:10,11:43,2 hours 33 minutes,2022-03-09,Philadelphia,Madison,764.0
F3734303,223,05:17,08:12,1 hours 55 minutes,2022-03-15,Milwaukee,Philadelphia,690.0
F3786833,264,09:31,12:17,1 hours 46 minutes,2022-03-15,Milwaukee,Philadelphia,690.0
F3510248,715,17:16,20:02,5 hours 46 minutes,2022-03-10,Raleigh,Los Angeles,2239.0
F3720019,842,08:31,11:25,5 hours 54 minutes,2022-03-10,Raleigh,Los Angeles,2239.0
F3846297,45,19:25,20:15,0 hours 50 minutes,2022-03-12,Los Angeles,San Diego,109.0
F3852473,33,08:17,09:20,1 hours 3 minutes,2022-03-12,Los Angeles,San Diego,109.0
F3853028,25,22:40,23:21,0 hours 41 minutes,2022-03-12,Los Angeles,San Diego,109.0
F3818919,112,09:32,11:11,1 hours 39 minutes,2022-03-14,San Diego,San Francisco,447.0
F3818943,199,18:03,19:35,1 hours 32 minutes,2022-03-14,San Diego,San Francisco,447.0
F3818990,189,07:10,08:43,1 hours 33 minutes,2022-03-14,San Diego,San Francisco,447.0
F3819003,141,21:12,22:36,1 hours 24 minutes,2022-03-14,San Diego,San Francisco,447.0
F3819014,165,11:25,12:53,1 hours 28 minutes,2022-03-14,San Diego,San Francisco,447.0
F3819019,150,16:23,17:49,1 hours 26 minutes,2022-03-14,San Diego,San Francisco,447.0
F3873862,95,14:01,15:25,1 hours 24 minutes,2022-03-14,San Diego,San Francisco,447.0
F3873863,117,07:40,09:02,1 hours 22 minutes,2022-03-14,San Diego,San Francisco,447.0
F3874072,168,19:43,21:36,1 hours 53 minutes,2022-03-14,San Diego,San Francisco,447.0
F3874084,134,06:10,07:39,1 hours 29 minutes,2022-03-14,San Diego,San Francisco,447.0
F3874605,106,10:12,11:41,1 hours 29 minutes,2022-03-14,San Diego,San Francisco,447.0
F3875072,205,15:55,17:19,1 hours 24 minutes,2022-03-14,San Diego,San Francisco,447.0
F3979599,200,06:56,08:14,1 hours 18 minutes,2022-03-14,San Diego,San Francisco,447.0
F3979600,194,13:16,14:46,1 hours 30 minutes,2022-03-14,San Diego,San Francisco,447.0
F3979601,207,20:07,21:42,1 hours 35 minutes,2022-03-14,San Diego,San Francisco,447.0
F3912611,680,09:16,17:24,5 hours 8 minutes,2022-03-16,San Francisco,Raleigh,2400.0
F3673400,661,12:17,17:47,3 hours 30 minutes,2022-03-13,Portland,Dallas,1616.0
F3710389,576,06:05,11:36,3 hours 31 minutes,2022-03-13,Portland,Dallas,1616.0
F3724928,612,14:15,19:53,3 hours 38 minutes,2022-03-13,Portland,Dallas,1616.0
F3861340,753,09:43,15:21,3 hours 38 minutes,2022-03-13,Portland,Dallas,1616.0
F3596022,205,08:42,10:20,1 hours 38 minutes,2022-03-15,Dallas,Brownsville,482.0
F3599947,212,20:49,22:14,1 hours 25 minutes,2022-03-15,Dallas,Brownsville,482.0
F3608283,173,15:46,17:09,1 hours 23 minutes,2022-03-15,Dallas,Brownsville,482.0
F3746982,776,16:58,19:19,4 hours 21 minutes,2022-03-19,Austin,Portland,1715.0
F3743342,818,17:22,20:47,6 hours 25 minutes,2022-03-13,Boston,San Diego,2588.0
F3773666,1004,15:52,19:19,6 hours 27 minutes,2022-03-13,Boston,San Diego,2588.0
F3838375,45,10:56,11:48,0 hours 52 minutes,2022-03-15,San Diego,Los Angeles,109.0
F3838400,47,06:32,07:30,0 hours 58 minutes,2022-03-15,San Diego,Los Angeles,109.0
F3847298,24,06:13,08:06,1 hours 53 minutes,2022-03-15,San Diego,Los Angeles,109.0
F3745382,160,07:42,09:18,1 hours 36 minutes,2022-03-17,Los Angeles,San Francisco,337.0
F3745385,117,18:09,19:33,1 hours 24 minutes,2022-03-17,Los Angeles,San Francisco,337.0
F3771327,154,18:13,19:22,1 hours 9 minutes,2022-03-17,Los Angeles,San Francisco,337.0
F3798359,141,20:09,21:28,1 hours 19 minutes,2022-03-17,Los Angeles,San Francisco,337.0
F3804797,118,08:59,10:24,1 hours 25 minutes,2022-03-17,Los Angeles,San Francisco,337.0
F3804840,166,17:13,18:41,1 hours 28 minutes,2022-03-17,Los Angeles,San Francisco,337.0
F3816804,69,21:01,22:25,1 hours 24 minutes,2022-03-17,Los Angeles,San Francisco,337.0
F3816852,119,12:55,14:19,1 hours 24 minutes,2022-03-17,Los Angeles,San Francisco,337.0
F3816859,76,14:39,15:59,1 hours 20 minutes,2022-03-17,Los Angeles,San Francisco,337.0
F3816892,117,16:16,17:33,1 hours 17 minutes,2022-03-17,Los Angeles,San Francisco,337.0
F3816904,124,22:31,23:44,1 hours 13 minutes,2022-03-17,Los Angeles,San Francisco,337.0
F3816907,100,10:03,11:19,1 hours 16 minutes,2022-03-17,Los Angeles,San Francisco,337.0
F3830384,134,15:17,16:35,1 hours 18 minutes,2022-03-17,Los Angeles,San Francisco,337.0
F3836420,90,08:11,09:31,1 hours 20 minutes,2022-03-17,Los Angeles,San Francisco,337.0
F3836453,99,21:56,23:14,1 hours 18 minutes,2022-03-17,Los Angeles,San Francisco,337.0
F3836474,74,06:09,07:32,1 hours 23 minutes,2022-03-17,Los Angeles,San Francisco,337.0
F3836495,115,10:53,12:06,1 hours 13 minutes,2022-03-17,Los Angeles,San Francisco,337.0
F3836549,165,17:30,18:50,1 hours 20 minutes,2022-03-17,Los Angeles,San Francisco,337.0
F3844664,128,13:56,15:05,1 hours 9 minutes,2022-03-17,Los Angeles,San Francisco,337.0
F3909539,151,16:12,17:22,1 hours 10 minutes,2022-03-17,Los Angeles,San Francisco,337.0
F3909881,96,13:19,14:41,1 hours 22 minutes,2022-03-17,Los Angeles,San Francisco,337.0
F3909959,89,08:01,09:30,1 hours 29 minutes,2022-03-17,Los Angeles,San Francisco,337.0
F3909962,88,05:52,07:07,1 hours 15 minutes,2022-03-17,Los Angeles,San Francisco,337.0
F3910138,165,10:35,11:55,1 hours 20 minutes,2022-03-17,Los Angeles,San Francisco,337.0
F3910325,138,22:36,23:49,1 hours 13 minutes,2022-03-17,Los Angeles,San Francisco,337.0
F3910710,74,19:11,20:23,1 hours 12 minutes,2022-03-17,Los Angeles,San Francisco,337.0
F4024087,70,17:48,19:03,1 hours 15 minutes,2022-03-17,Los Angeles,San Francisco,337.0
F4024088,114,12:45,13:52,1 hours 7 minutes,2022-03-17,Los Angeles,San Francisco,337.0
F4024089,107,21:06,22:12,1 hours 6 minutes,2022-03-17,Los Angeles,San Francisco,337.0
F3533184,728,14:22,23:00,5 hours 38 minutes,2022-03-19,San Francisco,Boston,2704.0
F3747037,829,09:15,17:57,5 hours 42 minutes,2022-03-19,San Francisco,Boston,2704.0
F3774198,1224,06:55,15:53,5 hours 58 minutes,2022-03-19,San Francisco,Boston,2704.0
F3899533,569,14:04,22:50,5 hours 46 minutes,2022-03-19,San Francisco,Boston,2704.0
F3899821,579,08:19,17:00,5 hours 41 minutes,2022-03-19,San Francisco,Boston,2704.0
F3900034,756,22:51,07:27,5 hours 36 minutes,2022-03-19,San Francisco,Boston,2704.0
F3542919,211,19:31,20:39,2 hours 8 minutes,2022-03-25,Atlanta,Cedar Rapids,694.0
F3675367,270,10:43,14:27,2 hours 44 minutes,2022-03-04,Dallas,Richmond,1158.0
F3701324,267,19:12,22:43,2 hours 31 minutes,2022-03-04,Dallas,Richmond,1158.0
F3827156,657,12:08,16:30,3 hours 22 minutes,2022-03-21,Boise,Chicago,1437.0
F3827601,594,07:56,12:18,3 hours 22 minutes,2022-03-21,Boise,Chicago,1437.0
F3863506,716,10:47,15:10,3 hours 23 minutes,2022-03-21,Boise,Chicago,1437.0
F3979512,294,16:09,18:45,2 hours 36 minutes,2022-03-14,Rochester,Orlando,1033.0
F3572666,475,10:16,15:38,3 hours 22 minutes,2022-03-03,Phoenix,Grand Rapids,1561.0
F3692293,653,09:54,15:21,3 hours 27 minutes,2022-03-03,Phoenix,Grand Rapids,1574.0
F3638838,27,18:07,18:45,0 hours 38 minutes,2022-03-07,Lansing,Detroit,74.0
F3654552,29,05:21,06:30,1 hours 9 minutes,2022-03-07,Lansing,Detroit,74.0
F3656092,27,11:28,12:39,1 hours 11 minutes,2022-03-07,Lansing,Detroit,74.0
F3508594,690,22:01,00:31,4 hours 30 minutes,2022-03-09,Detroit,Phoenix,1671.0
F3510069,470,16:14,18:39,4 hours 25 minutes,2022-03-09,Detroit,Phoenix,1671.0
F3511825,431,08:27,10:52,4 hours 25 minutes,2022-03-09,Detroit,Phoenix,1671.0
F3520450,834,12:59,15:17,4 hours 18 minutes,2022-03-09,Detroit,Phoenix,1671.0
F3615726,382,11:26,13:49,4 hours 23 minutes,2022-03-09,Detroit,Phoenix,1671.0
F3713640,568,06:50,09:39,4 hours 49 minutes,2022-03-09,Detroit,Phoenix,1671.0
F3594633,295,07:41,09:49,2 hours 8 minutes,2022-03-01,Austin,Nashville,756.0
F3602130,249,16:36,18:34,1 hours 58 minutes,2022-03-01,Austin,Nashville,756.0
F3934817,297,06:10,07:57,1 hours 47 minutes,2022-03-01,Austin,Nashville,756.0
F3934818,315,13:11,14:58,1 hours 47 minutes,2022-03-01,Austin,Nashville,756.0
F3934819,371,19:13,21:02,1 hours 49 minutes,2022-03-01,Austin,Nashville,756.0
F3934820,207,10:06,12:05,1 hours 59 minutes,2022-03-01,Austin,Nashville,756.0
F3934821,179,16:00,17:49,1 hours 49 minutes,2022-03-01,Austin,Nashville,756.0
F3580122,254,18:12,19:52,2 hours 40 minutes,2022-03-07,Knoxville,Austin,882.0
F3618942,187,08:11,10:56,2 hours 45 minutes,2022-03-23,Baltimore,Fort Myers,919.0
F3985330,437,14:10,16:53,2 hours 43 minutes,2022-03-23,Baltimore,Fort Myers,919.0
F3985331,315,18:37,21:12,2 hours 35 minutes,2022-03-23,Baltimore,Fort Myers,919.0
F3985332,406,08:22,11:12,2 hours 50 minutes,2022-03-23,Baltimore,Fort Myers,919.0
F3985333,200,22:54,01:42,2 hours 48 minutes,2022-03-23,Baltimore,Fort Myers,919.0
F3569840,364,22:10,00:22,2 hours 12 minutes,2022-03-29,Orlando,Baltimore,787.0
F3569968,288,12:08,14:26,2 hours 18 minutes,2022-03-29,Orlando,Baltimore,787.0
F3618457,280,04:59,07:08,2 hours 9 minutes,2022-03-29,Orlando,Baltimore,787.0
F3626401,261,21:30,23:45,2 hours 15 minutes,2022-03-29,Orlando,Baltimore,787.0
F3961732,261,18:49,20:59,2 hours 10 minutes,2022-03-29,Orlando,Baltimore,787.0
F3961733,195,09:50,12:05,2 hours 15 minutes,2022-03-29,Orlando,Baltimore,787.0
F3961734,176,20:37,22:58,2 hours 21 minutes,2022-03-29,Orlando,Baltimore,787.0
F3961735,253,06:00,08:07,2 hours 7 minutes,2022-03-29,Orlando,Baltimore,787.0
F3961736,376,19:38,21:48,2 hours 10 minutes,2022-03-29,Orlando,Baltimore,787.0
F3961737,370,07:14,09:25,2 hours 11 minutes,2022-03-29,Orlando,Baltimore,787.0
F3961738,264,12:43,14:52,2 hours 9 minutes,2022-03-29,Orlando,Baltimore,787.0
F3961739,289,15:41,17:47,2 hours 6 minutes,2022-03-29,Orlando,Baltimore,787.0
F3515915,288,12:16,14:42,2 hours 26 minutes,2022-03-22,Austin,Minneapolis,1042.0
F3537393,339,19:19,21:55,2 hours 36 minutes,2022-03-22,Austin,Minneapolis,1042.0
F3556624,251,12:25,14:51,2 hours 26 minutes,2022-03-22,Austin,Minneapolis,1042.0
F3981578,234,10:14,12:29,2 hours 15 minutes,2022-03-22,Austin,Minneapolis,1042.0
F3807040,51,21:30,22:23,0 hours 53 minutes,2022-03-24,Minneapolis,Bemidji,199.0
F3807055,72,15:48,16:38,0 hours 50 minutes,2022-03-24,Minneapolis,Bemidji,199.0
F3739157,204,20:29,23:07,2 hours 38 minutes,2022-03-06,San Diego,Portland,933.0
F3739407,458,07:48,10:33,2 hours 45 minutes,2022-03-06,San Diego,Portland,933.0
F3816250,329,16:49,19:31,2 hours 42 minutes,2022-03-06,San Diego,Portland,933.0
F3860088,107,16:09,17:08,0 hours 59 minutes,2022-03-08,Portland,Medford,222.0
F3589273,233,12:43,15:31,1 hours 48 minutes,2022-03-08,Chicago,Raleigh,646.0
F3599694,163,08:46,11:44,1 hours 58 minutes,2022-03-08,Chicago,Raleigh,646.0
F3681591,274,19:55,22:57,2 hours 2 minutes,2022-03-08,Chicago,Raleigh,646.0
F3689300,282,17:31,20:31,2 hours 0 minutes,2022-03-08,Chicago,Raleigh,646.0
F3825410,200,07:11,09:59,1 hours 48 minutes,2022-03-08,Chicago,Raleigh,646.0
F3825419,140,13:24,16:20,1 hours 56 minutes,2022-03-08,Chicago,Raleigh,646.0
F3890665,158,18:33,21:32,1 hours 59 minutes,2022-03-08,Chicago,Raleigh,646.0
F4016986,212,18:55,21:38,1 hours 43 minutes,2022-03-08,Chicago,Raleigh,632.0
F4016987,204,08:12,10:50,1 hours 38 minutes,2022-03-08,Chicago,Raleigh,632.0
F4016988,185,13:07,15:39,1 hours 32 minutes,2022-03-08,Chicago,Raleigh,632.0
F3494864,220,17:21,18:03,1 hours 42 minutes,2022-03-20,Detroit,Minneapolis,528.0
F3500695,214,14:07,14:46,1 hours 39 minutes,2022-03-20,Detroit,Minneapolis,528.0
F3523936,226,10:03,10:47,1 hours 44 minutes,2022-03-20,Detroit,Minneapolis,528.0
F3524165,130,08:31,09:15,1 hours 44 minutes,2022-03-20,Detroit,Minneapolis,528.0
F3550748,148,20:49,21:35,1 hours 46 minutes,2022-03-20,Detroit,Minneapolis,528.0
F3640437,52,08:54,10:05,1 hours 11 minutes,2022-03-22,Minneapolis,Duluth,144.0
F3656284,47,10:26,11:16,0 hours 50 minutes,2022-03-22,Minneapolis,Duluth,144.0
F3805786,34,20:22,21:04,0 hours 42 minutes,2022-03-22,Minneapolis,Duluth,144.0
F3805876,42,15:38,16:32,0 hours 54 minutes,2022-03-22,Minneapolis,Duluth,144.0
F3605088,174,12:14,12:48,1 hours 34 minutes,2022-03-22,Raleigh,Nashville,442.0
F3984085,203,05:54,06:19,1 hours 25 minutes,2022-03-22,Raleigh,Nashville,442.0
F4054566,200,18:59,19:39,1 hours 40 minutes,2022-03-22,Raleigh,Nashville,442.0
F3558572,243,13:48,16:08,2 hours 20 minutes,2022-03-02,Cleveland,Orlando,895.0
F3558590,260,16:13,18:45,2 hours 32 minutes,2022-03-02,Cleveland,Orlando,895.0
F3558619,375,05:59,08:36,2 hours 37 minutes,2022-03-02,Cleveland,Orlando,895.0
F3627351,305,18:54,21:18,2 hours 24 minutes,2022-03-02,Cleveland,Orlando,895.0
F3906964,331,08:51,11:16,2 hours 25 minutes,2022-03-02,Cleveland,Orlando,895.0
F3915180,234,18:59,21:10,2 hours 11 minutes,2022-03-02,Cleveland,Orlando,895.0
F3561037,206,20:24,22:53,2 hours 29 minutes,2022-03-08,Fort Myers,Cleveland,1025.0
F3561099,493,11:16,13:57,2 hours 41 minutes,2022-03-08,Fort Myers,Cleveland,1025.0
F3629968,286,16:07,18:41,2 hours 34 minutes,2022-03-08,Fort Myers,Cleveland,1025.0
F3890856,448,12:01,14:41,2 hours 40 minutes,2022-03-08,Fort Myers,Cleveland,1025.0
F3891209,395,18:20,20:46,2 hours 26 minutes,2022-03-08,Fort Myers,Cleveland,1025.0
F3596052,404,11:41,15:31,2 hours 50 minutes,2022-03-12,Bozeman,Chicago,1186.0
F3877997,541,08:17,11:56,2 hours 39 minutes,2022-03-12,Bozeman,Chicago,1186.0
F3878060,245,12:57,16:41,2 hours 44 minutes,2022-03-12,Bozeman,Chicago,1186.0
F3907682,684,08:00,11:17,4 hours 17 minutes,2022-03-19,Hartford,Houston,1507.0
F3827562,179,21:14,23:30,2 hours 16 minutes,2022-03-21,Houston,Amarillo,517.0
F3589831,66,07:53,09:09,1 hours 16 minutes,2022-03-23,Amarillo,Dallas,312.0
F3601164,87,10:17,11:40,1 hours 23 minutes,2022-03-23,Amarillo,Dallas,312.0
F3984793,139,05:12,06:21,1 hours 9 minutes,2022-03-23,Amarillo,Dallas,323.0
F3984794,149,18:56,20:15,1 hours 19 minutes,2022-03-23,Amarillo,Dallas,323.0
F3984795,127,11:29,12:57,1 hours 28 minutes,2022-03-23,Amarillo,Dallas,323.0
F3984796,69,15:22,16:31,1 hours 9 minutes,2022-03-23,Amarillo,Dallas,323.0
F3700451,375,12:26,16:44,3 hours 18 minutes,2022-03-25,Dallas,Hartford,1471.0
F3717365,334,19:02,23:16,3 hours 14 minutes,2022-03-25,Dallas,Hartford,1471.0
F4044614,343,15:28,17:52,2 hours 24 minutes,2022-03-05,Bloomington,Dallas,690.0
F4046617,201,07:13,09:40,2 hours 27 minutes,2022-03-05,Bloomington,Dallas,690.0
F3599956,98,19:06,20:37,1 hours 31 minutes,2022-03-07,Dallas,Amarillo,312.0
F3601175,86,08:33,10:00,1 hours 27 minutes,2022-03-07,Dallas,Amarillo,312.0
F3997382,139,22:17,23:19,1 hours 2 minutes,2022-03-07,Dallas,Amarillo,323.0
F3997383,92,12:50,14:00,1 hours 10 minutes,2022-03-07,Dallas,Amarillo,323.0
F3997384,90,08:47,09:57,1 hours 10 minutes,2022-03-07,Dallas,Amarillo,323.0
F4046382,69,10:32,11:57,1 hours 25 minutes,2022-03-07,Dallas,Amarillo,312.0
F3822285,103,06:31,08:05,1 hours 34 minutes,2022-03-09,Amarillo,Houston,517.0
F3822294,149,12:16,13:56,1 hours 40 minutes,2022-03-09,Amarillo,Houston,517.0
F3850028,47,12:25,13:18,0 hours 53 minutes,2022-03-23,Twin Falls,Salt Lake City,175.0
F3809091,40,17:13,18:16,1 hours 3 minutes,2022-03-25,Salt Lake City,Moab,183.0
F3492353,131,18:29,20:23,1 hours 54 minutes,2022-03-12,Charlotte,Detroit,500.0
F3522651,209,09:58,11:46,1 hours 48 minutes,2022-03-12,Charlotte,Detroit,500.0
F3544760,208,17:57,19:34,1 hours 37 minutes,2022-03-12,Charlotte,Detroit,500.0
F3545233,160,05:45,07:22,1 hours 37 minutes,2022-03-12,Charlotte,Detroit,500.0
F3660850,139,23:39,01:21,1 hours 42 minutes,2022-03-12,Charlotte,Detroit,500.0
F3683288,186,21:08,22:50,1 hours 42 minutes,2022-03-12,Charlotte,Detroit,500.0
F3789471,223,07:14,08:49,1 hours 35 minutes,2022-03-12,Charlotte,Detroit,500.0
F4054420,221,15:48,17:37,1 hours 49 minutes,2022-03-12,Charlotte,Detroit,500.0
F3639411,45,22:50,23:40,0 hours 50 minutes,2022-03-14,Detroit,Kalamazoo,113.0
F3646311,25,10:02,10:55,0 hours 53 minutes,2022-03-14,Detroit,Kalamazoo,113.0
F3651981,30,17:42,18:28,0 hours 46 minutes,2022-03-14,Detroit,Kalamazoo,113.0
F3671421,159,11:46,13:43,1 hours 57 minutes,2022-03-18,Grand Rapids,Charlotte,583.0
F3689507,192,05:07,06:47,1 hours 40 minutes,2022-03-18,Grand Rapids,Charlotte,583.0
F3645090,204,08:49,11:15,2 hours 26 minutes,2022-03-10,New York,Grand Rapids,618.0
F3650616,285,13:34,15:35,2 hours 1 minutes,2022-03-10,New York,Grand Rapids,618.0
F3651697,263,19:50,22:29,2 hours 39 minutes,2022-03-10,New York,Grand Rapids,618.0
F3850379,62,18:00,19:07,1 hours 7 minutes,2022-03-14,Alpena,Detroit,198.0
F3850426,49,11:49,12:43,0 hours 54 minutes,2022-03-14,Alpena,Detroit,198.0
F3495441,183,12:30,13:55,1 hours 25 minutes,2022-03-16,Detroit,New York,502.0
F3526639,216,20:02,21:34,1 hours 32 minutes,2022-03-16,Detroit,New York,509.0
F3527255,209,22:22,23:55,1 hours 33 minutes,2022-03-16,Detroit,New York,502.0
F3531036,210,18:08,19:38,1 hours 30 minutes,2022-03-16,Detroit,New York,502.0
F3531273,164,14:50,16:18,1 hours 28 minutes,2022-03-16,Detroit,New York,502.0
F3531632,183,06:58,08:41,1 hours 43 minutes,2022-03-16,Detroit,New York,502.0
F3532801,235,09:59,11:39,1 hours 40 minutes,2022-03-16,Detroit,New York,502.0
F3622264,162,06:08,08:06,1 hours 58 minutes,2022-03-16,Detroit,New York,502.0
F3636844,180,06:50,08:56,2 hours 6 minutes,2022-03-16,Detroit,New York,509.0
F3653751,252,16:09,17:42,1 hours 33 minutes,2022-03-16,Detroit,New York,509.0
F3654159,175,20:55,22:28,1 hours 33 minutes,2022-03-16,Detroit,New York,509.0
F3654958,247,10:08,11:43,1 hours 35 minutes,2022-03-16,Detroit,New York,509.0
F3759061,194,06:50,08:48,1 hours 58 minutes,2022-03-16,Detroit,New York,509.0
F4053967,203,06:00,07:46,1 hours 46 minutes,2022-03-16,Detroit,New York,502.0
F4055648,194,08:56,10:35,1 hours 39 minutes,2022-03-16,Detroit,New York,502.0
F4055872,198,12:57,14:47,1 hours 50 minutes,2022-03-16,Detroit,New York,502.0
F4059795,249,19:27,21:01,1 hours 34 minutes,2022-03-16,Detroit,New York,502.0
F4061846,145,15:16,16:55,1 hours 39 minutes,2022-03-16,Detroit,New York,502.0
F3499944,162,08:06,09:09,2 hours 3 minutes,2022-03-14,Salt Lake City,San Diego,626.0
F3523799,226,12:00,12:36,1 hours 36 minutes,2022-03-14,Salt Lake City,San Diego,626.0
F3539477,184,22:45,23:44,1 hours 59 minutes,2022-03-14,Salt Lake City,San Diego,626.0
F3551169,308,15:17,16:01,1 hours 44 minutes,2022-03-14,Salt Lake City,San Diego,626.0
F3554493,141,17:09,17:50,1 hours 41 minutes,2022-03-14,Salt Lake City,San Diego,626.0
F3818970,214,08:49,09:44,1 hours 55 minutes,2022-03-14,Salt Lake City,San Diego,626.0
F3979837,203,12:35,13:14,1 hours 39 minutes,2022-03-14,Salt Lake City,San Diego,626.0
F4006577,135,17:06,18:47,1 hours 41 minutes,2022-03-16,San Diego,Oakland,446.0
F4006578,107,21:02,22:30,1 hours 28 minutes,2022-03-16,San Diego,Oakland,446.0
F4006579,117,14:07,15:30,1 hours 23 minutes,2022-03-16,San Diego,Oakland,446.0
F4006580,139,10:22,11:49,1 hours 27 minutes,2022-03-16,San Diego,Oakland,446.0
F4006581,221,21:51,23:17,1 hours 26 minutes,2022-03-16,San Diego,Oakland,446.0
F4006582,131,08:41,10:06,1 hours 25 minutes,2022-03-16,San Diego,Oakland,446.0
F4006583,221,17:36,18:58,1 hours 22 minutes,2022-03-16,San Diego,Oakland,446.0
F4006584,122,19:06,20:33,1 hours 27 minutes,2022-03-16,San Diego,Oakland,446.0
F4006585,101,12:29,14:05,1 hours 36 minutes,2022-03-16,San Diego,Oakland,446.0
F4024677,66,10:31,11:30,0 hours 59 minutes,2022-03-17,Oakland,Burbank,325.0
F4024678,69,16:22,17:23,1 hours 1 minutes,2022-03-17,Oakland,Burbank,325.0
F4024679,156,07:58,09:02,1 hours 4 minutes,2022-03-17,Oakland,Burbank,325.0
F4024680,143,17:57,18:57,1 hours 0 minutes,2022-03-17,Oakland,Burbank,325.0
F4024681,124,09:01,10:04,1 hours 3 minutes,2022-03-17,Oakland,Burbank,325.0
F4024682,89,19:07,20:24,1 hours 17 minutes,2022-03-17,Oakland,Burbank,325.0
F4024683,89,14:12,15:18,1 hours 6 minutes,2022-03-17,Oakland,Burbank,325.0
F4024684,97,06:10,07:18,1 hours 8 minutes,2022-03-17,Oakland,Burbank,325.0
F4024685,162,15:02,16:05,1 hours 3 minutes,2022-03-17,Oakland,Burbank,325.0
F4024686,83,19:38,20:38,1 hours 0 minutes,2022-03-17,Oakland,Burbank,325.0
F4024687,111,12:20,13:19,0 hours 59 minutes,2022-03-17,Oakland,Burbank,325.0
F3845831,174,08:06,10:56,1 hours 50 minutes,2022-03-20,Burbank,Salt Lake City,574.0
F3845853,232,10:29,13:30,2 hours 1 minutes,2022-03-20,Burbank,Salt Lake City,574.0
F3845909,245,17:14,20:13,1 hours 59 minutes,2022-03-20,Burbank,Salt Lake City,574.0
F3847785,174,13:53,16:52,1 hours 59 minutes,2022-03-20,Burbank,Salt Lake City,574.0
F3952017,276,09:25,12:10,1 hours 45 minutes,2022-03-20,Burbank,Salt Lake City,574.0
F3623898,282,07:48,10:12,2 hours 24 minutes,2022-03-11,Baltimore,Tampa,842.0
F3944291,243,07:10,09:58,2 hours 48 minutes,2022-03-11,Baltimore,Tampa,842.0
F3944292,403,23:01,01:33,2 hours 32 minutes,2022-03-11,Baltimore,Tampa,842.0
F3944293,322,22:05,00:37,2 hours 32 minutes,2022-03-11,Baltimore,Tampa,842.0
F3944296,196,10:38,14:13,3 hours 35 minutes,2022-03-11,Baltimore,Tampa,842.0
F3944297,311,23:23,01:58,2 hours 35 minutes,2022-03-11,Baltimore,Tampa,842.0
F3563839,70,21:15,22:28,1 hours 13 minutes,2022-03-15,Orlando,Miami,192.0
F3621647,81,23:12,00:21,1 hours 9 minutes,2022-03-15,Orlando,Miami,192.0
F3670393,74,17:43,18:57,1 hours 14 minutes,2022-03-15,Orlando,Miami,192.0
F3679562,65,06:05,07:03,0 hours 58 minutes,2022-03-15,Orlando,Miami,192.0
F3682989,66,15:48,17:12,1 hours 24 minutes,2022-03-15,Orlando,Miami,192.0
F3686728,41,19:17,20:28,1 hours 11 minutes,2022-03-15,Orlando,Miami,192.0
F3710892,52,09:09,10:24,1 hours 15 minutes,2022-03-15,Orlando,Miami,192.0
F3714253,52,20:49,22:15,1 hours 26 minutes,2022-03-15,Orlando,Miami,192.0
F3718018,79,20:02,21:18,1 hours 16 minutes,2022-03-15,Orlando,Miami,192.0
F3721988,82,07:13,08:18,1 hours 5 minutes,2022-03-15,Orlando,Miami,192.0
F3564590,286,14:25,16:56,2 hours 31 minutes,2022-03-17,Miami,Baltimore,946.0
F3606720,204,14:21,17:05,2 hours 44 minutes,2022-03-17,Miami,Baltimore,946.0
F3621487,198,17:33,19:57,2 hours 24 minutes,2022-03-17,Miami,Baltimore,946.0
F3684829,258,21:43,00:16,2 hours 33 minutes,2022-03-17,Miami,Baltimore,946.0
F3688783,454,08:43,11:44,3 hours 1 minutes,2022-03-17,Miami,Baltimore,946.0
F4024555,218,22:40,00:56,2 hours 16 minutes,2022-03-17,Miami,Baltimore,946.0
F4024556,195,16:38,18:55,2 hours 17 minutes,2022-03-17,Miami,Baltimore,946.0
F4024557,225,06:13,08:40,2 hours 27 minutes,2022-03-17,Miami,Baltimore,946.0
F4024558,272,14:04,16:26,2 hours 22 minutes,2022-03-17,Miami,Baltimore,946.0
F3682670,350,10:14,11:52,3 hours 38 minutes,2022-03-20,Chicago,Tucson,1437.0
F3702913,446,20:21,22:17,3 hours 56 minutes,2022-03-20,Chicago,Tucson,1437.0
F3897970,655,08:51,10:39,3 hours 48 minutes,2022-03-20,Chicago,Tucson,1437.0
F3953792,334,08:50,10:26,3 hours 36 minutes,2022-03-20,Chicago,Tucson,1440.0
F4047394,203,14:49,16:14,2 hours 25 minutes,2022-03-08,Tallahassee,Dallas,767.0
F3677086,75,22:34,23:48,1 hours 14 minutes,2022-03-10,Dallas,Houston,224.0
F3710121,106,21:38,22:50,1 hours 12 minutes,2022-03-10,Dallas,Houston,224.0
F3710237,86,18:55,20:06,1 hours 11 minutes,2022-03-10,Dallas,Houston,224.0
F3718925,81,10:16,11:13,0 hours 57 minutes,2022-03-10,Dallas,Houston,224.0
F3719039,91,14:59,15:56,0 hours 57 minutes,2022-03-10,Dallas,Houston,224.0
F3723206,59,08:27,09:29,1 hours 2 minutes,2022-03-10,Dallas,Houston,224.0
F3723606,103,18:36,19:38,1 hours 2 minutes,2022-03-10,Dallas,Houston,224.0
F3723698,109,12:22,13:27,1 hours 5 minutes,2022-03-10,Dallas,Houston,224.0
F3812955,110,12:05,13:10,1 hours 5 minutes,2022-03-10,Dallas,Houston,224.0
F3812989,47,14:18,15:24,1 hours 6 minutes,2022-03-10,Dallas,Houston,224.0
F3888123,73,06:56,07:53,0 hours 57 minutes,2022-03-10,Dallas,Houston,224.0
F3888357,97,17:29,19:01,1 hours 32 minutes,2022-03-10,Dallas,Houston,224.0
F3888501,99,15:44,16:39,0 hours 55 minutes,2022-03-10,Dallas,Houston,224.0
F4021911,96,07:56,09:06,1 hours 10 minutes,2022-03-10,Dallas,Houston,239.0
F4021912,83,11:46,12:46,1 hours 0 minutes,2022-03-10,Dallas,Houston,239.0
F4021913,51,14:27,15:38,1 hours 11 minutes,2022-03-10,Dallas,Houston,239.0
F4021914,54,15:49,17:00,1 hours 11 minutes,2022-03-10,Dallas,Houston,239.0
F4021915,73,18:37,19:31,0 hours 54 minutes,2022-03-10,Dallas,Houston,239.0
F4021916,53,19:36,20:43,1 hours 7 minutes,2022-03-10,Dallas,Houston,239.0
F4021917,61,20:35,21:47,1 hours 12 minutes,2022-03-10,Dallas,Houston,239.0
F4021918,97,22:20,23:20,1 hours 0 minutes,2022-03-10,Dallas,Houston,239.0
F4021919,85,06:29,07:22,0 hours 53 minutes,2022-03-10,Dallas,Houston,239.0
F4021921,88,07:54,08:49,0 hours 55 minutes,2022-03-10,Dallas,Houston,216.0
F4021922,88,11:32,12:33,1 hours 1 minutes,2022-03-10,Dallas,Houston,216.0
F4021923,74,13:44,14:35,0 hours 51 minutes,2022-03-10,Dallas,Houston,216.0
F4021924,70,20:31,21:36,1 hours 5 minutes,2022-03-10,Dallas,Houston,216.0
F4021925,50,18:40,19:38,0 hours 58 minutes,2022-03-10,Dallas,Houston,216.0
F4039085,77,09:37,10:43,1 hours 6 minutes,2022-03-10,Dallas,Houston,224.0
F4045559,56,10:33,11:44,1 hours 11 minutes,2022-03-10,Dallas,Houston,247.0
F4046240,69,19:08,20:12,1 hours 4 minutes,2022-03-10,Dallas,Houston,247.0
F4047175,51,15:33,16:48,1 hours 15 minutes,2022-03-10,Dallas,Houston,247.0
F4047547,115,08:28,09:24,0 hours 56 minutes,2022-03-10,Dallas,Houston,247.0
F4048133,108,22:25,23:42,1 hours 17 minutes,2022-03-10,Dallas,Houston,247.0
F3927777,61,12:31,13:38,1 hours 7 minutes,2022-03-12,Houston,Corpus Christi,201.0
F3927778,62,10:07,11:31,1 hours 24 minutes,2022-03-12,Houston,Corpus Christi,201.0
F3927902,68,14:27,15:41,1 hours 14 minutes,2022-03-12,Houston,Corpus Christi,201.0
F3927963,90,18:29,19:29,1 hours 0 minutes,2022-03-12,Houston,Corpus Christi,201.0
F3927972,77,16:44,17:50,1 hours 6 minutes,2022-03-12,Houston,Corpus Christi,201.0
F3948333,67,10:46,11:41,0 hours 55 minutes,2022-03-12,Houston,Corpus Christi,187.0
F3948334,83,21:20,22:03,0 hours 43 minutes,2022-03-12,Houston,Corpus Christi,187.0
F3493004,426,11:17,14:02,2 hours 45 minutes,2022-03-22,Orlando,Boston,1121.0
F3493585,398,18:59,21:50,2 hours 51 minutes,2022-03-22,Orlando,Boston,1121.0
F3515986,502,07:04,10:03,2 hours 59 minutes,2022-03-22,Orlando,Boston,1121.0
F3566876,297,05:28,08:24,2 hours 56 minutes,2022-03-22,Orlando,Boston,1121.0
F3567003,463,22:41,01:31,2 hours 50 minutes,2022-03-22,Orlando,Boston,1121.0
F3624564,274,06:44,09:32,2 hours 48 minutes,2022-03-22,Orlando,Boston,1121.0
F3756420,288,22:59,01:35,2 hours 36 minutes,2022-03-22,Orlando,Boston,1121.0
F3757278,267,15:57,18:50,2 hours 53 minutes,2022-03-22,Orlando,Boston,1121.0
F3760753,391,18:28,21:15,2 hours 47 minutes,2022-03-22,Orlando,Boston,1121.0
F3773384,330,12:05,15:02,2 hours 57 minutes,2022-03-22,Orlando,Boston,1121.0
F3774661,289,06:27,09:13,2 hours 46 minutes,2022-03-22,Orlando,Boston,1121.0
F3777637,485,10:06,12:50,2 hours 44 minutes,2022-03-22,Orlando,Boston,1121.0
F3613353,508,08:13,11:47,2 hours 34 minutes,2022-03-25,Chicago,Fort Myers,1120.0
F3629487,341,14:14,18:11,2 hours 57 minutes,2022-03-25,Chicago,Fort Myers,1120.0
F3691356,249,06:50,10:27,2 hours 37 minutes,2022-03-25,Chicago,Fort Myers,1120.0
F3693633,548,09:12,12:51,2 hours 39 minutes,2022-03-25,Chicago,Fort Myers,1120.0
F3698952,268,19:55,23:38,2 hours 43 minutes,2022-03-25,Chicago,Fort Myers,1120.0
F3712237,352,15:04,18:48,2 hours 44 minutes,2022-03-25,Chicago,Fort Myers,1120.0
F3882912,241,08:48,12:29,2 hours 41 minutes,2022-03-25,Chicago,Fort Myers,1120.0
F3883479,444,07:09,10:47,2 hours 38 minutes,2022-03-25,Chicago,Fort Myers,1120.0
F3883571,224,20:15,23:52,2 hours 37 minutes,2022-03-25,Chicago,Fort Myers,1120.0
F3883732,502,18:00,21:53,2 hours 53 minutes,2022-03-25,Chicago,Fort Myers,1120.0
F3883993,371,11:04,14:55,2 hours 51 minutes,2022-03-25,Chicago,Fort Myers,1120.0
F4014068,468,07:44,11:21,2 hours 37 minutes,2022-03-25,Chicago,Fort Myers,1105.0
F4014069,492,13:06,16:54,2 hours 48 minutes,2022-03-25,Chicago,Fort Myers,1105.0
F4014070,395,20:12,23:42,2 hours 30 minutes,2022-03-25,Chicago,Fort Myers,1105.0
F4014071,417,05:36,09:12,2 hours 36 minutes,2022-03-25,Chicago,Fort Myers,1105.0
F4014426,282,16:17,20:05,2 hours 48 minutes,2022-03-25,Chicago,Fort Myers,1120.0
F3570656,500,20:29,22:19,2 hours 50 minutes,2022-03-31,Orlando,Chicago,1005.0
F3629254,462,06:52,08:47,2 hours 55 minutes,2022-03-31,Orlando,Chicago,1005.0
F3629285,350,17:37,21:10,4 hours 33 minutes,2022-03-31,Orlando,Chicago,1005.0
F3668545,482,11:24,13:04,2 hours 40 minutes,2022-03-31,Orlando,Chicago,1005.0
F3670632,256,20:21,22:33,3 hours 12 minutes,2022-03-31,Orlando,Chicago,1005.0
F3675483,234,07:27,09:12,2 hours 45 minutes,2022-03-31,Orlando,Chicago,1005.0
F3701227,362,13:04,14:47,2 hours 43 minutes,2022-03-31,Orlando,Chicago,1005.0
F3714174,462,15:38,17:40,3 hours 2 minutes,2022-03-31,Orlando,Chicago,1005.0
F3866404,207,09:50,11:35,2 hours 45 minutes,2022-03-31,Orlando,Chicago,1005.0
F3866908,334,19:04,21:49,3 hours 45 minutes,2022-03-31,Orlando,Chicago,1005.0
F3867014,465,12:20,14:00,2 hours 40 minutes,2022-03-31,Orlando,Chicago,1005.0
F3867187,255,14:34,16:16,2 hours 42 minutes,2022-03-31,Orlando,Chicago,1005.0
F3867583,407,07:51,09:36,2 hours 45 minutes,2022-03-31,Orlando,Chicago,1005.0
F3991381,223,14:16,15:44,2 hours 28 minutes,2022-03-31,Orlando,Chicago,990.0
F3991382,405,17:54,21:07,4 hours 13 minutes,2022-03-31,Orlando,Chicago,990.0
F3991384,454,06:08,07:48,2 hours 40 minutes,2022-03-31,Orlando,Chicago,990.0
F3991385,234,07:30,09:03,2 hours 33 minutes,2022-03-31,Orlando,Chicago,990.0
F3991386,437,09:24,10:51,2 hours 27 minutes,2022-03-31,Orlando,Chicago,990.0
F3991387,328,18:34,21:48,4 hours 14 minutes,2022-03-31,Orlando,Chicago,990.0
F3991398,258,12:01,13:58,2 hours 57 minutes,2022-03-31,Orlando,Chicago,1005.0
F4041372,371,08:27,10:43,3 hours 16 minutes,2022-03-06,Richmond,Houston,1157.0
F3825403,138,20:24,22:05,1 hours 41 minutes,2022-03-08,Houston,Amarillo,517.0
F3841449,234,09:46,11:38,1 hours 52 minutes,2022-03-08,Houston,Amarillo,517.0
F3589818,100,07:59,09:11,1 hours 12 minutes,2022-03-10,Amarillo,Dallas,312.0
F3601152,121,10:18,11:48,1 hours 30 minutes,2022-03-10,Amarillo,Dallas,312.0
F4021175,156,05:13,06:16,1 hours 3 minutes,2022-03-10,Amarillo,Dallas,323.0
F4021176,81,18:54,19:54,1 hours 0 minutes,2022-03-10,Amarillo,Dallas,323.0
F4021177,93,11:26,12:47,1 hours 21 minutes,2022-03-10,Amarillo,Dallas,323.0
F4021178,113,15:45,16:46,1 hours 1 minutes,2022-03-10,Amarillo,Dallas,323.0
F4046359,146,13:38,14:50,1 hours 12 minutes,2022-03-10,Amarillo,Dallas,312.0
F3675375,494,11:00,14:24,2 hours 24 minutes,2022-03-12,Dallas,Richmond,1158.0
F3701332,488,21:36,01:06,2 hours 30 minutes,2022-03-12,Dallas,Richmond,1158.0
F3906586,552,08:49,10:23,3 hours 34 minutes,2022-03-03,Columbus,Denver,1154.0
F3906862,400,17:42,18:39,2 hours 57 minutes,2022-03-03,Columbus,Denver,1154.0
F3941876,235,06:57,08:10,3 hours 13 minutes,2022-03-03,Columbus,Denver,1154.0
F3941877,373,19:15,20:42,3 hours 27 minutes,2022-03-03,Columbus,Denver,1154.0
F3839751,67,19:08,20:08,1 hours 0 minutes,2022-03-05,Denver,Gunnison,152.0
F3842401,68,13:33,14:50,1 hours 17 minutes,2022-03-05,Denver,Gunnison,152.0
F3842553,46,11:36,12:36,1 hours 0 minutes,2022-03-05,Denver,Gunnison,152.0
F3635147,59,08:55,09:54,0 hours 59 minutes,2022-03-05,Wilmington,Charlotte,185.0
F3666332,63,15:01,15:53,0 hours 52 minutes,2022-03-05,Wilmington,Charlotte,185.0
F3783507,45,11:07,12:16,1 hours 9 minutes,2022-03-05,Wilmington,Charlotte,185.0
F3786883,73,16:04,17:15,1 hours 11 minutes,2022-03-05,Wilmington,Charlotte,185.0
F4051027,77,04:53,05:48,0 hours 55 minutes,2022-03-05,Wilmington,Charlotte,185.0
F4053600,79,06:51,08:05,1 hours 14 minutes,2022-03-05,Wilmington,Charlotte,185.0
F4061654,38,20:19,21:27,1 hours 8 minutes,2022-03-05,Wilmington,Charlotte,185.0
F3632064,30,11:07,11:59,0 hours 52 minutes,2022-03-07,Charlotte,Asheville,91.0
F3632301,42,17:53,18:45,0 hours 52 minutes,2022-03-07,Charlotte,Asheville,91.0
F3783585,18,07:21,08:13,0 hours 52 minutes,2022-03-07,Charlotte,Asheville,91.0
F3791336,22,20:39,22:06,1 hours 27 minutes,2022-03-07,Charlotte,Asheville,91.0
F3792665,37,16:41,17:36,0 hours 55 minutes,2022-03-07,Charlotte,Asheville,91.0
F3794809,29,22:47,23:51,1 hours 4 minutes,2022-03-07,Charlotte,Asheville,91.0
F3562278,509,15:04,18:45,3 hours 41 minutes,2022-03-11,Providence,Fort Myers,1200.0
F3770097,409,16:55,20:50,3 hours 55 minutes,2022-03-11,Providence,Fort Myers,1200.0
F3562874,56,14:41,15:40,0 hours 59 minutes,2022-03-13,Fort Myers,Orlando,133.0
F3976007,49,16:42,17:26,0 hours 44 minutes,2022-03-13,Fort Myers,Orlando,133.0
F3564034,66,15:08,16:42,1 hours 34 minutes,2022-03-15,Orlando,Fort Lauderdale,177.0
F3618046,64,06:51,07:58,1 hours 7 minutes,2022-03-15,Orlando,Fort Lauderdale,177.0
F3626879,62,19:50,20:59,1 hours 9 minutes,2022-03-15,Orlando,Fort Lauderdale,177.0
F4002311,80,18:51,19:49,0 hours 58 minutes,2022-03-15,Orlando,Fort Lauderdale,177.0
F3564664,276,14:23,17:26,3 hours 3 minutes,2022-03-17,Fort Lauderdale,Providence,1188.0
F3769923,331,09:24,12:13,2 hours 49 minutes,2022-03-17,Fort Lauderdale,Providence,1188.0
F3626829,144,06:00,07:40,1 hours 40 minutes,2022-03-03,New Orleans,Dallas,447.0
F3662218,198,05:48,07:19,1 hours 31 minutes,2022-03-03,New Orleans,Dallas,447.0
F3711370,194,19:52,21:32,1 hours 40 minutes,2022-03-03,New Orleans,Dallas,447.0
F3718857,137,08:15,09:52,1 hours 37 minutes,2022-03-03,New Orleans,Dallas,447.0
F3727542,165,18:35,20:08,1 hours 33 minutes,2022-03-03,New Orleans,Dallas,447.0
F3727600,171,12:40,14:15,1 hours 35 minutes,2022-03-03,New Orleans,Dallas,447.0
F3966270,132,08:00,09:33,1 hours 33 minutes,2022-03-03,New Orleans,Dallas,436.0
F3966271,204,19:28,20:55,1 hours 27 minutes,2022-03-03,New Orleans,Dallas,436.0
F3966272,206,11:58,13:36,1 hours 38 minutes,2022-03-03,New Orleans,Dallas,436.0
F3966273,214,21:53,00:03,2 hours 10 minutes,2022-03-03,New Orleans,Dallas,436.0
F3966274,173,10:24,11:57,1 hours 33 minutes,2022-03-03,New Orleans,Dallas,436.0
F3966275,169,06:24,07:53,1 hours 29 minutes,2022-03-03,New Orleans,Dallas,436.0
F3966276,107,15:02,16:41,1 hours 39 minutes,2022-03-03,New Orleans,Dallas,436.0
F3599954,93,19:09,20:26,1 hours 17 minutes,2022-03-05,Dallas,Amarillo,312.0
F3600046,128,00:24,01:30,1 hours 6 minutes,2022-03-05,Dallas,Amarillo,312.0
F3971131,122,19:59,21:08,1 hours 9 minutes,2022-03-05,Dallas,Amarillo,323.0
F3971132,104,09:40,10:45,1 hours 5 minutes,2022-03-05,Dallas,Amarillo,323.0
F4046380,90,10:27,11:37,1 hours 10 minutes,2022-03-05,Dallas,Amarillo,312.0
F3840402,211,06:33,08:31,1 hours 58 minutes,2022-03-07,Amarillo,Houston,517.0
F3930799,111,16:34,18:23,1 hours 49 minutes,2022-03-07,Amarillo,Houston,517.0
F3888858,143,07:51,09:05,1 hours 14 minutes,2022-03-09,Houston,New Orleans,305.0
F3888892,76,15:06,16:07,1 hours 1 minutes,2022-03-09,Houston,New Orleans,305.0
F3889578,105,20:18,21:24,1 hours 6 minutes,2022-03-09,Houston,New Orleans,305.0
F3889755,121,18:56,19:57,1 hours 1 minutes,2022-03-09,Houston,New Orleans,305.0
F3890270,133,16:49,17:47,0 hours 58 minutes,2022-03-09,Houston,New Orleans,305.0
F4019325,106,19:48,20:41,0 hours 53 minutes,2022-03-09,Houston,New Orleans,302.0
F4019326,95,13:10,14:03,0 hours 53 minutes,2022-03-09,Houston,New Orleans,302.0
F4019327,127,11:03,11:59,0 hours 56 minutes,2022-03-09,Houston,New Orleans,302.0
F4019328,61,09:09,10:06,0 hours 57 minutes,2022-03-09,Houston,New Orleans,302.0
F4019381,140,09:00,09:57,0 hours 57 minutes,2022-03-09,Houston,New Orleans,305.0
F4019382,107,12:56,13:48,0 hours 52 minutes,2022-03-09,Houston,New Orleans,305.0
F4019383,77,15:55,16:49,0 hours 54 minutes,2022-03-09,Houston,New Orleans,305.0
F4042311,105,12:54,13:56,1 hours 2 minutes,2022-03-09,Houston,New Orleans,305.0
F4042974,90,10:07,11:19,1 hours 12 minutes,2022-03-09,Houston,New Orleans,305.0
F3550931,184,09:37,11:37,2 hours 0 minutes,2022-03-23,Raleigh,Tampa,587.0
F3551542,188,17:10,19:03,1 hours 53 minutes,2022-03-23,Raleigh,Tampa,587.0
F3987466,134,19:07,20:55,1 hours 48 minutes,2022-03-23,Raleigh,Tampa,587.0
F4056734,131,07:02,09:00,1 hours 58 minutes,2022-03-23,Raleigh,Tampa,587.0
F3519430,235,10:46,12:43,1 hours 57 minutes,2022-03-29,Orlando,Raleigh,534.0
F3538009,117,16:53,18:27,1 hours 34 minutes,2022-03-29,Orlando,Raleigh,534.0
F3555511,191,07:30,09:20,1 hours 50 minutes,2022-03-29,Orlando,Raleigh,534.0
F3569891,245,09:22,11:07,1 hours 45 minutes,2022-03-29,Orlando,Raleigh,534.0
F3622676,227,16:38,18:18,1 hours 40 minutes,2022-03-29,Orlando,Raleigh,534.0
F3961799,242,06:40,08:31,1 hours 51 minutes,2022-03-29,Orlando,Raleigh,534.0
F3856693,48,13:21,14:26,1 hours 5 minutes,2022-03-28,Grand Junction,Denver,212.0
F3857408,81,07:45,09:01,1 hours 16 minutes,2022-03-28,Grand Junction,Denver,212.0
F3857433,74,18:11,19:57,1 hours 46 minutes,2022-03-28,Grand Junction,Denver,212.0
F3918956,47,19:08,20:00,0 hours 52 minutes,2022-03-28,Grand Junction,Denver,212.0
F3918957,47,11:25,12:29,1 hours 4 minutes,2022-03-28,Grand Junction,Denver,212.0
F3570049,580,06:07,10:56,2 hours 49 minutes,2022-03-30,Denver,Cleveland,1201.0
F3868595,477,15:53,20:51,2 hours 58 minutes,2022-03-30,Denver,Cleveland,1201.0
F3869450,347,18:10,22:59,2 hours 49 minutes,2022-03-30,Denver,Cleveland,1201.0
F3869572,414,10:40,15:17,2 hours 37 minutes,2022-03-30,Denver,Cleveland,1201.0
F3639078,479,08:15,09:58,2 hours 43 minutes,2022-03-15,New York,Memphis,963.0
F3644644,422,18:44,20:41,2 hours 57 minutes,2022-03-15,New York,Memphis,963.0
F4051081,267,19:38,21:50,3 hours 12 minutes,2022-03-15,New York,Memphis,963.0
F4058371,328,11:48,13:52,3 hours 4 minutes,2022-03-15,New York,Memphis,963.0
F3589390,208,20:46,00:31,2 hours 45 minutes,2022-03-10,Chicago,Hartford,783.0
F3601692,352,12:53,15:48,1 hours 55 minutes,2022-03-10,Chicago,Hartford,783.0
F3674621,280,17:53,21:19,2 hours 26 minutes,2022-03-10,Chicago,Hartford,783.0
F3887644,266,10:55,13:57,2 hours 2 minutes,2022-03-10,Chicago,Hartford,783.0
F3887667,230,18:34,21:52,2 hours 18 minutes,2022-03-10,Chicago,Hartford,783.0
F4023200,368,14:11,16:56,1 hours 45 minutes,2022-03-10,Chicago,Hartford,777.0
F4072541,385,13:37,16:44,2 hours 7 minutes,2022-03-10,Chicago,Hartford,783.0
F3590658,83,07:11,08:15,1 hours 4 minutes,2022-03-21,Gainesville,Miami,294.0
F3815401,78,11:55,12:44,0 hours 49 minutes,2022-03-25,Yuma,Phoenix,160.0
F4044241,61,08:53,09:44,0 hours 51 minutes,2022-03-25,Yuma,Phoenix,160.0
F4047027,34,16:29,17:17,0 hours 48 minutes,2022-03-25,Yuma,Phoenix,160.0
F4047281,41,05:26,06:19,0 hours 53 minutes,2022-03-25,Yuma,Phoenix,160.0
F3666416,366,12:37,17:07,2 hours 30 minutes,2022-03-27,Phoenix,Kansas City,1044.0
F3682207,246,18:48,23:10,2 hours 22 minutes,2022-03-27,Phoenix,Kansas City,1044.0
F4036435,317,21:48,02:08,2 hours 20 minutes,2022-03-27,Phoenix,Kansas City,1044.0
F4036436,260,14:30,18:50,2 hours 20 minutes,2022-03-27,Phoenix,Kansas City,1044.0
F4036437,476,07:46,12:06,2 hours 20 minutes,2022-03-27,Phoenix,Kansas City,1044.0
F4036438,468,11:44,16:06,2 hours 22 minutes,2022-03-27,Phoenix,Kansas City,1044.0
F4036439,298,17:19,21:47,2 hours 28 minutes,2022-03-27,Phoenix,Kansas City,1044.0
F3730598,118,16:49,18:30,1 hours 41 minutes,2022-03-18,Greer,Philadelphia,515.0
F3734046,57,09:34,10:45,1 hours 11 minutes,2022-03-20,Philadelphia,State College,153.0
F3735163,59,14:51,15:48,0 hours 57 minutes,2022-03-20,Philadelphia,State College,153.0
F3494423,423,18:39,21:38,2 hours 59 minutes,2022-03-21,New York,Fort Myers,1080.0
F3533575,424,12:52,15:49,2 hours 57 minutes,2022-03-21,New York,Fort Myers,1080.0
F3539540,530,07:48,11:05,3 hours 17 minutes,2022-03-21,New York,Fort Myers,1074.0
F3553844,219,10:00,13:05,3 hours 5 minutes,2022-03-21,New York,Fort Myers,1080.0
F3763388,320,13:09,16:06,2 hours 57 minutes,2022-03-21,New York,Fort Myers,1074.0
F3764206,513,15:05,18:10,3 hours 5 minutes,2022-03-21,New York,Fort Myers,1074.0
F3767597,353,06:24,09:15,2 hours 51 minutes,2022-03-21,New York,Fort Myers,1074.0
F3767600,438,14:35,17:31,2 hours 56 minutes,2022-03-21,New York,Fort Myers,1080.0
F3768017,381,21:53,00:59,3 hours 6 minutes,2022-03-21,New York,Fort Myers,1074.0
F3768083,329,07:16,11:04,3 hours 48 minutes,2022-03-21,New York,Fort Myers,1080.0
F3515221,281,14:13,16:45,2 hours 32 minutes,2022-03-27,Orlando,New York,944.0
F3515314,308,19:57,22:51,2 hours 54 minutes,2022-03-27,Orlando,New York,950.0
F3522443,260,16:15,18:58,2 hours 43 minutes,2022-03-27,Orlando,New York,950.0
F3539794,267,14:13,16:55,2 hours 42 minutes,2022-03-27,Orlando,New York,944.0
F3543435,448,14:56,17:33,2 hours 37 minutes,2022-03-27,Orlando,New York,950.0
F3548674,353,05:58,08:46,2 hours 48 minutes,2022-03-27,Orlando,New York,950.0
F3549645,370,06:24,08:49,2 hours 25 minutes,2022-03-27,Orlando,New York,944.0
F3551487,333,08:29,10:52,2 hours 23 minutes,2022-03-27,Orlando,New York,950.0
F3553292,219,09:49,12:24,2 hours 35 minutes,2022-03-27,Orlando,New York,950.0
F3553608,333,22:09,00:29,2 hours 20 minutes,2022-03-27,Orlando,New York,944.0
F3569046,216,14:53,17:41,2 hours 48 minutes,2022-03-27,Orlando,New York,950.0
F3619484,425,09:29,12:14,2 hours 45 minutes,2022-03-27,Orlando,New York,950.0
F3764142,408,19:38,22:19,2 hours 41 minutes,2022-03-27,Orlando,New York,944.0
F3767120,190,10:19,12:57,2 hours 38 minutes,2022-03-27,Orlando,New York,950.0
F3767528,303,18:11,20:45,2 hours 34 minutes,2022-03-27,Orlando,New York,950.0
F3768470,206,20:31,23:09,2 hours 38 minutes,2022-03-27,Orlando,New York,944.0
F3769276,274,10:14,12:52,2 hours 38 minutes,2022-03-27,Orlando,New York,944.0
F3769493,228,06:47,09:29,2 hours 42 minutes,2022-03-27,Orlando,New York,950.0
F3770552,284,06:24,09:27,3 hours 3 minutes,2022-03-27,Orlando,New York,944.0
F3772046,221,14:02,16:32,2 hours 30 minutes,2022-03-27,Orlando,New York,944.0
F3773296,316,21:19,00:17,2 hours 58 minutes,2022-03-27,Orlando,New York,950.0
F3773400,213,16:45,19:18,2 hours 33 minutes,2022-03-27,Orlando,New York,944.0
F3775358,444,21:31,00:05,2 hours 34 minutes,2022-03-27,Orlando,New York,944.0
F3777650,224,07:28,09:56,2 hours 28 minutes,2022-03-27,Orlando,New York,944.0
F4035761,273,16:25,19:09,2 hours 44 minutes,2022-03-27,Orlando,New York,950.0
F3590663,143,06:56,08:03,1 hours 7 minutes,2022-03-26,Gainesville,Miami,294.0
F3606882,520,16:52,19:20,3 hours 28 minutes,2022-03-23,Wilmington,Dallas,1106.0
F3589719,55,12:27,13:19,0 hours 52 minutes,2022-03-25,Dallas,Longview,140.0
F3635149,81,08:52,09:57,1 hours 5 minutes,2022-03-07,Wilmington,Charlotte,185.0
F3666334,83,14:26,15:26,1 hours 0 minutes,2022-03-07,Wilmington,Charlotte,185.0
F3783509,43,11:06,12:10,1 hours 4 minutes,2022-03-07,Wilmington,Charlotte,185.0
F3786885,66,16:03,17:19,1 hours 16 minutes,2022-03-07,Wilmington,Charlotte,185.0
F4050014,51,04:58,06:05,1 hours 7 minutes,2022-03-07,Wilmington,Charlotte,185.0
F4053602,78,06:51,08:05,1 hours 14 minutes,2022-03-07,Wilmington,Charlotte,185.0
F4061656,68,20:02,21:22,1 hours 20 minutes,2022-03-07,Wilmington,Charlotte,185.0
F3632066,24,13:14,14:07,0 hours 53 minutes,2022-03-09,Charlotte,Asheville,91.0
F3632302,44,18:50,19:39,0 hours 49 minutes,2022-03-09,Charlotte,Asheville,91.0
F3791338,40,20:07,20:48,0 hours 41 minutes,2022-03-09,Charlotte,Asheville,91.0
F3792667,26,16:41,17:33,0 hours 52 minutes,2022-03-09,Charlotte,Asheville,91.0
F3510204,388,05:55,10:43,2 hours 48 minutes,2022-03-21,El Paso,Atlanta,1282.0
F3529615,411,13:22,18:18,2 hours 56 minutes,2022-03-21,El Paso,Atlanta,1282.0
F3537319,64,17:36,18:19,0 hours 43 minutes,2022-03-23,Atlanta,Augusta,143.0
F3538291,68,23:52,00:40,0 hours 48 minutes,2022-03-23,Atlanta,Augusta,143.0
F3637426,58,11:26,12:19,0 hours 53 minutes,2022-03-23,Atlanta,Augusta,143.0
F3637453,71,19:52,20:52,1 hours 0 minutes,2022-03-23,Atlanta,Augusta,143.0
F3642847,51,13:58,14:54,0 hours 56 minutes,2022-03-23,Atlanta,Augusta,143.0
F3650217,51,08:31,09:18,0 hours 47 minutes,2022-03-23,Atlanta,Augusta,143.0
F3675433,340,10:43,13:48,2 hours 5 minutes,2022-03-12,Tucson,Dallas,813.0
F3681127,355,16:31,19:34,2 hours 3 minutes,2022-03-12,Tucson,Dallas,813.0
F3696120,363,14:29,17:29,2 hours 0 minutes,2022-03-12,Tucson,Dallas,813.0
F3696182,356,12:37,15:40,2 hours 3 minutes,2022-03-12,Tucson,Dallas,813.0
F3698740,307,07:42,10:57,2 hours 15 minutes,2022-03-12,Tucson,Dallas,813.0
F3709757,190,05:57,09:15,2 hours 18 minutes,2022-03-12,Tucson,Dallas,813.0
F3594261,85,08:33,09:36,1 hours 3 minutes,2022-03-14,Dallas,San Angelo,229.0
F3608904,111,12:52,13:57,1 hours 5 minutes,2022-03-14,Dallas,San Angelo,229.0
F3814575,67,20:33,21:40,1 hours 7 minutes,2022-03-14,Dallas,San Angelo,229.0
F3814582,98,16:46,17:52,1 hours 6 minutes,2022-03-14,Dallas,San Angelo,229.0
F3841964,258,20:47,21:31,2 hours 44 minutes,2022-03-18,Houston,Tucson,936.0
F3908201,326,09:32,10:06,2 hours 34 minutes,2022-03-18,Houston,Tucson,936.0
F4027255,412,14:06,14:38,2 hours 32 minutes,2022-03-18,Houston,Tucson,945.0
F4040556,419,12:53,13:39,2 hours 46 minutes,2022-03-18,Houston,Tucson,936.0
F3703048,222,09:24,11:07,1 hours 43 minutes,2022-03-16,Charlotte,Buffalo,546.0
F3789377,134,15:01,16:43,1 hours 42 minutes,2022-03-16,Charlotte,Buffalo,546.0
F3640941,66,16:33,17:54,1 hours 21 minutes,2022-03-18,Buffalo,New York,292.0
F3644285,147,05:40,06:57,1 hours 17 minutes,2022-03-18,Buffalo,New York,301.0
F3646096,65,12:05,13:43,1 hours 38 minutes,2022-03-18,Buffalo,New York,301.0
F3647560,62,17:36,18:54,1 hours 18 minutes,2022-03-18,Buffalo,New York,292.0
F3651085,122,10:12,11:27,1 hours 15 minutes,2022-03-18,Buffalo,New York,292.0
F3652358,61,19:10,20:38,1 hours 28 minutes,2022-03-18,Buffalo,New York,301.0
F3654373,61,05:56,07:08,1 hours 12 minutes,2022-03-18,Buffalo,New York,292.0
F3757010,61,11:18,12:35,1 hours 17 minutes,2022-03-18,Buffalo,New York,301.0
F3759515,127,20:54,22:17,1 hours 23 minutes,2022-03-18,Buffalo,New York,301.0
F3763638,83,07:06,08:52,1 hours 46 minutes,2022-03-18,Buffalo,New York,301.0
F3638231,84,15:01,16:19,1 hours 18 minutes,2022-03-20,New York,Syracuse,209.0
F3641937,90,21:55,23:01,1 hours 6 minutes,2022-03-20,New York,Syracuse,198.0
F3653736,73,16:49,18:26,1 hours 37 minutes,2022-03-20,New York,Syracuse,209.0
F3653967,62,15:32,16:32,1 hours 0 minutes,2022-03-20,New York,Syracuse,198.0
F3654694,54,12:47,13:55,1 hours 8 minutes,2022-03-20,New York,Syracuse,209.0
F3755496,75,09:28,10:45,1 hours 17 minutes,2022-03-20,New York,Syracuse,209.0
F3660498,274,17:32,19:25,1 hours 53 minutes,2022-03-22,Syracuse,Charlotte,603.0
F3663868,140,05:15,07:08,1 hours 53 minutes,2022-03-22,Syracuse,Charlotte,603.0
F3675720,180,11:43,13:45,2 hours 2 minutes,2022-03-22,Syracuse,Charlotte,603.0
F3513936,416,15:54,17:59,2 hours 5 minutes,2022-03-22,Atlanta,Providence,903.0
F3518102,289,22:27,00:26,1 hours 59 minutes,2022-03-22,Atlanta,Providence,903.0
F3541533,356,10:05,12:19,2 hours 14 minutes,2022-03-22,Atlanta,Providence,903.0
F3591628,92,15:06,16:58,0 hours 52 minutes,2022-03-14,Chicago,Traverse City,224.0
F3599751,70,08:32,10:29,0 hours 57 minutes,2022-03-14,Chicago,Traverse City,224.0
F3821812,110,19:43,21:49,1 hours 6 minutes,2022-03-14,Chicago,Traverse City,224.0
F3927013,82,08:50,10:54,1 hours 4 minutes,2022-03-14,Chicago,Traverse City,224.0
F3927102,107,14:30,16:27,0 hours 57 minutes,2022-03-14,Chicago,Traverse City,224.0
F3683265,664,12:17,13:59,3 hours 42 minutes,2022-03-22,Dallas,Sacramento,1431.0
F3704351,310,18:57,20:26,3 hours 29 minutes,2022-03-22,Dallas,Sacramento,1431.0
F3707222,639,09:23,10:59,3 hours 36 minutes,2022-03-22,Dallas,Sacramento,1431.0
F3982236,534,14:06,15:37,3 hours 31 minutes,2022-03-22,Dallas,Sacramento,1442.0
F3596927,303,11:01,15:52,2 hours 51 minutes,2022-03-28,Santa Barbara,Dallas,1316.0
F3893618,747,19:11,21:32,5 hours 21 minutes,2022-03-23,Fort Myers,Los Angeles,2238.0
F3820096,107,09:36,11:04,1 hours 28 minutes,2022-03-27,Santa Ana,San Francisco,372.0
F3820113,91,17:51,19:26,1 hours 35 minutes,2022-03-27,Santa Ana,San Francisco,372.0
F3820390,75,21:05,22:53,1 hours 48 minutes,2022-03-27,Santa Ana,San Francisco,372.0
F3855268,103,16:01,18:10,2 hours 9 minutes,2022-03-27,Santa Ana,San Francisco,372.0
F3856479,172,10:41,11:59,1 hours 18 minutes,2022-03-27,Santa Ana,San Francisco,372.0
F3856542,152,21:11,22:42,1 hours 31 minutes,2022-03-27,Santa Ana,San Francisco,372.0
F3865141,173,13:59,15:31,1 hours 32 minutes,2022-03-27,Santa Ana,San Francisco,372.0
F3880113,150,19:14,20:57,1 hours 43 minutes,2022-03-27,Santa Ana,San Francisco,372.0
F3880191,118,13:23,15:20,1 hours 57 minutes,2022-03-27,Santa Ana,San Francisco,372.0
F3870478,1156,09:35,17:27,4 hours 52 minutes,2022-03-29,San Francisco,Fort Myers,2481.0
F3608001,190,15:13,17:11,1 hours 58 minutes,2022-03-03,Pensacola,Dallas,604.0
F3608049,264,19:19,21:35,2 hours 16 minutes,2022-03-03,Pensacola,Dallas,604.0
F3673936,250,17:10,19:26,2 hours 16 minutes,2022-03-03,Pensacola,Dallas,604.0
F3674227,202,07:27,09:34,2 hours 7 minutes,2022-03-03,Pensacola,Dallas,604.0
F3966752,267,11:42,13:43,2 hours 1 minutes,2022-03-03,Pensacola,Dallas,592.0
F4045097,301,12:56,15:00,2 hours 4 minutes,2022-03-03,Pensacola,Dallas,604.0
F3664320,114,21:12,22:20,1 hours 8 minutes,2022-03-05,Dallas,San Antonio,247.0
F3665796,90,18:28,19:30,1 hours 2 minutes,2022-03-05,Dallas,San Antonio,247.0
F3672448,77,07:57,09:03,1 hours 6 minutes,2022-03-05,Dallas,San Antonio,247.0
F3676351,49,08:30,09:33,1 hours 3 minutes,2022-03-05,Dallas,San Antonio,247.0
F3676411,74,16:41,17:50,1 hours 9 minutes,2022-03-05,Dallas,San Antonio,247.0
F3694777,49,10:22,11:28,1 hours 6 minutes,2022-03-05,Dallas,San Antonio,247.0
F3694905,65,14:50,15:49,0 hours 59 minutes,2022-03-05,Dallas,San Antonio,247.0
F3703416,77,22:32,23:45,1 hours 13 minutes,2022-03-05,Dallas,San Antonio,247.0
F3712008,81,17:30,18:43,1 hours 13 minutes,2022-03-05,Dallas,San Antonio,247.0
F3716788,108,20:00,21:06,1 hours 6 minutes,2022-03-05,Dallas,San Antonio,247.0
F3727664,101,12:28,13:33,1 hours 5 minutes,2022-03-05,Dallas,San Antonio,247.0
F3971237,113,05:56,06:59,1 hours 3 minutes,2022-03-05,Dallas,San Antonio,247.0
F3971238,54,19:54,20:54,1 hours 0 minutes,2022-03-05,Dallas,San Antonio,247.0
F3971239,73,08:42,09:39,0 hours 57 minutes,2022-03-05,Dallas,San Antonio,247.0
F3971240,114,15:06,16:02,0 hours 56 minutes,2022-03-05,Dallas,San Antonio,247.0
F3892116,62,07:35,08:52,1 hours 17 minutes,2022-03-07,San Antonio,Houston,191.0
F3892711,47,05:24,06:22,0 hours 58 minutes,2022-03-07,San Antonio,Houston,191.0
F3892713,75,17:41,19:04,1 hours 23 minutes,2022-03-07,San Antonio,Houston,191.0
F3892879,65,14:26,15:32,1 hours 6 minutes,2022-03-07,San Antonio,Houston,191.0
F3999443,72,12:59,13:57,0 hours 58 minutes,2022-03-07,San Antonio,Houston,192.0
F3999444,65,17:05,17:53,0 hours 48 minutes,2022-03-07,San Antonio,Houston,192.0
F3999445,51,11:20,12:10,0 hours 50 minutes,2022-03-07,San Antonio,Houston,192.0
F4042410,89,12:09,13:12,1 hours 3 minutes,2022-03-07,San Antonio,Houston,191.0
F4042600,86,09:52,11:04,1 hours 12 minutes,2022-03-07,San Antonio,Houston,191.0
F3855951,129,14:39,16:05,1 hours 26 minutes,2022-03-09,Houston,Pensacola,489.0
F3889112,200,15:13,16:34,1 hours 21 minutes,2022-03-09,Houston,Pensacola,489.0
F3889484,158,21:47,23:11,1 hours 24 minutes,2022-03-09,Houston,Pensacola,489.0
F3929387,158,09:36,11:15,1 hours 39 minutes,2022-03-09,Houston,Pensacola,489.0
F4019338,171,14:32,15:44,1 hours 12 minutes,2022-03-09,Houston,Pensacola,488.0
F3493827,422,07:30,10:04,2 hours 34 minutes,2022-03-23,Seattle,San Diego,1050.0
F3538977,251,19:24,22:19,2 hours 55 minutes,2022-03-23,Seattle,San Diego,1050.0
F3548478,300,15:14,17:53,2 hours 39 minutes,2022-03-23,Seattle,San Diego,1050.0
F3749292,408,11:43,14:35,2 hours 52 minutes,2022-03-23,Seattle,San Diego,1050.0
F3749348,364,06:00,08:33,2 hours 33 minutes,2022-03-23,Seattle,San Diego,1050.0
F3749376,430,18:49,21:31,2 hours 42 minutes,2022-03-23,Seattle,San Diego,1050.0
F3749563,411,10:03,12:49,2 hours 46 minutes,2022-03-23,Seattle,San Diego,1050.0
F3749564,234,20:52,23:34,2 hours 42 minutes,2022-03-23,Seattle,San Diego,1050.0
F3749571,460,15:17,18:00,2 hours 43 minutes,2022-03-23,Seattle,San Diego,1050.0
F3749623,417,08:09,11:03,2 hours 54 minutes,2022-03-23,Seattle,San Diego,1050.0
F3749654,472,15:00,17:39,2 hours 39 minutes,2022-03-23,Seattle,San Diego,1050.0
F3820622,139,08:30,10:13,1 hours 43 minutes,2022-03-25,San Diego,Santa Rosa,508.0
F3820685,143,17:29,19:02,1 hours 33 minutes,2022-03-25,San Diego,Santa Rosa,508.0
F3820175,117,19:04,20:40,1 hours 36 minutes,2022-03-27,Santa Rosa,Los Angeles,400.0
F3490818,449,14:48,17:28,2 hours 40 minutes,2022-03-29,Los Angeles,Seattle,954.0
F3507456,247,07:12,09:59,2 hours 47 minutes,2022-03-29,Los Angeles,Seattle,954.0
F3507637,413,17:52,20:43,2 hours 51 minutes,2022-03-29,Los Angeles,Seattle,954.0
F3511570,192,11:32,14:25,2 hours 53 minutes,2022-03-29,Los Angeles,Seattle,954.0
F3512757,404,09:57,12:34,2 hours 37 minutes,2022-03-29,Los Angeles,Seattle,954.0
F3531139,285,19:42,22:22,2 hours 40 minutes,2022-03-29,Los Angeles,Seattle,954.0
F3752865,203,16:37,19:20,2 hours 43 minutes,2022-03-29,Los Angeles,Seattle,954.0
F3752966,192,10:43,13:45,3 hours 2 minutes,2022-03-29,Los Angeles,Seattle,954.0
F3753080,362,14:04,17:02,2 hours 58 minutes,2022-03-29,Los Angeles,Seattle,954.0
F3753090,264,05:59,09:10,3 hours 11 minutes,2022-03-29,Los Angeles,Seattle,954.0
F3753091,216,16:46,19:35,2 hours 49 minutes,2022-03-29,Los Angeles,Seattle,954.0
F3753158,358,19:37,22:28,2 hours 51 minutes,2022-03-29,Los Angeles,Seattle,954.0
F3753183,356,07:19,10:24,3 hours 5 minutes,2022-03-29,Los Angeles,Seattle,954.0
F3753192,393,10:27,13:24,2 hours 57 minutes,2022-03-29,Los Angeles,Seattle,954.0
F3753242,239,21:07,23:54,2 hours 47 minutes,2022-03-29,Los Angeles,Seattle,954.0
F3753375,345,17:48,20:48,3 hours 0 minutes,2022-03-29,Los Angeles,Seattle,954.0
F3813924,244,18:26,21:16,2 hours 50 minutes,2022-03-29,Los Angeles,Seattle,954.0
F3813942,201,12:30,15:41,3 hours 11 minutes,2022-03-29,Los Angeles,Seattle,954.0
F3789980,232,11:35,14:05,3 hours 30 minutes,2022-03-12,Philadelphia,Madison,764.0
F3798364,41,11:53,12:53,1 hours 0 minutes,2022-03-17,Yuma,Phoenix,160.0
F4044233,76,09:02,10:13,1 hours 11 minutes,2022-03-17,Yuma,Phoenix,160.0
F4047019,66,16:31,17:32,1 hours 1 minutes,2022-03-17,Yuma,Phoenix,160.0
F4047273,40,05:22,06:35,1 hours 13 minutes,2022-03-17,Yuma,Phoenix,160.0
F3571890,234,19:21,23:57,2 hours 36 minutes,2022-03-19,Phoenix,Des Moines,1137.0
F3581424,352,10:58,15:39,2 hours 41 minutes,2022-03-19,Phoenix,Des Moines,1137.0
F3680581,405,19:07,23:43,2 hours 36 minutes,2022-03-19,Phoenix,Des Moines,1149.0
F3682546,394,08:58,13:42,2 hours 44 minutes,2022-03-19,Phoenix,Des Moines,1149.0
F3641351,291,16:45,19:22,2 hours 37 minutes,2022-03-23,New York,Asheville,599.0
F3654431,226,08:58,11:09,2 hours 11 minutes,2022-03-23,New York,Asheville,599.0
F3821351,34,10:53,11:57,1 hours 4 minutes,2022-03-06,San Diego,Los Angeles,109.0
F3821753,52,06:36,07:25,0 hours 49 minutes,2022-03-06,San Diego,Los Angeles,109.0
F3831233,32,06:17,07:16,0 hours 59 minutes,2022-03-06,San Diego,Los Angeles,109.0
F3625298,308,17:45,23:10,3 hours 25 minutes,2022-03-19,Las Vegas,Milwaukee,1524.0
F4030767,641,08:29,13:46,3 hours 17 minutes,2022-03-19,Las Vegas,Milwaukee,1524.0
F4030768,370,20:25,01:37,3 hours 12 minutes,2022-03-19,Las Vegas,Milwaukee,1524.0
F3568205,612,13:04,14:35,3 hours 31 minutes,2022-03-25,Madison,Las Vegas,1454.0
F3568207,664,21:53,00:11,4 hours 18 minutes,2022-03-25,Madison,Las Vegas,1454.0
F3594430,73,21:20,23:04,1 hours 44 minutes,2022-03-10,Chicago,Des Moines,299.0
F3609148,114,08:05,09:27,1 hours 22 minutes,2022-03-10,Chicago,Des Moines,299.0
F3799906,131,15:47,17:08,1 hours 21 minutes,2022-03-10,Chicago,Des Moines,299.0
F3804015,145,12:47,14:15,1 hours 28 minutes,2022-03-10,Chicago,Des Moines,299.0
F3887081,94,21:30,22:48,1 hours 18 minutes,2022-03-10,Chicago,Des Moines,299.0
F3928862,135,08:47,10:11,1 hours 24 minutes,2022-03-10,Chicago,Des Moines,299.0
F4072420,119,13:14,14:34,1 hours 20 minutes,2022-03-10,Chicago,Des Moines,299.0
F3971070,118,06:41,07:07,1 hours 26 minutes,2022-03-05,Charleston,Nashville,439.0
F3971071,92,16:34,16:57,1 hours 23 minutes,2022-03-05,Charleston,Nashville,439.0
F3495658,307,06:24,09:03,2 hours 39 minutes,2022-03-17,Providence,Atlanta,903.0
F3513929,249,19:08,21:43,2 hours 35 minutes,2022-03-17,Providence,Atlanta,903.0
F3541525,425,13:21,15:45,2 hours 24 minutes,2022-03-17,Providence,Atlanta,903.0
F3636909,48,20:59,21:53,0 hours 54 minutes,2022-03-19,Atlanta,Valdosta,208.0
F3648308,63,11:55,12:49,0 hours 54 minutes,2022-03-19,Atlanta,Valdosta,208.0
F3847118,61,18:27,19:20,0 hours 53 minutes,2022-03-11,Bemidji,Minneapolis,199.0
F3847120,46,23:13,00:10,0 hours 57 minutes,2022-03-11,Bemidji,Minneapolis,199.0
F3833745,25,13:36,14:13,0 hours 37 minutes,2022-03-13,Minneapolis,Brainerd,114.0
F3833757,50,21:37,22:14,0 hours 37 minutes,2022-03-13,Minneapolis,Brainerd,114.0
F3497260,45,14:18,14:59,0 hours 41 minutes,2022-03-15,Grand Rapids,Detroit,120.0
F3522180,45,05:12,06:12,1 hours 0 minutes,2022-03-15,Grand Rapids,Detroit,120.0
F3540684,24,19:22,20:18,0 hours 56 minutes,2022-03-15,Grand Rapids,Detroit,120.0
F3545276,35,10:32,11:24,0 hours 52 minutes,2022-03-15,Grand Rapids,Detroit,120.0
F3836536,111,13:46,14:54,1 hours 8 minutes,2022-03-17,Detroit,Elmira,332.0
F3836538,110,20:51,21:49,0 hours 58 minutes,2022-03-17,Detroit,Elmira,332.0
F3730111,24,13:38,14:30,0 hours 52 minutes,2022-03-06,Philadelphia,Harrisburg,84.0
F3732394,26,10:11,11:00,0 hours 49 minutes,2022-03-06,Philadelphia,Harrisburg,84.0
F3733671,40,15:52,16:51,0 hours 59 minutes,2022-03-06,Philadelphia,Harrisburg,84.0
F3735219,41,20:00,20:46,0 hours 46 minutes,2022-03-06,Philadelphia,Harrisburg,84.0
F3560105,194,23:32,01:05,1 hours 33 minutes,2022-03-06,Charlotte,Philadelphia,449.0
F3660359,162,09:29,10:55,1 hours 26 minutes,2022-03-06,Charlotte,Philadelphia,449.0
F3660962,126,18:52,20:21,1 hours 29 minutes,2022-03-06,Charlotte,Philadelphia,449.0
F3663345,219,07:33,09:09,1 hours 36 minutes,2022-03-06,Charlotte,Philadelphia,449.0
F3668582,148,20:23,21:48,1 hours 25 minutes,2022-03-06,Charlotte,Philadelphia,449.0
F3669893,139,10:54,12:47,1 hours 53 minutes,2022-03-06,Charlotte,Philadelphia,449.0
F3687415,170,16:52,18:21,1 hours 29 minutes,2022-03-06,Charlotte,Philadelphia,449.0
F3709689,212,22:49,00:18,1 hours 29 minutes,2022-03-06,Charlotte,Philadelphia,449.0
F3726707,191,13:41,15:16,1 hours 35 minutes,2022-03-06,Charlotte,Philadelphia,449.0
F3734034,64,09:17,10:14,0 hours 57 minutes,2022-03-08,Philadelphia,State College,153.0
F3689870,147,08:29,10:47,2 hours 18 minutes,2022-03-12,Pittsburgh,Charlotte,366.0
F3701828,156,20:49,22:50,2 hours 1 minutes,2022-03-12,Pittsburgh,Charlotte,366.0
F3792201,163,20:58,22:40,1 hours 42 minutes,2022-03-12,Pittsburgh,Charlotte,366.0
F4049665,126,06:39,09:28,2 hours 49 minutes,2022-03-12,Pittsburgh,Charlotte,366.0
F4053867,160,12:31,14:25,1 hours 54 minutes,2022-03-12,Pittsburgh,Charlotte,366.0
F4059364,104,11:32,13:29,1 hours 57 minutes,2022-03-12,Pittsburgh,Charlotte,366.0
F4024797,504,14:27,17:51,2 hours 24 minutes,2022-03-17,Oklahoma City,Orlando,1069.0
F3614644,183,17:15,18:39,2 hours 24 minutes,2022-03-19,Orlando,Pensacola,381.0
F3588820,218,06:21,08:51,1 hours 30 minutes,2022-03-21,Pensacola,Miami,530.0
F3596202,242,19:08,21:56,1 hours 48 minutes,2022-03-21,Pensacola,Miami,530.0
F3596466,249,11:12,13:52,1 hours 40 minutes,2022-03-21,Pensacola,Miami,530.0
F3591182,445,21:18,23:45,3 hours 27 minutes,2022-03-23,Miami,Oklahoma City,1222.0
F3598310,298,12:34,15:04,2 hours 30 minutes,2022-03-24,Chicago,Houston,925.0
F3625427,423,07:27,09:59,2 hours 32 minutes,2022-03-24,Chicago,Houston,925.0
F3660739,444,20:13,22:46,2 hours 33 minutes,2022-03-24,Chicago,Houston,925.0
F3813303,219,10:35,13:06,2 hours 31 minutes,2022-03-24,Chicago,Houston,925.0
F3884429,206,12:54,16:13,3 hours 19 minutes,2022-03-24,Chicago,Houston,925.0
F3884443,423,20:08,22:31,2 hours 23 minutes,2022-03-24,Chicago,Houston,925.0
F3884450,209,15:46,18:30,2 hours 44 minutes,2022-03-24,Chicago,Houston,925.0
F3884469,244,18:21,20:47,2 hours 26 minutes,2022-03-24,Chicago,Houston,925.0
F3884617,448,05:54,08:25,2 hours 31 minutes,2022-03-24,Chicago,Houston,925.0
F3884672,453,13:59,16:28,2 hours 29 minutes,2022-03-24,Chicago,Houston,925.0
F3884703,431,07:54,10:34,2 hours 40 minutes,2022-03-24,Chicago,Houston,925.0
F3884858,333,10:37,13:13,2 hours 36 minutes,2022-03-24,Chicago,Houston,925.0
F3885569,202,08:47,11:26,2 hours 39 minutes,2022-03-24,Chicago,Houston,925.0
F4010469,458,22:22,00:36,2 hours 14 minutes,2022-03-24,Chicago,Houston,937.0
F4010470,381,07:44,10:10,2 hours 26 minutes,2022-03-24,Chicago,Houston,937.0
F4010471,204,04:56,07:31,2 hours 35 minutes,2022-03-24,Chicago,Houston,937.0
F4010472,249,20:07,22:53,2 hours 46 minutes,2022-03-24,Chicago,Houston,937.0
F4010476,274,08:12,10:40,2 hours 28 minutes,2022-03-24,Chicago,Houston,917.0
F4010477,189,22:54,01:14,2 hours 20 minutes,2022-03-24,Chicago,Houston,917.0
F3881783,46,20:35,21:29,0 hours 54 minutes,2022-03-26,Houston,San Antonio,191.0
F3881819,86,14:36,15:31,0 hours 55 minutes,2022-03-26,Houston,San Antonio,191.0
F4031778,80,22:31,23:14,0 hours 43 minutes,2022-03-26,Houston,San Antonio,192.0
F4031779,78,15:33,16:17,0 hours 44 minutes,2022-03-26,Houston,San Antonio,192.0
F4040786,64,12:21,13:25,1 hours 4 minutes,2022-03-26,Houston,San Antonio,191.0
F4041078,64,10:15,11:16,1 hours 1 minutes,2022-03-26,Houston,San Antonio,191.0
F4041513,81,18:19,19:09,0 hours 50 minutes,2022-03-26,Houston,San Antonio,191.0
F3672490,52,09:13,10:29,1 hours 16 minutes,2022-03-28,San Antonio,Dallas,247.0
F3676405,74,10:24,11:29,1 hours 5 minutes,2022-03-28,San Antonio,Dallas,247.0
F3676463,60,18:35,19:44,1 hours 9 minutes,2022-03-28,San Antonio,Dallas,247.0
F3677157,114,07:50,09:04,1 hours 14 minutes,2022-03-28,San Antonio,Dallas,247.0
F3694831,112,12:15,13:19,1 hours 4 minutes,2022-03-28,San Antonio,Dallas,247.0
F3694959,66,16:41,17:52,1 hours 11 minutes,2022-03-28,San Antonio,Dallas,247.0
F3705080,114,07:01,08:01,1 hours 0 minutes,2022-03-28,San Antonio,Dallas,247.0
F3711642,62,04:52,05:56,1 hours 4 minutes,2022-03-28,San Antonio,Dallas,247.0
F3721242,112,05:52,07:18,1 hours 26 minutes,2022-03-28,San Antonio,Dallas,247.0
F3727718,115,15:04,16:02,0 hours 58 minutes,2022-03-28,San Antonio,Dallas,247.0
F3959306,74,20:51,21:50,0 hours 59 minutes,2022-03-28,San Antonio,Dallas,247.0
F3959307,108,14:52,15:55,1 hours 3 minutes,2022-03-28,San Antonio,Dallas,247.0
F3959308,85,07:53,08:54,1 hours 1 minutes,2022-03-28,San Antonio,Dallas,247.0
F3959309,88,17:34,18:38,1 hours 4 minutes,2022-03-28,San Antonio,Dallas,247.0
F3959310,102,10:05,11:25,1 hours 20 minutes,2022-03-28,San Antonio,Dallas,247.0
F3959311,100,21:06,21:59,0 hours 53 minutes,2022-03-28,San Antonio,Dallas,247.0
F3959312,121,11:59,13:08,1 hours 9 minutes,2022-03-28,San Antonio,Dallas,247.0
F3959313,64,05:43,06:40,0 hours 57 minutes,2022-03-28,San Antonio,Dallas,247.0
F3617686,268,19:13,21:22,2 hours 9 minutes,2022-03-30,Dallas,Chicago,801.0
F3679300,294,18:42,20:51,2 hours 9 minutes,2022-03-30,Dallas,Chicago,801.0
F3700890,357,16:50,19:03,2 hours 13 minutes,2022-03-30,Dallas,Chicago,801.0
F3709194,370,15:32,17:52,2 hours 20 minutes,2022-03-30,Dallas,Chicago,801.0
F3710466,252,06:56,09:08,2 hours 12 minutes,2022-03-30,Dallas,Chicago,801.0
F3710589,191,14:23,16:35,2 hours 12 minutes,2022-03-30,Dallas,Chicago,801.0
F3713570,327,20:55,23:02,2 hours 7 minutes,2022-03-30,Dallas,Chicago,801.0
F3715129,314,19:22,21:45,2 hours 23 minutes,2022-03-30,Dallas,Chicago,801.0
F3716844,328,08:57,11:11,2 hours 14 minutes,2022-03-30,Dallas,Chicago,801.0
F3720349,223,10:42,13:00,2 hours 18 minutes,2022-03-30,Dallas,Chicago,801.0
F3723087,239,14:10,16:25,2 hours 15 minutes,2022-03-30,Dallas,Chicago,801.0
F3868446,299,10:34,12:38,2 hours 4 minutes,2022-03-30,Dallas,Chicago,801.0
F3868504,326,14:13,16:14,2 hours 1 minutes,2022-03-30,Dallas,Chicago,801.0
F3869001,309,12:30,14:29,1 hours 59 minutes,2022-03-30,Dallas,Chicago,801.0
F3869139,359,16:23,18:20,1 hours 57 minutes,2022-03-30,Dallas,Chicago,801.0
F3964017,160,07:07,08:56,1 hours 49 minutes,2022-03-30,Dallas,Chicago,793.0
F3964018,340,08:54,10:59,2 hours 5 minutes,2022-03-30,Dallas,Chicago,793.0
F3964019,308,13:33,15:35,2 hours 2 minutes,2022-03-30,Dallas,Chicago,793.0
F3964020,165,11:14,13:01,1 hours 47 minutes,2022-03-30,Dallas,Chicago,793.0
F3964021,384,20:11,22:06,4 hours 53 minutes,2022-03-30,Dallas,Chicago,793.0
F3964022,353,19:27,21:18,1 hours 51 minutes,2022-03-30,Dallas,Chicago,793.0
F3964037,207,11:35,13:32,1 hours 57 minutes,2022-03-30,Dallas,Chicago,798.0
F3964038,168,15:26,17:24,1 hours 58 minutes,2022-03-30,Dallas,Chicago,798.0
F3964039,320,06:13,08:16,2 hours 3 minutes,2022-03-30,Dallas,Chicago,798.0
F3964040,243,18:52,21:02,2 hours 10 minutes,2022-03-30,Dallas,Chicago,798.0
F4042046,366,07:10,09:22,2 hours 12 minutes,2022-03-30,Dallas,Chicago,801.0
F3930876,225,17:23,20:25,2 hours 2 minutes,2022-03-07,Denver,Shreveport,792.0
F3562951,251,23:03,00:47,2 hours 44 minutes,2022-03-13,New Orleans,Denver,1062.0
F3875480,270,08:26,10:19,2 hours 53 minutes,2022-03-13,New Orleans,Denver,1062.0
F3875661,284,17:46,19:32,2 hours 46 minutes,2022-03-13,New Orleans,Denver,1062.0
F3875944,511,16:18,18:04,2 hours 46 minutes,2022-03-13,New Orleans,Denver,1062.0
F3975449,383,09:50,11:45,2 hours 55 minutes,2022-03-13,New Orleans,Denver,1062.0
F3975450,458,20:21,22:02,2 hours 41 minutes,2022-03-13,New Orleans,Denver,1062.0
F3975451,265,06:02,08:01,2 hours 59 minutes,2022-03-13,New Orleans,Denver,1062.0
F3611998,115,21:41,23:43,2 hours 2 minutes,2022-03-11,New York,Myrtle Beach,563.0
F3614937,264,15:28,17:54,2 hours 26 minutes,2022-03-11,New York,Myrtle Beach,563.0
F3646333,203,09:01,11:34,2 hours 33 minutes,2022-03-11,New York,Myrtle Beach,563.0
F3652659,162,13:09,15:07,1 hours 58 minutes,2022-03-11,New York,Myrtle Beach,563.0
F3577281,397,17:57,22:18,3 hours 21 minutes,2022-03-11,Des Moines,Punta Gorda,1206.0
F3519104,231,13:19,15:58,1 hours 39 minutes,2022-03-04,Oakland,Salt Lake City,588.0
F3557697,134,09:59,12:36,1 hours 37 minutes,2022-03-04,Oakland,Salt Lake City,588.0
F3835055,248,17:04,19:49,1 hours 45 minutes,2022-03-04,Oakland,Salt Lake City,588.0
F3850453,244,05:56,08:37,1 hours 41 minutes,2022-03-04,Oakland,Salt Lake City,588.0
F3969641,269,15:53,18:31,1 hours 38 minutes,2022-03-04,Oakland,Salt Lake City,588.0
F3969642,258,19:13,21:52,1 hours 39 minutes,2022-03-04,Oakland,Salt Lake City,588.0
F3969643,240,09:02,11:58,1 hours 56 minutes,2022-03-04,Oakland,Salt Lake City,588.0
F3635150,74,08:56,10:07,1 hours 11 minutes,2022-03-10,Wilmington,Charlotte,185.0
F3666337,79,14:30,15:24,0 hours 54 minutes,2022-03-10,Wilmington,Charlotte,185.0
F3783512,73,10:58,11:59,1 hours 1 minutes,2022-03-10,Wilmington,Charlotte,185.0
F3786887,43,16:06,17:24,1 hours 18 minutes,2022-03-10,Wilmington,Charlotte,185.0
F4053605,69,06:58,08:03,1 hours 5 minutes,2022-03-10,Wilmington,Charlotte,185.0
F4061657,52,20:07,21:23,1 hours 16 minutes,2022-03-10,Wilmington,Charlotte,185.0
F3604419,309,16:22,17:40,2 hours 18 minutes,2022-03-12,Charlotte,Fayetteville,754.0
F3605836,290,20:08,22:09,3 hours 1 minutes,2022-03-12,Charlotte,Fayetteville,754.0
F3732874,58,09:23,10:13,0 hours 50 minutes,2022-03-12,Charlotte,Fayetteville,118.0
F3733108,55,07:29,09:35,2 hours 6 minutes,2022-03-12,Charlotte,Fayetteville,118.0
F3783433,33,18:21,19:06,0 hours 45 minutes,2022-03-12,Charlotte,Fayetteville,118.0
F3697788,279,07:03,09:18,3 hours 15 minutes,2022-03-25,Harrisburg,Dallas,1231.0
F3599976,139,19:08,20:22,1 hours 14 minutes,2022-03-27,Dallas,Amarillo,312.0
F3600057,89,22:34,23:52,1 hours 18 minutes,2022-03-27,Dallas,Amarillo,312.0
F3601193,101,08:28,09:36,1 hours 8 minutes,2022-03-27,Dallas,Amarillo,312.0
F4034475,102,16:45,17:51,1 hours 6 minutes,2022-03-27,Dallas,Amarillo,323.0
F4034476,116,09:36,10:39,1 hours 3 minutes,2022-03-27,Dallas,Amarillo,323.0
F4034477,110,23:35,00:38,1 hours 3 minutes,2022-03-27,Dallas,Amarillo,323.0
F4034478,129,12:51,13:56,1 hours 5 minutes,2022-03-27,Dallas,Amarillo,323.0
F4046399,84,10:25,11:34,1 hours 9 minutes,2022-03-27,Dallas,Amarillo,312.0
F3843000,108,06:29,08:12,1 hours 43 minutes,2022-03-29,Amarillo,Houston,517.0
F3843003,168,13:29,15:03,1 hours 34 minutes,2022-03-29,Amarillo,Houston,517.0
F3501542,376,18:43,20:30,2 hours 47 minutes,2022-03-05,Philadelphia,Minneapolis,980.0
F3520772,336,06:07,08:32,3 hours 25 minutes,2022-03-05,Philadelphia,Minneapolis,980.0
F3788559,218,11:01,13:00,2 hours 59 minutes,2022-03-05,Philadelphia,Minneapolis,980.0
F3849137,43,12:43,13:29,0 hours 46 minutes,2022-03-07,Minneapolis,Brainerd,114.0
F3849151,34,21:40,22:41,1 hours 1 minutes,2022-03-07,Minneapolis,Brainerd,114.0
F3633244,460,15:08,17:16,3 hours 8 minutes,2022-03-09,Myrtle Beach,Dallas,1048.0
F3590544,63,22:41,23:42,1 hours 1 minutes,2022-03-11,Dallas,Killeen,134.0
F3593043,66,17:19,18:12,0 hours 53 minutes,2022-03-11,Dallas,Killeen,134.0
F3599078,58,13:22,14:22,1 hours 0 minutes,2022-03-11,Dallas,Killeen,134.0
F3602467,31,11:38,12:33,0 hours 55 minutes,2022-03-11,Dallas,Killeen,134.0
F3602799,41,18:36,19:34,0 hours 58 minutes,2022-03-11,Dallas,Killeen,134.0
F3607327,34,15:03,15:58,0 hours 55 minutes,2022-03-11,Dallas,Killeen,134.0
F3609993,56,08:53,10:06,1 hours 13 minutes,2022-03-11,Dallas,Killeen,134.0
F3679193,401,10:26,12:28,3 hours 2 minutes,2022-03-16,Miami,Austin,1103.0
F3680083,448,21:24,23:28,3 hours 4 minutes,2022-03-16,Miami,Austin,1103.0
F3713163,521,14:55,17:03,3 hours 8 minutes,2022-03-16,Miami,Austin,1103.0
F3713403,393,08:53,11:10,3 hours 17 minutes,2022-03-16,Miami,Austin,1103.0
F3716496,492,20:00,22:27,3 hours 27 minutes,2022-03-16,Miami,Austin,1103.0
F4005914,344,15:27,17:53,3 hours 26 minutes,2022-03-16,Miami,Austin,1103.0
F4026016,167,20:04,21:09,1 hours 5 minutes,2022-03-18,Austin,Lubbock,341.0
F3596615,110,18:11,19:18,1 hours 7 minutes,2022-03-20,Lubbock,Dallas,282.0
F3799739,140,04:58,06:15,1 hours 17 minutes,2022-03-20,Lubbock,Dallas,282.0
F3799780,138,06:00,07:09,1 hours 9 minutes,2022-03-20,Lubbock,Dallas,282.0
F3802082,90,16:23,17:52,1 hours 29 minutes,2022-03-20,Lubbock,Dallas,282.0
F3953368,98,17:50,19:22,1 hours 32 minutes,2022-03-20,Lubbock,Dallas,293.0
F3953369,138,10:55,12:08,1 hours 13 minutes,2022-03-20,Lubbock,Dallas,293.0
F3953370,87,05:29,06:26,0 hours 57 minutes,2022-03-20,Lubbock,Dallas,293.0
F3953371,96,14:37,15:51,1 hours 14 minutes,2022-03-20,Lubbock,Dallas,293.0
F3953372,121,20:47,21:53,1 hours 6 minutes,2022-03-20,Lubbock,Dallas,293.0
F4046312,131,12:19,13:41,1 hours 22 minutes,2022-03-20,Lubbock,Dallas,282.0
F3622332,447,06:52,11:00,3 hours 8 minutes,2022-03-22,Dallas,Miami,1121.0
F3671749,303,17:01,20:54,2 hours 53 minutes,2022-03-22,Dallas,Miami,1121.0
F3684294,499,18:57,23:00,3 hours 3 minutes,2022-03-22,Dallas,Miami,1121.0
F3685156,248,13:26,17:46,3 hours 20 minutes,2022-03-22,Dallas,Miami,1121.0
F3698163,348,19:25,23:14,2 hours 49 minutes,2022-03-22,Dallas,Miami,1121.0
F3699003,304,05:21,09:25,3 hours 4 minutes,2022-03-22,Dallas,Miami,1121.0
F3699679,551,11:02,15:03,3 hours 1 minutes,2022-03-22,Dallas,Miami,1121.0
F3702171,524,15:04,18:54,2 hours 50 minutes,2022-03-22,Dallas,Miami,1121.0
F3703573,500,13:25,17:39,3 hours 14 minutes,2022-03-22,Dallas,Miami,1121.0
F3710071,324,17:33,21:28,2 hours 55 minutes,2022-03-22,Dallas,Miami,1121.0
F3712873,276,08:48,13:02,3 hours 14 minutes,2022-03-22,Dallas,Miami,1121.0
F3982192,532,09:02,13:00,2 hours 58 minutes,2022-03-22,Dallas,Miami,1109.0
F3601204,258,07:07,10:08,2 hours 1 minutes,2022-03-05,Fayetteville,Charlotte,754.0
F3604435,167,18:13,21:10,1 hours 57 minutes,2022-03-05,Fayetteville,Charlotte,754.0
F3732898,38,10:57,12:09,1 hours 12 minutes,2022-03-05,Fayetteville,Charlotte,118.0
F3733126,47,08:58,10:15,1 hours 17 minutes,2022-03-05,Fayetteville,Charlotte,118.0
F3783457,41,19:41,20:52,1 hours 11 minutes,2022-03-05,Fayetteville,Charlotte,118.0
F3794416,47,05:19,06:13,0 hours 54 minutes,2022-03-05,Fayetteville,Charlotte,118.0
F3601983,147,22:21,23:44,1 hours 23 minutes,2022-03-07,Charlotte,Columbus,347.0
F3630507,75,13:18,14:41,1 hours 23 minutes,2022-03-07,Charlotte,Columbus,347.0
F3635045,144,12:23,13:28,1 hours 5 minutes,2022-03-07,Charlotte,Columbus,295.0
F3717662,147,10:17,11:26,1 hours 9 minutes,2022-03-07,Charlotte,Columbus,347.0
F3783068,154,17:55,19:26,1 hours 31 minutes,2022-03-07,Charlotte,Columbus,347.0
F3787998,139,20:21,21:56,1 hours 35 minutes,2022-03-07,Charlotte,Columbus,295.0
F3796401,85,07:54,09:26,1 hours 32 minutes,2022-03-07,Charlotte,Columbus,347.0
F4049951,161,20:19,21:47,1 hours 28 minutes,2022-03-07,Charlotte,Columbus,347.0
F3820057,237,14:17,16:41,2 hours 24 minutes,2022-03-16,Monterey,Seattle,750.0
F3862395,23,22:48,23:30,0 hours 42 minutes,2022-03-18,Seattle,Yakima,103.0
F3862507,22,12:46,13:30,0 hours 44 minutes,2022-03-18,Seattle,Yakima,103.0
F3860262,58,06:53,07:49,0 hours 56 minutes,2022-03-09,Everett,Portland,161.0
F3860776,70,16:10,17:06,0 hours 56 minutes,2022-03-11,Portland,Medford,222.0
F3606128,219,10:50,12:48,2 hours 58 minutes,2022-03-23,Dallas,Billings,1081.0
F3686631,540,13:51,17:54,3 hours 3 minutes,2022-03-29,Bozeman,Dallas,1163.0
F3725576,388,15:30,19:28,2 hours 58 minutes,2022-03-29,Bozeman,Dallas,1163.0
F3819856,102,07:18,08:54,1 hours 36 minutes,2022-03-08,San Diego,Sacramento,480.0
F3819861,212,17:47,19:21,1 hours 34 minutes,2022-03-08,San Diego,Sacramento,480.0
F3819875,186,11:53,13:38,1 hours 45 minutes,2022-03-08,San Diego,Sacramento,480.0
F3819882,180,13:52,15:34,1 hours 42 minutes,2022-03-08,San Diego,Sacramento,480.0
F4017652,106,16:15,17:48,1 hours 33 minutes,2022-03-08,San Diego,Sacramento,480.0
F4017653,121,11:06,12:35,1 hours 29 minutes,2022-03-08,San Diego,Sacramento,480.0
F4017654,153,18:47,20:23,1 hours 36 minutes,2022-03-08,San Diego,Sacramento,480.0
F4017655,127,12:26,13:55,1 hours 29 minutes,2022-03-08,San Diego,Sacramento,480.0
F3593120,496,07:17,09:17,3 hours 0 minutes,2022-03-07,Greensboro,Dallas,999.0
F3609179,365,14:28,16:37,3 hours 9 minutes,2022-03-07,Greensboro,Dallas,999.0
F3609706,104,12:25,13:58,1 hours 33 minutes,2022-03-09,Dallas,Laredo,396.0
F3804195,82,20:42,21:54,1 hours 12 minutes,2022-03-09,Dallas,Laredo,396.0
F3804330,83,08:40,10:22,1 hours 42 minutes,2022-03-09,Dallas,Laredo,396.0
F3886329,621,10:25,11:57,3 hours 32 minutes,2022-03-23,Houston,San Diego,1303.0
F3886506,547,12:01,13:29,3 hours 28 minutes,2022-03-23,Houston,San Diego,1303.0
F3893495,276,07:25,08:53,3 hours 28 minutes,2022-03-23,Houston,San Diego,1303.0
F3893752,404,18:36,19:59,3 hours 23 minutes,2022-03-23,Houston,San Diego,1303.0
F3986103,577,22:45,23:53,3 hours 8 minutes,2022-03-23,Houston,San Diego,1313.0
F3854086,302,06:34,11:20,2 hours 46 minutes,2022-03-29,Palm Springs,Houston,1269.0
F3692294,572,09:44,14:59,3 hours 15 minutes,2022-03-04,Phoenix,Grand Rapids,1574.0
F3833855,103,06:14,07:35,1 hours 21 minutes,2022-03-08,Escanaba,Detroit,306.0
F3508595,454,21:17,23:55,4 hours 38 minutes,2022-03-10,Detroit,Phoenix,1671.0
F3510070,794,17:20,19:52,4 hours 32 minutes,2022-03-10,Detroit,Phoenix,1671.0
F3511826,444,08:34,11:00,4 hours 26 minutes,2022-03-10,Detroit,Phoenix,1671.0
F3520451,360,12:59,15:29,4 hours 30 minutes,2022-03-10,Detroit,Phoenix,1671.0
F3615727,395,11:27,13:49,4 hours 22 minutes,2022-03-10,Detroit,Phoenix,1671.0
F3671181,586,19:36,22:00,4 hours 24 minutes,2022-03-10,Detroit,Phoenix,1671.0
F3713641,812,06:54,09:22,4 hours 28 minutes,2022-03-10,Detroit,Phoenix,1671.0
F3759462,371,06:25,09:22,2 hours 57 minutes,2022-03-07,White Plains,Fort Myers,1102.0
F3768851,432,08:10,11:05,2 hours 55 minutes,2022-03-07,White Plains,Fort Myers,1102.0
F3758376,335,18:11,20:41,2 hours 30 minutes,2022-03-13,Orlando,White Plains,972.0
F3763611,396,16:40,19:07,2 hours 27 minutes,2022-03-13,Orlando,White Plains,972.0
F3846320,115,05:58,07:28,1 hours 30 minutes,2022-03-12,Harrisburg,Detroit,371.0
F3851523,184,15:52,17:47,1 hours 55 minutes,2022-03-12,Harrisburg,Detroit,371.0
F3850220,144,21:07,22:23,1 hours 16 minutes,2022-03-14,Detroit,Harrisburg,371.0
F3850355,135,14:07,15:22,1 hours 15 minutes,2022-03-14,Detroit,Harrisburg,371.0
F3968000,130,11:56,13:02,1 hours 6 minutes,2022-03-04,Baltimore,Syracuse,273.0
F3968001,98,14:50,15:50,1 hours 0 minutes,2022-03-04,Baltimore,Syracuse,273.0
F3968002,67,21:39,22:46,1 hours 7 minutes,2022-03-04,Baltimore,Syracuse,273.0
F3996664,128,17:03,18:12,1 hours 9 minutes,2022-03-06,Syracuse,Baltimore,273.0
F3996665,103,07:03,08:38,1 hours 35 minutes,2022-03-06,Syracuse,Baltimore,273.0
F3996666,136,15:24,16:24,1 hours 0 minutes,2022-03-06,Syracuse,Baltimore,273.0
F3611259,199,13:13,15:56,2 hours 43 minutes,2022-03-04,Orlando,Newark,937.0
F3615477,374,17:38,20:20,2 hours 42 minutes,2022-03-04,Orlando,Newark,937.0
F3616380,262,08:40,11:16,2 hours 36 minutes,2022-03-04,Orlando,Newark,937.0
F3761260,456,06:21,09:03,2 hours 42 minutes,2022-03-04,Orlando,Newark,937.0
F3762069,359,16:05,19:01,2 hours 56 minutes,2022-03-04,Orlando,Newark,937.0
F3769296,333,14:00,16:58,2 hours 58 minutes,2022-03-04,Orlando,Newark,937.0
F3775764,456,20:15,23:02,2 hours 47 minutes,2022-03-04,Orlando,Newark,937.0
F3903832,414,05:54,08:43,2 hours 49 minutes,2022-03-04,Orlando,Newark,937.0
F3903880,436,19:49,22:30,2 hours 41 minutes,2022-03-04,Orlando,Newark,937.0
F3903920,249,16:07,19:16,3 hours 9 minutes,2022-03-04,Orlando,Newark,937.0
F3903941,375,18:37,21:19,2 hours 42 minutes,2022-03-04,Orlando,Newark,937.0
F3904062,344,08:43,11:08,2 hours 25 minutes,2022-03-04,Orlando,Newark,937.0
F3904087,377,10:15,12:51,2 hours 36 minutes,2022-03-04,Orlando,Newark,937.0
F3904211,369,06:54,09:23,2 hours 29 minutes,2022-03-04,Orlando,Newark,937.0
F3904250,401,09:27,12:03,2 hours 36 minutes,2022-03-04,Orlando,Newark,937.0
F3904267,274,12:24,15:31,3 hours 7 minutes,2022-03-04,Orlando,Newark,937.0
F3904459,347,07:55,10:26,2 hours 31 minutes,2022-03-04,Orlando,Newark,937.0
F3904556,242,19:24,22:16,2 hours 52 minutes,2022-03-04,Orlando,Newark,937.0
F3905033,412,14:38,17:28,2 hours 50 minutes,2022-03-04,Orlando,Newark,937.0
F3905039,398,11:12,14:00,2 hours 48 minutes,2022-03-04,Orlando,Newark,937.0
F3613840,400,10:57,13:24,2 hours 27 minutes,2022-03-06,Newark,Orlando,937.0
F3615448,239,21:27,00:05,2 hours 38 minutes,2022-03-06,Newark,Orlando,937.0
F3616390,238,12:04,14:34,2 hours 30 minutes,2022-03-06,Newark,Orlando,937.0
F3757912,461,12:41,15:23,2 hours 42 minutes,2022-03-06,Newark,Orlando,937.0
F3757914,341,20:10,22:56,2 hours 46 minutes,2022-03-06,Newark,Orlando,937.0
F3768048,361,07:53,10:47,2 hours 54 minutes,2022-03-06,Newark,Orlando,937.0
F3775773,382,06:04,08:45,2 hours 41 minutes,2022-03-06,Newark,Orlando,937.0
F3900767,218,16:07,18:43,2 hours 36 minutes,2022-03-06,Newark,Orlando,937.0
F3900784,418,17:14,19:39,2 hours 25 minutes,2022-03-06,Newark,Orlando,937.0
F3900865,312,09:27,12:00,2 hours 33 minutes,2022-03-06,Newark,Orlando,937.0
F3901030,401,14:55,17:31,2 hours 36 minutes,2022-03-06,Newark,Orlando,937.0
F3901241,285,13:15,15:43,2 hours 28 minutes,2022-03-06,Newark,Orlando,937.0
F3901278,254,19:05,21:39,2 hours 34 minutes,2022-03-06,Newark,Orlando,937.0
F3901378,212,17:48,20:19,2 hours 31 minutes,2022-03-06,Newark,Orlando,937.0
F3901544,440,15:24,18:04,2 hours 40 minutes,2022-03-06,Newark,Orlando,937.0
F3901644,268,10:34,13:11,2 hours 37 minutes,2022-03-06,Newark,Orlando,937.0
F3901652,253,15:52,18:32,2 hours 40 minutes,2022-03-06,Newark,Orlando,937.0
F3901856,359,22:05,00:29,2 hours 24 minutes,2022-03-06,Newark,Orlando,937.0
F3901868,442,08:09,10:45,2 hours 36 minutes,2022-03-06,Newark,Orlando,937.0
F3787306,65,17:46,18:52,1 hours 6 minutes,2022-03-19,Wilmington,Washington,319.0
F3787277,93,16:41,18:00,1 hours 19 minutes,2022-03-21,Washington,Wilmington,319.0
F3532817,470,11:37,15:33,2 hours 56 minutes,2022-03-01,Salt Lake City,New Orleans,1428.0
F3533168,421,17:14,20:00,3 hours 46 minutes,2022-03-03,New Orleans,Salt Lake City,1428.0
F3660091,353,08:44,12:05,2 hours 21 minutes,2022-03-29,Dallas,Charlotte,936.0
F3669381,266,10:39,14:01,2 hours 22 minutes,2022-03-29,Dallas,Charlotte,936.0
F3680839,214,04:55,08:19,2 hours 24 minutes,2022-03-29,Dallas,Charlotte,936.0
F3684461,383,13:08,16:17,2 hours 9 minutes,2022-03-29,Dallas,Charlotte,936.0
F3684781,400,12:03,15:13,2 hours 10 minutes,2022-03-29,Dallas,Charlotte,936.0
F3688114,371,20:39,23:41,2 hours 2 minutes,2022-03-29,Dallas,Charlotte,936.0
F3693258,451,16:50,20:14,2 hours 24 minutes,2022-03-29,Dallas,Charlotte,936.0
F3694261,256,08:04,11:19,2 hours 15 minutes,2022-03-29,Dallas,Charlotte,936.0
F3700545,268,15:03,18:17,2 hours 14 minutes,2022-03-29,Dallas,Charlotte,936.0
F3703334,188,18:09,21:20,2 hours 11 minutes,2022-03-29,Dallas,Charlotte,936.0
F3703775,393,18:28,22:27,2 hours 59 minutes,2022-03-29,Dallas,Charlotte,936.0
F3960566,193,16:16,19:38,2 hours 22 minutes,2022-03-29,Dallas,Charlotte,926.0
F3661160,269,05:58,07:43,2 hours 45 minutes,2022-03-31,Charlotte,Dallas,936.0
F3663435,324,09:04,10:54,2 hours 50 minutes,2022-03-31,Charlotte,Dallas,936.0
F3663617,229,22:34,00:14,2 hours 40 minutes,2022-03-31,Charlotte,Dallas,936.0
F3663646,227,18:32,20:19,2 hours 47 minutes,2022-03-31,Charlotte,Dallas,936.0
F3664561,414,11:47,13:45,2 hours 58 minutes,2022-03-31,Charlotte,Dallas,936.0
F3673449,229,16:18,17:58,2 hours 40 minutes,2022-03-31,Charlotte,Dallas,936.0
F3684432,464,17:29,19:18,2 hours 49 minutes,2022-03-31,Charlotte,Dallas,936.0
F3685911,428,07:35,09:43,3 hours 8 minutes,2022-03-31,Charlotte,Dallas,936.0
F3687702,248,14:34,16:11,2 hours 37 minutes,2022-03-31,Charlotte,Dallas,936.0
F3709559,392,13:45,15:40,2 hours 55 minutes,2022-03-31,Charlotte,Dallas,936.0
F3727460,424,21:11,22:53,2 hours 42 minutes,2022-03-31,Charlotte,Dallas,936.0
F3990031,384,10:32,12:13,2 hours 41 minutes,2022-03-31,Charlotte,Dallas,926.0
F3635539,316,18:54,21:08,2 hours 14 minutes,2022-03-14,White Plains,Atlanta,780.0
F3636370,306,05:56,08:05,2 hours 9 minutes,2022-03-14,White Plains,Atlanta,780.0
F3637392,359,12:53,15:05,2 hours 12 minutes,2022-03-14,White Plains,Atlanta,780.0
F3638131,322,16:14,18:19,2 hours 5 minutes,2022-03-14,White Plains,Atlanta,780.0
F3643410,338,10:29,12:37,2 hours 8 minutes,2022-03-14,White Plains,Atlanta,780.0
F3637365,366,09:47,11:58,2 hours 11 minutes,2022-03-16,Atlanta,White Plains,780.0
F3638110,341,13:35,15:44,2 hours 9 minutes,2022-03-16,Atlanta,White Plains,780.0
F3645189,383,07:20,09:30,2 hours 10 minutes,2022-03-16,Atlanta,White Plains,780.0
F3655935,331,20:07,22:16,2 hours 9 minutes,2022-03-16,Atlanta,White Plains,780.0
F3754877,136,08:04,09:30,1 hours 26 minutes,2022-03-04,Buffalo,Boston,395.0
F3757097,169,21:44,23:34,1 hours 50 minutes,2022-03-06,Boston,Buffalo,395.0
F3822050,390,09:52,15:01,3 hours 9 minutes,2022-03-14,Denver,Savannah,1414.0
F3810346,673,16:09,18:07,3 hours 58 minutes,2022-03-16,Savannah,Denver,1414.0
F3747253,1119,17:14,21:18,7 hours 4 minutes,2022-03-20,Newark,San Francisco,2565.0
F3747256,968,08:35,11:35,6 hours 0 minutes,2022-03-20,Newark,San Francisco,2565.0
F3747353,1033,19:45,22:55,6 hours 10 minutes,2022-03-20,Newark,San Francisco,2565.0
F3777029,904,07:52,11:06,6 hours 14 minutes,2022-03-20,Newark,San Francisco,2565.0
F3898363,708,17:19,20:10,5 hours 51 minutes,2022-03-20,Newark,San Francisco,2565.0
F3898422,588,10:08,12:43,5 hours 35 minutes,2022-03-20,Newark,San Francisco,2565.0
F3898433,870,14:28,17:22,5 hours 54 minutes,2022-03-20,Newark,San Francisco,2565.0
F3898881,1057,20:22,23:34,6 hours 12 minutes,2022-03-20,Newark,San Francisco,2565.0
F3898915,1212,18:43,21:28,5 hours 45 minutes,2022-03-20,Newark,San Francisco,2565.0
F3899040,669,05:58,09:06,6 hours 8 minutes,2022-03-20,Newark,San Francisco,2565.0
F3899336,1277,11:33,14:34,6 hours 1 minutes,2022-03-20,Newark,San Francisco,2565.0
F3899419,687,08:26,11:12,5 hours 46 minutes,2022-03-20,Newark,San Francisco,2565.0
F3748554,785,07:39,16:12,5 hours 33 minutes,2022-03-22,San Francisco,Newark,2565.0
F3748558,1193,22:35,07:27,5 hours 52 minutes,2022-03-22,San Francisco,Newark,2565.0
F3748651,734,10:51,19:34,5 hours 43 minutes,2022-03-22,San Francisco,Newark,2565.0
F3777034,797,13:39,22:12,5 hours 33 minutes,2022-03-22,San Francisco,Newark,2565.0
F3894814,964,12:49,21:18,5 hours 29 minutes,2022-03-22,San Francisco,Newark,2565.0
F3894834,580,08:27,16:51,5 hours 24 minutes,2022-03-22,San Francisco,Newark,2565.0
F3895007,868,22:35,06:59,5 hours 24 minutes,2022-03-22,San Francisco,Newark,2565.0
F3895067,1248,10:36,19:20,5 hours 44 minutes,2022-03-22,San Francisco,Newark,2565.0
F3895371,797,23:42,07:54,5 hours 12 minutes,2022-03-22,San Francisco,Newark,2565.0
F3895543,1199,14:26,22:41,5 hours 15 minutes,2022-03-22,San Francisco,Newark,2565.0
F3896171,524,06:39,14:41,5 hours 2 minutes,2022-03-22,San Francisco,Newark,2565.0
F3896234,759,16:21,00:47,5 hours 26 minutes,2022-03-22,San Francisco,Newark,2565.0
F3582348,562,22:48,00:04,3 hours 16 minutes,2022-03-18,Peoria,Las Vegas,1413.0
F3574992,542,22:51,00:42,2 hours 51 minutes,2022-03-19,St. Petersburg,Appleton,1173.0
F3578689,332,07:19,11:01,2 hours 42 minutes,2022-03-21,Appleton,St. Petersburg,1173.0
F3824447,311,09:59,12:56,1 hours 57 minutes,2022-03-09,San Francisco,Tucson,751.0
F3824458,323,20:08,22:59,1 hours 51 minutes,2022-03-09,San Francisco,Tucson,751.0
F3838516,218,16:24,19:25,2 hours 1 minutes,2022-03-09,San Francisco,Tucson,751.0
F3826260,209,14:00,15:13,2 hours 13 minutes,2022-03-11,Tucson,San Francisco,751.0
F3826303,343,18:36,19:42,2 hours 6 minutes,2022-03-11,Tucson,San Francisco,751.0
F3826399,275,08:07,09:37,2 hours 30 minutes,2022-03-11,Tucson,San Francisco,751.0
F4000986,152,21:12,22:52,1 hours 40 minutes,2022-03-15,Baltimore,Louisville,495.0
F4000987,149,10:21,12:05,1 hours 44 minutes,2022-03-15,Baltimore,Louisville,495.0
F4025331,217,20:37,21:56,1 hours 19 minutes,2022-03-17,Louisville,Baltimore,495.0
F4025332,99,13:33,15:00,1 hours 27 minutes,2022-03-17,Louisville,Baltimore,495.0
F4020145,123,19:33,20:42,1 hours 9 minutes,2022-03-09,Myrtle Beach,Baltimore,399.0
F4020146,96,08:12,09:37,1 hours 25 minutes,2022-03-09,Myrtle Beach,Baltimore,399.0
F3620484,191,10:23,11:50,1 hours 27 minutes,2022-03-11,Baltimore,Myrtle Beach,399.0
F3944239,89,17:14,18:36,1 hours 22 minutes,2022-03-11,Baltimore,Myrtle Beach,399.0
F3944240,136,08:41,10:23,1 hours 42 minutes,2022-03-11,Baltimore,Myrtle Beach,399.0
F3944241,114,20:53,22:16,1 hours 23 minutes,2022-03-11,Baltimore,Myrtle Beach,399.0
F3663575,556,09:08,10:32,3 hours 24 minutes,2022-03-18,Memphis,Phoenix,1264.0
F4028059,533,16:08,17:25,3 hours 17 minutes,2022-03-18,Memphis,Phoenix,1264.0
F3679104,491,19:40,00:25,2 hours 45 minutes,2022-03-20,Phoenix,Memphis,1264.0
F3954257,524,14:34,19:17,2 hours 43 minutes,2022-03-20,Phoenix,Memphis,1264.0
F3630750,121,17:40,19:24,1 hours 44 minutes,2022-03-21,Manchester,Washington,406.0
F3784146,122,06:00,07:36,1 hours 36 minutes,2022-03-21,Manchester,Washington,406.0
F4060326,85,11:58,13:31,1 hours 33 minutes,2022-03-21,Manchester,Washington,406.0
F3630279,129,15:07,16:29,1 hours 22 minutes,2022-03-23,Washington,Manchester,406.0
F3786111,98,22:09,23:40,1 hours 31 minutes,2022-03-23,Washington,Manchester,406.0
F4060303,168,09:56,11:28,1 hours 32 minutes,2022-03-23,Washington,Manchester,406.0
F3524735,285,06:43,10:24,2 hours 41 minutes,2022-03-23,Missoula,Minneapolis,1013.0
F3517598,422,21:55,23:37,2 hours 42 minutes,2022-03-25,Minneapolis,Missoula,1013.0
F3625291,725,18:31,23:49,3 hours 18 minutes,2022-03-12,Las Vegas,Milwaukee,1524.0
F3948606,755,08:35,14:01,3 hours 26 minutes,2022-03-12,Las Vegas,Milwaukee,1524.0
F3948607,319,20:22,01:35,3 hours 13 minutes,2022-03-12,Las Vegas,Milwaukee,1524.0
F3624334,480,14:58,16:40,3 hours 42 minutes,2022-03-14,Milwaukee,Las Vegas,1524.0
F3978923,675,04:58,06:35,3 hours 37 minutes,2022-03-14,Milwaukee,Las Vegas,1524.0
F3978924,703,16:31,18:10,3 hours 39 minutes,2022-03-14,Milwaukee,Las Vegas,1524.0
F3978925,484,09:54,11:34,3 hours 40 minutes,2022-03-14,Milwaukee,Las Vegas,1524.0
F4041910,299,10:16,11:46,2 hours 30 minutes,2022-03-01,Houston,Gunnison,886.0
F4042097,177,12:05,15:15,2 hours 10 minutes,2022-03-03,Gunnison,Houston,886.0
F3857707,152,18:22,19:18,1 hours 56 minutes,2022-03-25,Fort Dodge,Denver,576.0
F3855125,181,14:50,17:26,1 hours 36 minutes,2022-03-27,Denver,Fort Dodge,576.0
F3807381,47,14:42,16:06,1 hours 24 minutes,2022-03-27,Pittsburgh,Detroit,201.0
F3807590,92,18:35,19:58,1 hours 23 minutes,2022-03-27,Pittsburgh,Detroit,201.0
F3807665,45,10:37,12:00,1 hours 23 minutes,2022-03-27,Pittsburgh,Detroit,201.0
F4068650,51,06:30,07:44,1 hours 14 minutes,2022-03-27,Pittsburgh,Detroit,201.0
F3851988,91,12:12,13:13,1 hours 1 minutes,2022-03-29,Detroit,Pittsburgh,201.0
F3852029,98,16:06,17:10,1 hours 4 minutes,2022-03-29,Detroit,Pittsburgh,201.0
F3852098,85,08:39,09:40,1 hours 1 minutes,2022-03-29,Detroit,Pittsburgh,201.0
F4069215,82,22:45,23:42,0 hours 57 minutes,2022-03-29,Detroit,Pittsburgh,201.0
F3563187,588,16:40,18:49,4 hours 9 minutes,2022-03-13,Nashville,Las Vegas,1587.0
F3624375,702,21:47,23:23,3 hours 36 minutes,2022-03-13,Nashville,Las Vegas,1587.0
F3973428,514,15:01,16:53,3 hours 52 minutes,2022-03-13,Nashville,Las Vegas,1587.0
F3973429,748,06:00,08:01,4 hours 1 minutes,2022-03-13,Nashville,Las Vegas,1587.0
F4001881,618,05:31,10:54,3 hours 23 minutes,2022-03-15,Las Vegas,Nashville,1587.0
F4001882,516,16:28,21:51,3 hours 23 minutes,2022-03-15,Las Vegas,Nashville,1587.0
F3648359,138,17:34,18:50,1 hours 16 minutes,2022-03-11,Charlottesville,New York,305.0
F3652037,107,05:51,07:00,1 hours 9 minutes,2022-03-11,Charlottesville,New York,305.0
F3653184,119,10:30,11:43,1 hours 13 minutes,2022-03-11,Charlottesville,New York,305.0
F4050053,100,08:57,10:09,1 hours 12 minutes,2022-03-11,Charlottesville,New York,305.0
F4050115,77,19:14,20:46,1 hours 32 minutes,2022-03-11,Charlottesville,New York,305.0
F3648388,106,15:06,16:35,1 hours 29 minutes,2022-03-13,New York,Charlottesville,305.0
F3651726,110,22:51,00:32,1 hours 41 minutes,2022-03-13,New York,Charlottesville,305.0
F4050086,116,06:48,08:15,1 hours 27 minutes,2022-03-13,New York,Charlottesville,305.0
F4050148,118,17:09,18:27,1 hours 18 minutes,2022-03-13,New York,Charlottesville,305.0
F4046801,185,12:54,14:44,1 hours 50 minutes,2022-03-16,Dallas,Moline,691.0
F4047052,209,18:41,20:29,1 hours 48 minutes,2022-03-16,Dallas,Moline,691.0
F4046772,315,06:57,09:35,2 hours 38 minutes,2022-03-18,Moline,Dallas,691.0
F4046833,344,15:27,17:35,2 hours 8 minutes,2022-03-18,Moline,Dallas,691.0
F3590081,137,05:56,07:58,2 hours 2 minutes,2022-03-25,Montgomery,Dallas,622.0
F3599577,256,11:15,13:09,1 hours 54 minutes,2022-03-25,Montgomery,Dallas,622.0
F3599549,202,08:49,10:38,1 hours 49 minutes,2022-03-27,Dallas,Montgomery,622.0
F3603887,198,15:52,17:31,1 hours 39 minutes,2022-03-27,Dallas,Montgomery,622.0
F3730394,45,16:42,17:46,1 hours 4 minutes,2022-03-13,Richmond,Philadelphia,198.0
F3730916,70,08:31,09:29,0 hours 58 minutes,2022-03-13,Richmond,Philadelphia,198.0
F3734161,95,07:03,08:08,1 hours 5 minutes,2022-03-13,Richmond,Philadelphia,198.0
F3728234,97,18:54,19:55,1 hours 1 minutes,2022-03-15,Philadelphia,Richmond,198.0
F3730367,73,14:03,15:03,1 hours 0 minutes,2022-03-15,Philadelphia,Richmond,198.0
F3996769,157,11:50,12:46,1 hours 56 minutes,2022-03-07,Albuquerque,San Diego,628.0
F4020622,152,09:16,11:51,1 hours 35 minutes,2022-03-09,San Diego,Albuquerque,628.0
F3836783,39,20:45,21:40,0 hours 55 minutes,2022-03-07,Denver,Laramie,113.0
F3836825,39,12:33,13:13,0 hours 40 minutes,2022-03-07,Denver,Laramie,113.0
F3823857,39,09:05,10:16,1 hours 11 minutes,2022-03-09,Laramie,Denver,113.0
F3824429,45,14:16,15:32,1 hours 16 minutes,2022-03-09,Laramie,Denver,113.0
F3506811,527,19:34,23:03,4 hours 29 minutes,2022-03-05,New York,Austin,1521.0
F3506934,721,08:01,11:08,4 hours 7 minutes,2022-03-05,New York,Austin,1521.0
F3677723,743,07:58,11:12,4 hours 14 minutes,2022-03-05,New York,Austin,1521.0
F3767043,567,13:40,16:42,4 hours 2 minutes,2022-03-05,New York,Austin,1521.0
F3771298,721,07:04,10:05,4 hours 1 minutes,2022-03-05,New York,Austin,1521.0
F3506937,754,12:12,16:32,3 hours 20 minutes,2022-03-07,Austin,New York,1521.0
F3532397,586,18:39,23:53,4 hours 14 minutes,2022-03-07,Austin,New York,1521.0
F3543105,368,07:16,11:35,3 hours 19 minutes,2022-03-07,Austin,New York,1521.0
F3712250,598,06:36,10:58,3 hours 22 minutes,2022-03-07,Austin,New York,1521.0
F3716762,594,18:31,23:13,3 hours 42 minutes,2022-03-07,Austin,New York,1521.0
F3765834,749,05:54,10:30,3 hours 36 minutes,2022-03-07,Austin,New York,1521.0
F3769300,566,19:20,23:51,3 hours 31 minutes,2022-03-07,Austin,New York,1521.0
F3525146,213,14:22,16:55,1 hours 33 minutes,2022-03-12,St. Louis,Detroit,440.0
F3846130,176,10:42,13:12,1 hours 30 minutes,2022-03-12,St. Louis,Detroit,440.0
F3846203,204,07:33,10:18,1 hours 45 minutes,2022-03-12,St. Louis,Detroit,440.0
F3972956,202,14:10,16:41,1 hours 31 minutes,2022-03-12,St. Louis,Detroit,440.0
F3520555,105,16:25,16:54,1 hours 29 minutes,2022-03-14,Detroit,St. Louis,440.0
F3525149,141,12:49,13:16,1 hours 27 minutes,2022-03-14,Detroit,St. Louis,440.0
F3847943,113,08:41,09:21,1 hours 40 minutes,2022-03-14,Detroit,St. Louis,440.0
F3850173,123,21:04,21:37,1 hours 33 minutes,2022-03-14,Detroit,St. Louis,440.0
F3977819,125,08:29,08:55,1 hours 26 minutes,2022-03-14,Detroit,St. Louis,440.0
F3977820,170,15:09,15:28,1 hours 19 minutes,2022-03-14,Detroit,St. Louis,440.0
F3660087,358,08:45,11:59,2 hours 14 minutes,2022-03-25,Dallas,Charlotte,936.0
F3669377,343,10:29,13:56,2 hours 27 minutes,2022-03-25,Dallas,Charlotte,936.0
F3680835,295,04:59,08:13,2 hours 14 minutes,2022-03-25,Dallas,Charlotte,936.0
F3684457,443,12:57,16:12,2 hours 15 minutes,2022-03-25,Dallas,Charlotte,936.0
F3684777,385,12:06,15:26,2 hours 20 minutes,2022-03-25,Dallas,Charlotte,936.0
F3688110,301,20:34,23:49,2 hours 15 minutes,2022-03-25,Dallas,Charlotte,936.0
F3693254,221,16:50,20:08,2 hours 18 minutes,2022-03-25,Dallas,Charlotte,936.0
F3694257,357,06:56,10:18,2 hours 22 minutes,2022-03-25,Dallas,Charlotte,936.0
F3700541,319,15:11,18:23,2 hours 12 minutes,2022-03-25,Dallas,Charlotte,936.0
F3703330,229,17:40,21:10,2 hours 30 minutes,2022-03-25,Dallas,Charlotte,936.0
F3703771,418,18:32,21:52,2 hours 20 minutes,2022-03-25,Dallas,Charlotte,936.0
F4012619,307,15:29,18:45,2 hours 16 minutes,2022-03-25,Dallas,Charlotte,926.0
F3661156,265,06:00,07:39,2 hours 39 minutes,2022-03-27,Charlotte,Dallas,936.0
F3663431,272,09:08,10:51,2 hours 43 minutes,2022-03-27,Charlotte,Dallas,936.0
F3663613,332,22:30,00:09,2 hours 39 minutes,2022-03-27,Charlotte,Dallas,936.0
F3663642,352,18:25,20:07,2 hours 42 minutes,2022-03-27,Charlotte,Dallas,936.0
F3664557,205,11:44,13:27,2 hours 43 minutes,2022-03-27,Charlotte,Dallas,936.0
F3673445,280,16:19,18:08,2 hours 49 minutes,2022-03-27,Charlotte,Dallas,936.0
F3684428,436,17:25,19:06,2 hours 41 minutes,2022-03-27,Charlotte,Dallas,936.0
F3685907,423,07:33,09:21,2 hours 48 minutes,2022-03-27,Charlotte,Dallas,936.0
F3687698,328,15:11,16:51,2 hours 40 minutes,2022-03-27,Charlotte,Dallas,936.0
F3709555,328,13:33,15:19,2 hours 46 minutes,2022-03-27,Charlotte,Dallas,936.0
F3727456,303,21:06,22:43,2 hours 37 minutes,2022-03-27,Charlotte,Dallas,936.0
F4034413,196,10:35,12:12,2 hours 37 minutes,2022-03-27,Charlotte,Dallas,926.0
F3837643,28,21:12,21:48,0 hours 36 minutes,2022-03-11,Denver,Cheyenne,90.0
F3822766,29,05:48,06:29,0 hours 41 minutes,2022-03-13,Cheyenne,Denver,90.0
F3566470,747,00:46,06:24,3 hours 38 minutes,2022-03-21,Denver,Miami,1709.0
F3621829,815,12:57,18:45,3 hours 48 minutes,2022-03-21,Denver,Miami,1709.0
F3663185,519,23:47,05:50,4 hours 3 minutes,2022-03-21,Denver,Miami,1709.0
F3689549,559,12:08,17:59,3 hours 51 minutes,2022-03-21,Denver,Miami,1709.0
F3897225,355,10:14,16:36,4 hours 22 minutes,2022-03-21,Denver,Miami,1709.0
F3956148,636,10:33,16:37,4 hours 4 minutes,2022-03-21,Denver,Miami,1709.0
F3567225,456,21:41,00:06,4 hours 25 minutes,2022-03-23,Miami,Denver,1709.0
F3621800,638,09:18,11:39,4 hours 21 minutes,2022-03-23,Miami,Denver,1709.0
F3709737,842,21:22,23:45,4 hours 23 minutes,2022-03-23,Miami,Denver,1709.0
F3886474,660,16:48,19:24,4 hours 36 minutes,2022-03-23,Miami,Denver,1709.0
F3986905,631,19:21,21:19,3 hours 58 minutes,2022-03-23,Miami,Denver,1709.0
F3490835,136,07:09,08:53,1 hours 44 minutes,2022-03-08,Atlanta,Philadelphia,666.0
F3492194,151,12:43,14:28,1 hours 45 minutes,2022-03-08,Atlanta,Philadelphia,666.0
F3496095,142,18:48,20:28,1 hours 40 minutes,2022-03-08,Atlanta,Philadelphia,666.0
F3501086,264,21:03,22:36,1 hours 33 minutes,2022-03-08,Atlanta,Philadelphia,666.0
F3524683,203,22:36,00:08,1 hours 32 minutes,2022-03-08,Atlanta,Philadelphia,666.0
F3524938,259,14:42,16:23,1 hours 41 minutes,2022-03-08,Atlanta,Philadelphia,666.0
F3546957,289,10:20,12:08,1 hours 48 minutes,2022-03-08,Atlanta,Philadelphia,666.0
F3560944,203,15:09,17:09,2 hours 0 minutes,2022-03-08,Atlanta,Philadelphia,666.0
F3626185,302,17:16,18:56,1 hours 40 minutes,2022-03-08,Atlanta,Philadelphia,666.0
F3698869,286,12:24,14:06,1 hours 42 minutes,2022-03-08,Atlanta,Philadelphia,666.0
F4049855,168,06:13,07:57,1 hours 44 minutes,2022-03-08,Atlanta,Philadelphia,666.0
F4062192,202,10:12,12:06,1 hours 54 minutes,2022-03-08,Atlanta,Philadelphia,666.0
F3490840,252,10:22,12:53,2 hours 31 minutes,2022-03-10,Philadelphia,Atlanta,666.0
F3492199,195,15:37,17:41,2 hours 4 minutes,2022-03-10,Philadelphia,Atlanta,666.0
F3494916,250,08:34,10:46,2 hours 12 minutes,2022-03-10,Philadelphia,Atlanta,666.0
F3496692,285,06:59,09:24,2 hours 25 minutes,2022-03-10,Philadelphia,Atlanta,666.0
F3523580,142,05:25,07:37,2 hours 12 minutes,2022-03-10,Philadelphia,Atlanta,666.0
F3524941,283,17:50,19:57,2 hours 7 minutes,2022-03-10,Philadelphia,Atlanta,666.0
F3546962,202,13:23,15:30,2 hours 7 minutes,2022-03-10,Philadelphia,Atlanta,666.0
F3561860,177,06:00,09:03,3 hours 3 minutes,2022-03-10,Philadelphia,Atlanta,666.0
F3628970,284,13:53,16:09,2 hours 16 minutes,2022-03-10,Philadelphia,Atlanta,666.0
F3698339,253,13:44,16:00,2 hours 16 minutes,2022-03-10,Philadelphia,Atlanta,666.0
F3700975,275,07:07,09:46,2 hours 39 minutes,2022-03-10,Philadelphia,Atlanta,666.0
F3942744,153,13:32,15:37,2 hours 5 minutes,2022-03-10,Philadelphia,Atlanta,666.0
F4055672,135,09:57,12:49,2 hours 52 minutes,2022-03-10,Philadelphia,Atlanta,666.0
F4055812,293,20:07,22:25,2 hours 18 minutes,2022-03-10,Philadelphia,Atlanta,666.0
F3490385,570,01:36,06:07,3 hours 31 minutes,2022-03-02,Anchorage,Seattle,1448.0
F3549385,575,05:53,10:27,3 hours 34 minutes,2022-03-02,Anchorage,Seattle,1448.0
F3553892,688,15:56,20:15,3 hours 19 minutes,2022-03-02,Anchorage,Seattle,1448.0
F3736665,439,05:52,10:23,3 hours 31 minutes,2022-03-02,Anchorage,Seattle,1448.0
F3736670,517,11:15,15:36,3 hours 21 minutes,2022-03-02,Anchorage,Seattle,1448.0
F3736672,431,07:56,12:20,3 hours 24 minutes,2022-03-02,Anchorage,Seattle,1448.0
F3736674,503,12:18,16:48,3 hours 30 minutes,2022-03-02,Anchorage,Seattle,1448.0
F3736675,359,04:44,09:08,3 hours 24 minutes,2022-03-02,Anchorage,Seattle,1448.0
F3736677,445,17:22,21:46,3 hours 24 minutes,2022-03-02,Anchorage,Seattle,1448.0
F3736681,661,06:50,11:15,3 hours 25 minutes,2022-03-02,Anchorage,Seattle,1448.0
F3736688,517,04:14,08:36,3 hours 22 minutes,2022-03-02,Anchorage,Seattle,1448.0
F3736690,333,00:28,04:47,3 hours 19 minutes,2022-03-02,Anchorage,Seattle,1448.0
F3736694,356,01:43,06:17,3 hours 34 minutes,2022-03-02,Anchorage,Seattle,1448.0
F3736695,588,15:22,19:46,3 hours 24 minutes,2022-03-02,Anchorage,Seattle,1448.0
F3736700,327,02:44,07:29,3 hours 45 minutes,2022-03-02,Anchorage,Seattle,1448.0
F3736729,615,03:32,07:53,3 hours 21 minutes,2022-03-02,Anchorage,Seattle,1448.0
F3858746,713,18:51,23:12,3 hours 21 minutes,2022-03-02,Anchorage,Seattle,1448.0
F3499889,336,17:57,20:31,3 hours 34 minutes,2022-03-04,Seattle,Anchorage,1448.0
F3504854,507,09:47,12:20,3 hours 33 minutes,2022-03-04,Seattle,Anchorage,1448.0
F3553362,500,21:41,00:12,3 hours 31 minutes,2022-03-04,Seattle,Anchorage,1448.0
F3553897,472,11:40,14:26,3 hours 46 minutes,2022-03-04,Seattle,Anchorage,1448.0
F3737835,593,22:53,01:41,3 hours 48 minutes,2022-03-04,Seattle,Anchorage,1448.0
F3737837,334,06:30,09:07,3 hours 37 minutes,2022-03-04,Seattle,Anchorage,1448.0
F3737838,357,08:36,11:44,4 hours 8 minutes,2022-03-04,Seattle,Anchorage,1448.0
F3737842,584,13:36,16:27,3 hours 51 minutes,2022-03-04,Seattle,Anchorage,1448.0
F3737846,366,12:41,15:23,3 hours 42 minutes,2022-03-04,Seattle,Anchorage,1448.0
F3737852,360,18:56,21:35,3 hours 39 minutes,2022-03-04,Seattle,Anchorage,1448.0
F3737856,419,18:15,21:36,4 hours 21 minutes,2022-03-04,Seattle,Anchorage,1448.0
F3737859,493,20:08,23:05,3 hours 57 minutes,2022-03-04,Seattle,Anchorage,1448.0
F3737861,414,16:24,19:14,3 hours 50 minutes,2022-03-04,Seattle,Anchorage,1448.0
F3737863,436,23:42,02:23,3 hours 41 minutes,2022-03-04,Seattle,Anchorage,1448.0
F3737885,417,11:28,14:03,3 hours 35 minutes,2022-03-04,Seattle,Anchorage,1448.0
F3737906,411,23:44,02:36,3 hours 52 minutes,2022-03-04,Seattle,Anchorage,1448.0
F3737918,482,00:25,03:03,3 hours 38 minutes,2022-03-04,Seattle,Anchorage,1448.0
F3859189,303,07:00,10:25,4 hours 25 minutes,2022-03-04,Seattle,Anchorage,1448.0
F3911023,420,07:30,10:27,4 hours 57 minutes,2022-03-17,Hartford,Denver,1671.0
F4007375,764,07:26,09:42,4 hours 16 minutes,2022-03-17,Hartford,Denver,1671.0
F3900036,814,17:40,23:10,3 hours 30 minutes,2022-03-19,Denver,Hartford,1671.0
F4030150,417,13:20,18:48,3 hours 28 minutes,2022-03-19,Denver,Hartford,1671.0
F3501188,103,15:42,16:17,1 hours 35 minutes,2022-03-10,Salt Lake City,Las Vegas,368.0
F3504978,81,12:16,12:28,1 hours 12 minutes,2022-03-10,Salt Lake City,Las Vegas,368.0
F3513963,91,08:29,08:44,1 hours 15 minutes,2022-03-10,Salt Lake City,Las Vegas,368.0
F3521538,136,23:19,23:58,1 hours 39 minutes,2022-03-10,Salt Lake City,Las Vegas,368.0
F3528089,161,17:54,18:07,1 hours 13 minutes,2022-03-10,Salt Lake City,Las Vegas,368.0
F3561665,125,21:57,22:08,1 hours 11 minutes,2022-03-10,Salt Lake City,Las Vegas,368.0
F3943326,105,19:53,19:58,1 hours 5 minutes,2022-03-10,Salt Lake City,Las Vegas,368.0
F3943327,102,11:04,11:22,1 hours 18 minutes,2022-03-10,Salt Lake City,Las Vegas,368.0
F3943328,140,22:55,23:05,1 hours 10 minutes,2022-03-10,Salt Lake City,Las Vegas,368.0
F3943329,101,14:46,15:03,1 hours 17 minutes,2022-03-10,Salt Lake City,Las Vegas,368.0
F3501191,149,19:12,21:33,1 hours 21 minutes,2022-03-12,Las Vegas,Salt Lake City,368.0
F3504908,136,19:28,21:37,1 hours 9 minutes,2022-03-12,Las Vegas,Salt Lake City,368.0
F3504981,128,13:29,15:47,1 hours 18 minutes,2022-03-12,Las Vegas,Salt Lake City,368.0
F3514737,132,05:59,08:36,1 hours 37 minutes,2022-03-12,Las Vegas,Salt Lake City,368.0
F3523671,98,10:13,12:24,1 hours 11 minutes,2022-03-12,Las Vegas,Salt Lake City,368.0
F3562729,171,18:14,20:31,1 hours 17 minutes,2022-03-12,Las Vegas,Salt Lake City,368.0
F3948664,182,13:33,16:10,1 hours 37 minutes,2022-03-12,Las Vegas,Salt Lake City,368.0
F3948665,84,09:09,11:20,1 hours 11 minutes,2022-03-12,Las Vegas,Salt Lake City,368.0
F3948666,137,20:59,23:11,1 hours 12 minutes,2022-03-12,Las Vegas,Salt Lake City,368.0
F3851645,64,12:58,13:41,0 hours 43 minutes,2022-03-01,Pocatello,Salt Lake City,150.0
F3846486,59,11:00,11:48,0 hours 48 minutes,2022-03-03,Salt Lake City,Pocatello,150.0
F3566720,352,11:23,14:32,3 hours 9 minutes,2022-03-22,Trenton,Fort Myers,1028.0
F3631466,65,10:06,11:28,1 hours 22 minutes,2022-03-25,Washington,Syracuse,298.0
F3784032,115,16:26,17:46,1 hours 20 minutes,2022-03-25,Washington,Syracuse,298.0
F3883354,146,22:24,23:32,1 hours 8 minutes,2022-03-25,Washington,Syracuse,296.0
F3920593,138,21:01,22:32,1 hours 31 minutes,2022-03-25,Washington,Syracuse,296.0
F3920632,90,10:27,11:43,1 hours 16 minutes,2022-03-25,Washington,Syracuse,296.0
F4052231,66,22:07,23:28,1 hours 21 minutes,2022-03-25,Washington,Syracuse,298.0
F3631398,125,11:58,13:40,1 hours 42 minutes,2022-03-27,Syracuse,Washington,298.0
F3632558,112,17:56,19:45,1 hours 49 minutes,2022-03-27,Syracuse,Washington,298.0
F3880557,91,06:23,08:18,1 hours 55 minutes,2022-03-27,Syracuse,Washington,296.0
F3919373,141,15:10,16:48,1 hours 38 minutes,2022-03-27,Syracuse,Washington,296.0
F4052720,143,06:16,08:25,2 hours 9 minutes,2022-03-27,Syracuse,Washington,298.0
F3861657,240,15:35,17:14,1 hours 39 minutes,2022-03-14,Santa Rosa,Portland,489.0
F3862071,210,13:02,14:56,1 hours 54 minutes,2022-03-16,Portland,Santa Rosa,489.0
F3621467,243,11:04,14:02,2 hours 58 minutes,2022-03-25,Atlantic City,Miami,998.0
F3567790,647,20:17,21:57,4 hours 40 minutes,2022-03-24,Orlando,Phoenix,1849.0
F3676246,407,07:18,09:00,4 hours 42 minutes,2022-03-24,Orlando,Phoenix,1849.0
F3710614,401,17:01,19:10,5 hours 9 minutes,2022-03-24,Orlando,Phoenix,1849.0
F4010382,884,12:29,14:41,5 hours 12 minutes,2022-03-24,Orlando,Phoenix,1849.0
F3568350,596,23:28,06:39,4 hours 11 minutes,2022-03-26,Phoenix,Orlando,1849.0
F3676657,463,15:43,22:35,3 hours 52 minutes,2022-03-26,Phoenix,Orlando,1849.0
F3697484,433,12:07,19:08,4 hours 1 minutes,2022-03-26,Phoenix,Orlando,1849.0
F3710647,418,08:48,15:42,3 hours 54 minutes,2022-03-26,Phoenix,Orlando,1849.0
F4032991,907,17:46,00:35,3 hours 49 minutes,2022-03-26,Phoenix,Orlando,1849.0
F4032992,447,05:14,12:01,3 hours 47 minutes,2022-03-26,Phoenix,Orlando,1849.0
F4032993,374,13:16,20:14,3 hours 58 minutes,2022-03-26,Phoenix,Orlando,1849.0
F3980427,49,14:06,14:56,0 hours 50 minutes,2022-03-21,Norfolk,Baltimore,159.0
F3980428,40,06:03,06:55,0 hours 52 minutes,2022-03-21,Norfolk,Baltimore,159.0
F3980429,47,11:04,11:55,0 hours 51 minutes,2022-03-21,Norfolk,Baltimore,159.0
F3980430,64,18:20,19:06,0 hours 46 minutes,2022-03-21,Norfolk,Baltimore,159.0
F3985307,68,10:34,11:21,0 hours 47 minutes,2022-03-23,Baltimore,Norfolk,159.0
F3985308,79,00:19,01:09,0 hours 50 minutes,2022-03-23,Baltimore,Norfolk,159.0
F3985309,73,12:27,13:13,0 hours 46 minutes,2022-03-23,Baltimore,Norfolk,159.0
F3675526,466,13:33,18:49,3 hours 16 minutes,2022-03-12,Reno,Dallas,1345.0
F3715445,536,06:47,12:10,3 hours 23 minutes,2022-03-12,Reno,Dallas,1345.0
F3675497,474,10:49,12:18,3 hours 29 minutes,2022-03-14,Dallas,Reno,1345.0
F3712784,546,22:35,23:58,3 hours 23 minutes,2022-03-14,Dallas,Reno,1345.0
F3932097,173,18:14,21:10,1 hours 56 minutes,2022-03-05,Chicago,Roanoke,530.0
F3932183,117,13:45,17:07,2 hours 22 minutes,2022-03-05,Chicago,Roanoke,530.0
F3930973,156,06:55,08:24,2 hours 29 minutes,2022-03-07,Roanoke,Chicago,530.0
F3931058,164,17:21,18:15,1 hours 54 minutes,2022-03-07,Roanoke,Chicago,530.0
F3819619,288,12:03,13:24,2 hours 21 minutes,2022-03-18,Boise,San Diego,749.0
F3818421,331,14:47,18:23,2 hours 36 minutes,2022-03-20,San Diego,Boise,749.0
F3667690,811,17:30,19:25,4 hours 55 minutes,2022-03-17,Washington,Phoenix,1979.0
F3703447,943,11:06,12:47,4 hours 41 minutes,2022-03-17,Washington,Phoenix,1979.0
F3704888,432,06:59,09:06,5 hours 7 minutes,2022-03-17,Washington,Phoenix,1979.0
F3910388,466,17:58,19:36,4 hours 38 minutes,2022-03-17,Washington,Phoenix,1956.0
F3668114,861,13:50,20:54,4 hours 4 minutes,2022-03-19,Phoenix,Washington,1979.0
F3683929,573,09:05,16:09,4 hours 4 minutes,2022-03-19,Phoenix,Washington,1979.0
F3707930,755,23:58,07:11,4 hours 13 minutes,2022-03-19,Phoenix,Washington,1979.0
F3899860,569,08:49,15:59,4 hours 10 minutes,2022-03-19,Phoenix,Washington,1956.0
F3785383,177,11:14,13:11,1 hours 57 minutes,2022-03-14,Charlotte,Manchester,737.0
F3786309,147,16:15,18:19,2 hours 4 minutes,2022-03-14,Charlotte,Manchester,737.0
F3796748,148,20:42,22:45,2 hours 3 minutes,2022-03-14,Charlotte,Manchester,737.0
F3785411,154,14:26,16:54,2 hours 28 minutes,2022-03-16,Manchester,Charlotte,737.0
F3791554,156,05:27,07:44,2 hours 17 minutes,2022-03-16,Manchester,Charlotte,737.0
F3510271,389,18:56,22:57,3 hours 1 minutes,2022-03-03,Minneapolis,Miami,1501.0
F3545060,640,08:13,12:40,3 hours 27 minutes,2022-03-03,Minneapolis,Miami,1501.0
F3621542,513,16:32,20:47,3 hours 15 minutes,2022-03-03,Minneapolis,Miami,1501.0
F3678210,670,17:11,21:42,3 hours 31 minutes,2022-03-03,Minneapolis,Miami,1501.0
F3697971,549,05:55,10:09,3 hours 14 minutes,2022-03-03,Minneapolis,Miami,1501.0
F3545063,624,14:26,16:58,3 hours 32 minutes,2022-03-05,Miami,Minneapolis,1501.0
F3555592,699,07:28,10:21,3 hours 53 minutes,2022-03-05,Miami,Minneapolis,1501.0
F3621535,658,11:34,14:11,3 hours 37 minutes,2022-03-05,Miami,Minneapolis,1501.0
F3678183,633,13:37,16:18,3 hours 41 minutes,2022-03-05,Miami,Minneapolis,1501.0
F3698101,611,20:17,22:52,3 hours 35 minutes,2022-03-05,Miami,Minneapolis,1501.0
F3615228,485,20:06,22:17,2 hours 11 minutes,2022-03-09,Fort Myers,Atlantic City,982.0
F3629738,432,05:08,08:15,3 hours 7 minutes,2022-03-11,Atlantic City,Fort Myers,982.0
F3629755,297,17:15,21:14,3 hours 59 minutes,2022-03-11,Atlantic City,Fort Myers,982.0
F3630930,74,14:55,16:16,1 hours 21 minutes,2022-03-27,Savannah,Charlotte,213.0
F3634441,51,12:34,13:44,1 hours 10 minutes,2022-03-27,Savannah,Charlotte,213.0
F3788156,56,10:49,12:04,1 hours 15 minutes,2022-03-27,Savannah,Charlotte,213.0
F3792348,90,08:40,10:02,1 hours 22 minutes,2022-03-27,Savannah,Charlotte,213.0
F3792403,68,19:59,21:19,1 hours 20 minutes,2022-03-27,Savannah,Charlotte,213.0
F3794465,71,06:59,08:12,1 hours 13 minutes,2022-03-27,Savannah,Charlotte,213.0
F3796812,103,18:28,19:40,1 hours 12 minutes,2022-03-27,Savannah,Charlotte,213.0
F3797248,101,15:54,17:11,1 hours 17 minutes,2022-03-27,Savannah,Charlotte,213.0
F3634412,52,10:50,11:47,0 hours 57 minutes,2022-03-29,Charlotte,Savannah,213.0
F3785452,60,16:21,17:32,1 hours 11 minutes,2022-03-29,Charlotte,Savannah,213.0
F3788127,58,08:57,10:14,1 hours 17 minutes,2022-03-29,Charlotte,Savannah,213.0
F3789167,52,20:25,21:38,1 hours 13 minutes,2022-03-29,Charlotte,Savannah,213.0
F3792381,104,18:12,19:23,1 hours 11 minutes,2022-03-29,Charlotte,Savannah,213.0
F3794773,47,12:59,14:01,1 hours 2 minutes,2022-03-29,Charlotte,Savannah,213.0
F3797219,91,16:34,17:52,1 hours 18 minutes,2022-03-29,Charlotte,Savannah,213.0
F3507835,268,19:38,21:30,2 hours 52 minutes,2022-03-27,New York,Minneapolis,1020.0
F3509557,227,07:50,09:27,2 hours 37 minutes,2022-03-27,New York,Minneapolis,1020.0
F3511537,249,15:44,17:28,2 hours 44 minutes,2022-03-27,New York,Minneapolis,1020.0
F3529979,422,12:35,14:12,2 hours 37 minutes,2022-03-27,New York,Minneapolis,1020.0
F3636119,512,07:35,09:24,2 hours 49 minutes,2022-03-27,New York,Minneapolis,1029.0
F3639029,376,14:52,16:38,2 hours 46 minutes,2022-03-27,New York,Minneapolis,1029.0
F3640196,508,19:23,21:43,3 hours 20 minutes,2022-03-27,New York,Minneapolis,1029.0
F3758647,290,15:05,16:59,2 hours 54 minutes,2022-03-27,New York,Minneapolis,1029.0
F4057709,290,12:38,14:36,2 hours 58 minutes,2022-03-27,New York,Minneapolis,1020.0
F4062152,484,08:21,10:12,2 hours 51 minutes,2022-03-27,New York,Minneapolis,1020.0
F3527583,478,10:21,13:36,2 hours 15 minutes,2022-03-29,Minneapolis,New York,1020.0
F3531105,212,13:16,16:30,2 hours 14 minutes,2022-03-29,Minneapolis,New York,1020.0
F3531346,299,20:08,23:28,2 hours 20 minutes,2022-03-29,Minneapolis,New York,1020.0
F3532667,447,15:39,19:22,2 hours 43 minutes,2022-03-29,Minneapolis,New York,1020.0
F3549237,231,07:55,11:27,2 hours 32 minutes,2022-03-29,Minneapolis,New York,1020.0
F3641037,344,12:42,16:22,2 hours 40 minutes,2022-03-29,Minneapolis,New York,1029.0
F3644229,252,07:52,11:28,2 hours 36 minutes,2022-03-29,Minneapolis,New York,1029.0
F3655923,458,19:47,23:08,2 hours 21 minutes,2022-03-29,Minneapolis,New York,1029.0
F3761371,377,18:24,21:51,2 hours 27 minutes,2022-03-29,Minneapolis,New York,1029.0
F4058628,382,15:51,19:21,2 hours 30 minutes,2022-03-29,Minneapolis,New York,1020.0
F4062185,225,11:14,14:29,2 hours 15 minutes,2022-03-29,Minneapolis,New York,1020.0
F3508365,896,17:42,00:13,4 hours 31 minutes,2022-03-14,Salt Lake City,Miami,2088.0
F3697651,895,13:20,19:52,4 hours 32 minutes,2022-03-14,Salt Lake City,Miami,2088.0
F3542778,439,06:42,09:48,5 hours 6 minutes,2022-03-16,Miami,Salt Lake City,2088.0
F3697622,749,08:48,12:11,5 hours 23 minutes,2022-03-16,Miami,Salt Lake City,2088.0
F3944021,426,09:54,12:14,4 hours 20 minutes,2022-03-11,Nashville,San Diego,1751.0
F3976026,846,09:02,14:38,3 hours 36 minutes,2022-03-13,San Diego,Nashville,1751.0
F3947148,304,09:35,11:18,2 hours 43 minutes,2022-03-11,Tampa,Memphis,655.0
F3827649,227,19:43,21:56,3 hours 13 minutes,2022-03-21,Houston,Colorado Springs,809.0
F4038591,265,12:02,13:26,2 hours 24 minutes,2022-03-21,Houston,Colorado Springs,809.0
F3841155,267,07:31,11:01,2 hours 30 minutes,2022-03-23,Colorado Springs,Houston,809.0
F4038663,402,14:03,17:12,2 hours 9 minutes,2022-03-23,Colorado Springs,Houston,809.0
F3519912,180,05:21,08:05,1 hours 44 minutes,2022-03-12,Little Rock,Atlanta,453.0
F3535876,133,14:52,17:12,1 hours 20 minutes,2022-03-12,Little Rock,Atlanta,453.0
F3549308,122,07:51,10:29,1 hours 38 minutes,2022-03-12,Little Rock,Atlanta,453.0
F3557487,142,12:27,15:11,1 hours 44 minutes,2022-03-12,Little Rock,Atlanta,453.0
F3948801,200,12:01,14:22,1 hours 21 minutes,2022-03-12,Little Rock,Atlanta,453.0
F3516992,163,20:00,20:28,1 hours 28 minutes,2022-03-14,Atlanta,Little Rock,453.0
F3520071,179,19:20,20:09,1 hours 49 minutes,2022-03-14,Atlanta,Little Rock,453.0
F3535879,199,13:38,14:00,1 hours 22 minutes,2022-03-14,Atlanta,Little Rock,453.0
F3545870,108,10:45,11:14,1 hours 29 minutes,2022-03-14,Atlanta,Little Rock,453.0
F3550378,112,08:46,09:16,1 hours 30 minutes,2022-03-14,Atlanta,Little Rock,453.0
F3555695,189,22:58,23:47,1 hours 49 minutes,2022-03-14,Atlanta,Little Rock,453.0
F3976738,164,15:20,15:56,1 hours 36 minutes,2022-03-14,Atlanta,Little Rock,453.0
F3812814,124,19:36,20:33,1 hours 57 minutes,2022-03-10,Clarksburg,Chicago,444.0
F3852513,128,20:35,22:56,1 hours 21 minutes,2022-03-12,Chicago,Clarksburg,444.0
F3841113,146,15:47,18:03,2 hours 16 minutes,2022-03-23,Bend,Los Angeles,726.0
F3863927,161,06:50,09:25,2 hours 35 minutes,2022-03-23,Bend,Los Angeles,726.0
F3863929,294,15:22,17:33,2 hours 11 minutes,2022-03-23,Bend,Los Angeles,726.0
F3857533,159,12:39,14:37,1 hours 58 minutes,2022-03-25,Los Angeles,Bend,726.0
F3864501,333,12:26,14:24,1 hours 58 minutes,2022-03-25,Los Angeles,Bend,726.0
F3579422,538,07:19,11:55,2 hours 36 minutes,2022-03-05,Las Vegas,Minot,1098.0
F3580034,326,11:32,12:03,2 hours 31 minutes,2022-03-07,Minot,Las Vegas,1098.0
F3572237,504,12:27,14:06,3 hours 39 minutes,2022-03-20,Belleville,Las Vegas,1400.0
F3675494,418,10:59,12:37,3 hours 38 minutes,2022-03-11,Dallas,Reno,1345.0
F3712781,665,20:47,22:12,3 hours 25 minutes,2022-03-11,Dallas,Reno,1345.0
F3675527,376,13:31,18:24,2 hours 53 minutes,2022-03-13,Reno,Dallas,1345.0
F3715446,306,06:06,11:00,2 hours 54 minutes,2022-03-13,Reno,Dallas,1345.0
F3510046,554,06:59,08:32,3 hours 33 minutes,2022-03-17,Kansas City,Los Angeles,1363.0
F3629299,382,15:58,17:25,3 hours 27 minutes,2022-03-17,Kansas City,Los Angeles,1363.0
F3511437,319,16:15,21:08,2 hours 53 minutes,2022-03-19,Los Angeles,Kansas City,1363.0
F3628480,398,09:31,14:33,3 hours 2 minutes,2022-03-19,Los Angeles,Kansas City,1363.0
F3949897,623,06:04,11:18,3 hours 14 minutes,2022-03-19,Los Angeles,Kansas City,1363.0
F3488963,901,11:14,13:24,5 hours 10 minutes,2022-03-28,Atlanta,San Francisco,2139.0
F3499301,464,18:56,21:02,5 hours 6 minutes,2022-03-28,Atlanta,San Francisco,2139.0
F3508583,744,21:20,23:29,5 hours 9 minutes,2022-03-28,Atlanta,San Francisco,2139.0
F3508732,851,08:02,10:21,5 hours 19 minutes,2022-03-28,Atlanta,San Francisco,2139.0
F3510472,1025,15:44,17:55,5 hours 11 minutes,2022-03-28,Atlanta,San Francisco,2139.0
F3503295,1027,14:32,22:15,4 hours 43 minutes,2022-03-30,San Francisco,Atlanta,2139.0
F3503771,581,22:54,06:36,4 hours 42 minutes,2022-03-30,San Francisco,Atlanta,2139.0
F3510446,981,06:08,13:57,4 hours 49 minutes,2022-03-30,San Francisco,Atlanta,2139.0
F3532693,939,08:13,15:48,4 hours 35 minutes,2022-03-30,San Francisco,Atlanta,2139.0
F3804562,293,13:35,15:51,2 hours 16 minutes,2022-03-19,Valparaiso,Chicago,796.0
F3951575,262,15:37,17:36,1 hours 59 minutes,2022-03-19,Valparaiso,Chicago,782.0
F3578980,304,18:51,20:47,1 hours 56 minutes,2022-03-21,Chicago,Valparaiso,782.0
F3819548,96,13:35,15:10,1 hours 35 minutes,2022-03-19,Reno,Portland,444.0
F3862941,137,20:22,21:51,1 hours 29 minutes,2022-03-19,Reno,Portland,444.0
F3817128,187,11:01,12:13,1 hours 12 minutes,2022-03-21,Portland,Reno,444.0
F3863520,104,18:06,19:55,1 hours 49 minutes,2022-03-21,Portland,Reno,444.0
F3533513,1051,21:45,06:08,5 hours 23 minutes,2022-03-21,Lihue,Los Angeles,2615.0
F3584094,720,13:56,22:31,5 hours 35 minutes,2022-03-21,Lihue,Los Angeles,2615.0
F3657759,997,13:16,21:46,5 hours 30 minutes,2022-03-21,Lihue,Los Angeles,2615.0
F3897713,1232,13:34,22:01,5 hours 27 minutes,2022-03-21,Lihue,Los Angeles,2615.0
F3956973,603,12:35,21:11,5 hours 36 minutes,2022-03-21,Lihue,Los Angeles,2615.0
F3584065,858,08:40,11:40,6 hours 0 minutes,2022-03-23,Los Angeles,Lihue,2615.0
F3657730,1108,07:56,11:23,6 hours 27 minutes,2022-03-23,Los Angeles,Lihue,2615.0
F3781639,1030,13:40,16:22,5 hours 42 minutes,2022-03-23,Los Angeles,Lihue,2615.0
F3986429,947,07:34,10:45,6 hours 11 minutes,2022-03-23,Los Angeles,Lihue,2615.0
F3693530,657,10:11,15:16,3 hours 5 minutes,2022-03-27,Phoenix,Nashville,1449.0
F4036370,606,17:37,22:38,3 hours 1 minutes,2022-03-27,Phoenix,Nashville,1449.0
F4036371,616,11:51,16:53,3 hours 2 minutes,2022-03-27,Phoenix,Nashville,1449.0
F4036372,548,06:48,11:47,2 hours 59 minutes,2022-03-27,Phoenix,Nashville,1449.0
F4036373,451,20:32,01:37,3 hours 5 minutes,2022-03-27,Phoenix,Nashville,1449.0
F3674129,708,16:38,18:28,3 hours 50 minutes,2022-03-29,Nashville,Phoenix,1449.0
F3960174,551,18:04,19:46,3 hours 42 minutes,2022-03-29,Nashville,Phoenix,1449.0
F3960175,572,12:07,13:53,3 hours 46 minutes,2022-03-29,Nashville,Phoenix,1449.0
F3960176,519,22:28,00:05,3 hours 37 minutes,2022-03-29,Nashville,Phoenix,1449.0
F3558005,456,17:56,22:02,3 hours 6 minutes,2022-03-01,Green Bay,Orlando,1169.0
F3558982,343,07:41,09:52,3 hours 11 minutes,2022-03-03,Orlando,Green Bay,1169.0
F3936780,160,20:39,22:17,1 hours 38 minutes,2022-03-01,Manchester,Baltimore,377.0
F3936781,183,13:52,15:19,1 hours 27 minutes,2022-03-01,Manchester,Baltimore,377.0
F3936782,151,11:48,13:12,1 hours 24 minutes,2022-03-01,Manchester,Baltimore,377.0
F3936783,148,05:22,06:57,1 hours 35 minutes,2022-03-01,Manchester,Baltimore,377.0
F3941763,96,22:10,23:23,1 hours 13 minutes,2022-03-03,Baltimore,Manchester,377.0
F3941764,93,11:47,12:58,1 hours 11 minutes,2022-03-03,Baltimore,Manchester,377.0
F3941765,115,09:30,10:48,1 hours 18 minutes,2022-03-03,Baltimore,Manchester,377.0
F3941766,100,16:08,17:16,1 hours 8 minutes,2022-03-03,Baltimore,Manchester,377.0
F3853121,95,22:18,23:41,1 hours 23 minutes,2022-03-03,Washington,Plattsburgh,444.0
F3853205,114,11:13,12:44,1 hours 31 minutes,2022-03-03,Washington,Plattsburgh,444.0
F3842575,217,07:37,09:39,2 hours 2 minutes,2022-03-05,Plattsburgh,Washington,444.0
F3505465,626,08:44,13:19,3 hours 35 minutes,2022-03-14,Minneapolis,Miami,1501.0
F3544332,463,18:37,23:04,3 hours 27 minutes,2022-03-14,Minneapolis,Miami,1501.0
F3622201,409,14:17,18:47,3 hours 30 minutes,2022-03-14,Minneapolis,Miami,1501.0
F3678221,431,17:08,21:51,3 hours 43 minutes,2022-03-14,Minneapolis,Miami,1501.0
F3697982,718,05:55,10:22,3 hours 27 minutes,2022-03-14,Minneapolis,Miami,1501.0
F3505468,648,13:58,16:34,3 hours 36 minutes,2022-03-16,Miami,Minneapolis,1501.0
F3555603,339,07:21,09:50,3 hours 29 minutes,2022-03-16,Miami,Minneapolis,1501.0
F3622180,578,10:23,12:55,3 hours 32 minutes,2022-03-16,Miami,Minneapolis,1501.0
F3678194,377,13:37,16:14,3 hours 37 minutes,2022-03-16,Miami,Minneapolis,1501.0
F3698112,442,20:24,23:14,3 hours 50 minutes,2022-03-16,Miami,Minneapolis,1501.0
F3855784,231,13:23,14:11,1 hours 48 minutes,2022-03-17,Lewisburg,Chicago,489.0
F3811306,176,14:45,17:17,1 hours 32 minutes,2022-03-19,Chicago,Lewisburg,489.0
F3932877,61,20:56,22:37,1 hours 41 minutes,2022-03-03,Syracuse,Newark,195.0
F3932903,50,06:28,09:04,2 hours 36 minutes,2022-03-03,Syracuse,Newark,195.0
F3932986,90,11:29,12:28,0 hours 59 minutes,2022-03-03,Syracuse,Newark,195.0
F4071093,82,21:13,22:14,1 hours 1 minutes,2022-03-05,Newark,Syracuse,195.0
F3802391,97,21:10,22:28,1 hours 18 minutes,2022-03-17,Los Angeles,Tucson,451.0
F3804843,102,14:50,16:15,1 hours 25 minutes,2022-03-17,Los Angeles,Tucson,451.0
F3836504,160,14:42,16:21,1 hours 39 minutes,2022-03-17,Los Angeles,Tucson,451.0
F3836609,200,11:16,12:32,1 hours 16 minutes,2022-03-17,Los Angeles,Tucson,451.0
F3844661,174,23:42,01:08,1 hours 26 minutes,2022-03-17,Los Angeles,Tucson,451.0
F4024106,217,21:04,22:20,1 hours 16 minutes,2022-03-17,Los Angeles,Tucson,451.0
F3799597,120,08:04,09:34,1 hours 30 minutes,2022-03-19,Tucson,Los Angeles,451.0
F3799628,162,17:06,18:43,1 hours 37 minutes,2022-03-19,Tucson,Los Angeles,451.0
F3831787,196,08:12,09:48,1 hours 36 minutes,2022-03-19,Tucson,Los Angeles,451.0
F3831788,155,17:20,19:04,1 hours 44 minutes,2022-03-19,Tucson,Los Angeles,451.0
F3831799,206,12:14,13:58,1 hours 44 minutes,2022-03-19,Tucson,Los Angeles,451.0
F3951565,171,10:44,12:20,1 hours 36 minutes,2022-03-19,Tucson,Los Angeles,451.0
F3844748,62,21:16,23:16,1 hours 0 minutes,2022-03-17,Minneapolis,Escanaba,304.0
F3832000,105,16:46,16:55,1 hours 9 minutes,2022-03-19,Escanaba,Minneapolis,304.0
F3804218,87,06:46,07:05,1 hours 19 minutes,2022-03-09,Lexington,Chicago,323.0
F3804295,124,18:10,18:40,1 hours 30 minutes,2022-03-09,Lexington,Chicago,323.0
F3929800,98,16:29,17:03,1 hours 34 minutes,2022-03-09,Lexington,Chicago,323.0
F3929886,127,12:18,12:34,1 hours 16 minutes,2022-03-09,Lexington,Chicago,323.0
F3929937,154,07:22,07:50,1 hours 28 minutes,2022-03-09,Lexington,Chicago,323.0
F3799161,88,20:11,22:40,1 hours 29 minutes,2022-03-11,Chicago,Lexington,323.0
F3802526,104,15:20,17:30,1 hours 10 minutes,2022-03-11,Chicago,Lexington,323.0
F3928629,89,13:27,15:45,1 hours 18 minutes,2022-03-11,Chicago,Lexington,323.0
F3928661,66,08:54,11:15,1 hours 21 minutes,2022-03-11,Chicago,Lexington,323.0
F3928728,158,19:37,21:49,1 hours 12 minutes,2022-03-11,Chicago,Lexington,323.0
F3576692,389,10:17,11:29,2 hours 12 minutes,2022-03-14,Bozeman,Phoenix,861.0
F3583746,860,08:49,11:24,5 hours 35 minutes,2022-03-14,Oakland,Honolulu,2409.0
F3979038,518,07:05,09:46,5 hours 41 minutes,2022-03-14,Oakland,Honolulu,2409.0
F3979039,714,19:09,22:09,6 hours 0 minutes,2022-03-14,Oakland,Honolulu,2409.0
F3979040,971,11:53,14:31,5 hours 38 minutes,2022-03-14,Oakland,Honolulu,2409.0
F3583779,1048,12:10,20:11,5 hours 1 minutes,2022-03-16,Honolulu,Oakland,2409.0
F4005008,644,08:44,16:33,4 hours 49 minutes,2022-03-16,Honolulu,Oakland,2409.0
F4005009,536,11:03,19:02,4 hours 59 minutes,2022-03-16,Honolulu,Oakland,2409.0
F4005010,601,16:10,24:00,4 hours 50 minutes,2022-03-16,Honolulu,Oakland,2409.0
F3491784,693,15:57,18:49,3 hours 52 minutes,2022-03-09,Charlotte Amalie,Atlanta,1599.0
F3519063,768,14:26,17:09,3 hours 43 minutes,2022-03-09,Charlotte Amalie,Atlanta,1599.0
F3491786,735,09:54,14:36,3 hours 42 minutes,2022-03-11,Atlanta,Charlotte Amalie,1599.0
F3492327,706,12:21,16:46,3 hours 25 minutes,2022-03-11,Atlanta,Charlotte Amalie,1599.0
F3564986,498,00:27,05:58,3 hours 31 minutes,2022-03-18,Denver,Philadelphia,1558.0
F3907941,369,09:53,15:24,3 hours 31 minutes,2022-03-18,Denver,Philadelphia,1558.0
F3908994,360,17:25,22:43,3 hours 18 minutes,2022-03-18,Denver,Philadelphia,1558.0
F4026916,317,10:46,16:08,3 hours 22 minutes,2022-03-18,Denver,Philadelphia,1558.0
F4026917,511,14:02,19:22,3 hours 20 minutes,2022-03-18,Denver,Philadelphia,1558.0
F3565920,473,23:40,01:53,4 hours 13 minutes,2022-03-20,Philadelphia,Denver,1558.0
F3714057,636,09:57,12:20,4 hours 23 minutes,2022-03-20,Philadelphia,Denver,1558.0
F3898103,433,08:04,10:10,4 hours 6 minutes,2022-03-20,Philadelphia,Denver,1558.0
F3898633,423,15:32,17:55,4 hours 23 minutes,2022-03-20,Philadelphia,Denver,1558.0
F3954162,451,12:03,13:54,3 hours 51 minutes,2022-03-20,Philadelphia,Denver,1558.0
F3636028,125,08:53,10:26,1 hours 33 minutes,2022-03-19,New York,Cleveland,419.0
F3644582,149,13:56,15:36,1 hours 40 minutes,2022-03-19,New York,Cleveland,425.0
F3645748,95,18:53,20:41,1 hours 48 minutes,2022-03-19,New York,Cleveland,425.0
F3650322,112,09:08,10:50,1 hours 42 minutes,2022-03-19,New York,Cleveland,425.0
F3653477,141,15:52,17:37,1 hours 45 minutes,2022-03-19,New York,Cleveland,419.0
F4051253,177,15:20,17:30,2 hours 10 minutes,2022-03-19,New York,Cleveland,425.0
F4053952,207,06:58,08:48,1 hours 50 minutes,2022-03-19,New York,Cleveland,425.0
F4056503,139,11:51,13:28,1 hours 37 minutes,2022-03-19,New York,Cleveland,419.0
F4059278,180,13:27,15:05,1 hours 38 minutes,2022-03-19,New York,Cleveland,419.0
F4060701,165,17:06,19:03,1 hours 57 minutes,2022-03-19,New York,Cleveland,419.0
F4061522,102,12:34,14:17,1 hours 43 minutes,2022-03-19,New York,Cleveland,425.0
F3636006,172,11:54,13:15,1 hours 21 minutes,2022-03-21,Cleveland,New York,419.0
F3642633,172,19:34,20:53,1 hours 19 minutes,2022-03-21,Cleveland,New York,419.0
F3643532,125,09:42,11:24,1 hours 42 minutes,2022-03-21,Cleveland,New York,419.0
F3644244,178,16:07,17:34,1 hours 27 minutes,2022-03-21,Cleveland,New York,419.0
F3645064,127,16:54,18:15,1 hours 21 minutes,2022-03-21,Cleveland,New York,425.0
F3653380,194,05:59,07:40,1 hours 41 minutes,2022-03-21,Cleveland,New York,425.0
F3653461,176,06:09,07:30,1 hours 21 minutes,2022-03-21,Cleveland,New York,419.0
F3654195,178,11:53,13:13,1 hours 20 minutes,2022-03-21,Cleveland,New York,425.0
F4049055,139,12:28,14:17,1 hours 49 minutes,2022-03-21,Cleveland,New York,425.0
F4050707,91,06:09,07:35,1 hours 26 minutes,2022-03-21,Cleveland,New York,419.0
F4053923,93,10:53,12:12,1 hours 19 minutes,2022-03-21,Cleveland,New York,425.0
F4054185,111,07:23,08:56,1 hours 33 minutes,2022-03-21,Cleveland,New York,425.0
F4059159,116,10:57,12:22,1 hours 25 minutes,2022-03-21,Cleveland,New York,419.0
F4059249,87,15:55,17:16,1 hours 21 minutes,2022-03-21,Cleveland,New York,419.0
F4060673,85,19:08,20:33,1 hours 25 minutes,2022-03-21,Cleveland,New York,419.0
F4061493,143,15:06,16:34,1 hours 28 minutes,2022-03-21,Cleveland,New York,425.0
F4061926,209,20:44,21:57,1 hours 13 minutes,2022-03-21,Cleveland,New York,419.0
F3838949,64,15:21,16:44,1 hours 23 minutes,2022-03-20,Moab,Denver,283.0
F3844242,71,15:36,16:48,1 hours 12 minutes,2022-03-22,Denver,Moab,283.0
F3785115,136,08:35,11:13,2 hours 38 minutes,2022-03-10,Washington,Savannah,519.0
F3791000,227,18:32,20:20,1 hours 48 minutes,2022-03-10,Washington,Savannah,519.0
F4072401,207,17:10,19:42,2 hours 32 minutes,2022-03-10,Washington,Savannah,515.0
F4072540,127,10:31,12:40,2 hours 9 minutes,2022-03-10,Washington,Savannah,515.0
F4073010,168,15:30,17:31,2 hours 1 minutes,2022-03-12,Savannah,Washington,515.0
F4078256,147,08:45,10:12,1 hours 27 minutes,2022-03-12,Savannah,Washington,515.0
F3518122,820,15:07,19:05,3 hours 58 minutes,2022-03-17,Charlotte Amalie,Boston,1693.0
F3493163,678,07:30,11:15,3 hours 45 minutes,2022-03-19,Boston,Charlotte Amalie,1693.0
F3775250,372,07:56,11:56,4 hours 0 minutes,2022-03-19,Boston,Charlotte Amalie,1693.0
F3589039,272,13:59,16:37,2 hours 38 minutes,2022-03-01,Austin,Chicago,977.0
F3590063,439,11:47,14:22,2 hours 35 minutes,2022-03-01,Austin,Chicago,977.0
F3602270,364,09:13,11:40,2 hours 27 minutes,2022-03-01,Austin,Chicago,977.0
F3699309,204,16:35,19:13,2 hours 38 minutes,2022-03-01,Austin,Chicago,977.0
F3720898,308,06:27,09:25,2 hours 58 minutes,2022-03-01,Austin,Chicago,977.0
F3916316,284,15:11,17:42,2 hours 31 minutes,2022-03-01,Austin,Chicago,977.0
F3916543,225,14:14,16:49,2 hours 35 minutes,2022-03-01,Austin,Chicago,977.0
F3916981,334,07:08,09:48,2 hours 40 minutes,2022-03-01,Austin,Chicago,977.0
F3934865,354,06:50,09:16,2 hours 26 minutes,2022-03-01,Austin,Chicago,972.0
F3934866,458,20:05,22:25,2 hours 20 minutes,2022-03-01,Austin,Chicago,972.0
F3934867,422,12:55,15:13,2 hours 18 minutes,2022-03-01,Austin,Chicago,972.0
F3934875,212,10:20,12:53,2 hours 33 minutes,2022-03-01,Austin,Chicago,977.0
F3604944,404,13:17,15:47,2 hours 30 minutes,2022-03-03,Chicago,Austin,977.0
F3609217,376,09:21,11:57,2 hours 36 minutes,2022-03-03,Chicago,Austin,977.0
F3688545,389,17:40,20:14,2 hours 34 minutes,2022-03-03,Chicago,Austin,977.0
F3710083,325,20:42,23:17,2 hours 35 minutes,2022-03-03,Chicago,Austin,977.0
F3800182,296,11:21,14:06,2 hours 45 minutes,2022-03-03,Chicago,Austin,977.0
F3809430,272,15:42,18:46,3 hours 4 minutes,2022-03-03,Chicago,Austin,977.0
F3905496,465,09:12,11:51,2 hours 39 minutes,2022-03-03,Chicago,Austin,977.0
F3906213,353,19:50,22:42,2 hours 52 minutes,2022-03-03,Chicago,Austin,977.0
F3906577,428,13:55,16:23,2 hours 28 minutes,2022-03-03,Chicago,Austin,977.0
F3966028,401,19:09,21:31,2 hours 22 minutes,2022-03-03,Chicago,Austin,972.0
F3966029,376,13:18,15:43,2 hours 25 minutes,2022-03-03,Chicago,Austin,972.0
F3966030,281,08:35,11:02,2 hours 27 minutes,2022-03-03,Chicago,Austin,972.0
F3966495,212,17:31,20:04,2 hours 33 minutes,2022-03-03,Chicago,Austin,977.0
F3500973,778,13:03,18:35,3 hours 32 minutes,2022-03-24,Bozeman,Atlanta,1640.0
F3500976,698,09:34,11:53,4 hours 19 minutes,2022-03-26,Atlanta,Bozeman,1640.0
F3574745,567,14:37,18:21,2 hours 44 minutes,2022-03-16,Des Moines,Punta Gorda,1206.0
F3576011,347,21:38,00:01,3 hours 23 minutes,2022-03-18,Punta Gorda,Des Moines,1206.0
F3583012,752,07:38,10:13,5 hours 35 minutes,2022-03-24,Sacramento,Honolulu,2462.0
F4011566,916,09:48,12:09,5 hours 21 minutes,2022-03-24,Sacramento,Honolulu,2462.0
F3583045,798,13:45,21:52,5 hours 7 minutes,2022-03-26,Honolulu,Sacramento,2462.0
F4031693,1189,12:52,21:05,5 hours 13 minutes,2022-03-26,Honolulu,Sacramento,2462.0
F3594930,146,16:46,18:04,1 hours 18 minutes,2022-03-15,Austin,Oklahoma City,358.0
F4000601,80,13:01,14:12,1 hours 11 minutes,2022-03-15,Austin,Oklahoma City,358.0
F3610655,161,18:29,19:49,1 hours 20 minutes,2022-03-17,Oklahoma City,Austin,358.0
F4024788,138,10:29,11:50,1 hours 21 minutes,2022-03-17,Oklahoma City,Austin,358.0
F3639368,164,17:51,19:50,1 hours 59 minutes,2022-03-03,Greer,New York,610.0
F3647276,190,06:03,07:45,1 hours 42 minutes,2022-03-03,Greer,New York,610.0
F3655581,203,11:41,13:33,1 hours 52 minutes,2022-03-03,Greer,New York,610.0
F3653072,160,09:25,11:39,2 hours 14 minutes,2022-03-05,New York,Greer,610.0
F3979656,450,14:50,15:44,2 hours 54 minutes,2022-03-14,San Antonio,San Diego,1129.0
F3583615,752,08:17,11:44,5 hours 27 minutes,2022-03-07,San Jose,Honolulu,2417.0
F3739848,970,07:39,11:03,5 hours 24 minutes,2022-03-07,San Jose,Honolulu,2417.0
F3999534,1167,16:30,20:00,5 hours 30 minutes,2022-03-07,San Jose,Honolulu,2417.0
F3999535,499,12:28,15:54,5 hours 26 minutes,2022-03-07,San Jose,Honolulu,2417.0
F3584995,23,07:18,07:55,0 hours 37 minutes,2022-03-09,Honolulu,Kahului,100.0
F3585074,41,06:27,07:04,0 hours 37 minutes,2022-03-09,Honolulu,Kahului,100.0
F3585247,31,16:43,17:29,0 hours 46 minutes,2022-03-09,Honolulu,Kahului,100.0
F3585338,36,18:24,19:04,0 hours 40 minutes,2022-03-09,Honolulu,Kahului,100.0
F3585473,37,08:11,08:47,0 hours 36 minutes,2022-03-09,Honolulu,Kahului,100.0
F3585557,47,19:39,20:20,0 hours 41 minutes,2022-03-09,Honolulu,Kahului,100.0
F3585843,32,10:32,11:17,0 hours 45 minutes,2022-03-09,Honolulu,Kahului,100.0
F3585918,32,09:00,09:38,0 hours 38 minutes,2022-03-09,Honolulu,Kahului,100.0
F3586024,39,10:53,11:34,0 hours 41 minutes,2022-03-09,Honolulu,Kahului,100.0
F3586155,24,11:09,11:52,0 hours 43 minutes,2022-03-09,Honolulu,Kahului,100.0
F3586481,35,12:37,13:15,0 hours 38 minutes,2022-03-09,Honolulu,Kahului,100.0
F3586799,35,13:39,14:40,1 hours 1 minutes,2022-03-09,Honolulu,Kahului,100.0
F3586953,32,14:04,15:06,1 hours 2 minutes,2022-03-09,Honolulu,Kahului,100.0
F3587245,30,14:29,15:31,1 hours 2 minutes,2022-03-09,Honolulu,Kahului,100.0
F3587386,46,15:05,15:46,0 hours 41 minutes,2022-03-09,Honolulu,Kahului,100.0
F3587481,44,15:45,16:28,0 hours 43 minutes,2022-03-09,Honolulu,Kahului,100.0
F3587905,23,17:41,18:17,0 hours 36 minutes,2022-03-09,Honolulu,Kahului,100.0
F3588459,22,20:52,21:27,0 hours 35 minutes,2022-03-09,Honolulu,Kahului,100.0
F4019236,38,15:28,16:17,0 hours 49 minutes,2022-03-09,Honolulu,Kahului,100.0
F4019237,35,18:36,19:14,0 hours 38 minutes,2022-03-09,Honolulu,Kahului,100.0
F4019238,39,06:37,07:15,0 hours 38 minutes,2022-03-09,Honolulu,Kahului,100.0
F4019239,42,08:46,09:30,0 hours 44 minutes,2022-03-09,Honolulu,Kahului,100.0
F4019240,23,11:47,12:30,0 hours 43 minutes,2022-03-09,Honolulu,Kahului,100.0
F4019241,49,20:28,21:16,0 hours 48 minutes,2022-03-09,Honolulu,Kahului,100.0
F3583712,490,15:24,22:35,5 hours 11 minutes,2022-03-11,Kahului,San Jose,2355.0
F3742156,1026,12:02,19:24,5 hours 22 minutes,2022-03-11,Kahului,San Jose,2355.0
F3946138,1018,11:50,18:55,5 hours 5 minutes,2022-03-11,Kahului,San Jose,2355.0
F3946139,1066,16:04,23:16,5 hours 12 minutes,2022-03-11,Kahului,San Jose,2355.0
F3852829,187,17:20,18:57,1 hours 37 minutes,2022-03-12,Memphis,Houston,468.0
F3877609,111,07:17,08:50,1 hours 33 minutes,2022-03-12,Memphis,Houston,468.0
F3927865,156,12:38,14:16,1 hours 38 minutes,2022-03-12,Memphis,Houston,468.0
F3949188,184,05:35,07:10,1 hours 35 minutes,2022-03-12,Memphis,Houston,484.0
F3667572,64,09:23,10:34,1 hours 11 minutes,2022-03-14,Houston,Dallas,224.0
F3673861,80,07:41,09:21,1 hours 40 minutes,2022-03-14,Houston,Dallas,224.0
F3718960,82,12:11,13:44,1 hours 33 minutes,2022-03-14,Houston,Dallas,224.0
F3719074,87,18:41,21:57,3 hours 16 minutes,2022-03-14,Houston,Dallas,224.0
F3723236,46,10:18,11:48,1 hours 30 minutes,2022-03-14,Houston,Dallas,224.0
F3723680,63,05:03,06:15,1 hours 12 minutes,2022-03-14,Houston,Dallas,224.0
F3723733,47,14:39,16:00,1 hours 21 minutes,2022-03-14,Houston,Dallas,224.0
F3726145,85,06:09,07:32,1 hours 23 minutes,2022-03-14,Houston,Dallas,224.0
F3821998,84,12:12,13:23,1 hours 11 minutes,2022-03-14,Houston,Dallas,224.0
F3821999,51,10:08,11:20,1 hours 12 minutes,2022-03-14,Houston,Dallas,224.0
F3874367,57,14:17,15:16,0 hours 59 minutes,2022-03-14,Houston,Dallas,224.0
F3874851,107,21:04,22:45,1 hours 41 minutes,2022-03-14,Houston,Dallas,224.0
F3875036,78,16:28,18:16,1 hours 48 minutes,2022-03-14,Houston,Dallas,224.0
F3977979,103,06:59,07:55,0 hours 56 minutes,2022-03-14,Houston,Dallas,239.0
F3977980,94,08:27,09:25,0 hours 58 minutes,2022-03-14,Houston,Dallas,239.0
F3977981,107,10:32,11:29,0 hours 57 minutes,2022-03-14,Houston,Dallas,239.0
F3977982,98,12:44,13:52,1 hours 8 minutes,2022-03-14,Houston,Dallas,239.0
F3977983,48,14:52,15:52,1 hours 0 minutes,2022-03-14,Houston,Dallas,239.0
F3977984,64,21:21,23:33,2 hours 12 minutes,2022-03-14,Houston,Dallas,239.0
F3977986,78,00:03,01:08,1 hours 5 minutes,2022-03-14,Houston,Dallas,239.0
F3977987,92,06:12,07:07,0 hours 55 minutes,2022-03-14,Houston,Dallas,239.0
F3978094,44,21:05,22:31,1 hours 26 minutes,2022-03-14,Houston,Dallas,216.0
F3978095,96,05:32,06:28,0 hours 56 minutes,2022-03-14,Houston,Dallas,216.0
F3978096,50,13:15,14:05,0 hours 50 minutes,2022-03-14,Houston,Dallas,216.0
F3978097,77,08:14,09:08,0 hours 54 minutes,2022-03-14,Houston,Dallas,216.0
F3978098,45,22:31,00:30,1 hours 59 minutes,2022-03-14,Houston,Dallas,216.0
F4039014,63,20:56,22:45,1 hours 49 minutes,2022-03-14,Houston,Dallas,224.0
F4044030,120,06:22,07:52,1 hours 30 minutes,2022-03-14,Houston,Dallas,247.0
F4045200,56,04:58,06:14,1 hours 16 minutes,2022-03-14,Houston,Dallas,247.0
F4045584,56,12:23,13:42,1 hours 19 minutes,2022-03-14,Houston,Dallas,247.0
F4047582,96,10:20,11:36,1 hours 16 minutes,2022-03-14,Houston,Dallas,247.0
F3603112,206,16:06,17:27,1 hours 21 minutes,2022-03-16,Dallas,Memphis,431.0
F3664426,107,21:32,22:50,1 hours 18 minutes,2022-03-16,Dallas,Memphis,431.0
F3671947,120,19:58,21:20,1 hours 22 minutes,2022-03-16,Dallas,Memphis,431.0
F3707163,121,17:14,18:40,1 hours 26 minutes,2022-03-16,Dallas,Memphis,431.0
F3726178,128,15:07,16:28,1 hours 21 minutes,2022-03-16,Dallas,Memphis,431.0
F3726352,195,10:18,11:45,1 hours 27 minutes,2022-03-16,Dallas,Memphis,431.0
F4004576,207,14:58,16:19,1 hours 21 minutes,2022-03-16,Dallas,Memphis,423.0
F3676773,289,08:51,13:21,3 hours 30 minutes,2022-03-22,Austin,Philadelphia,1430.0
F4060963,650,14:52,19:25,3 hours 33 minutes,2022-03-22,Austin,Philadelphia,1430.0
F4048777,90,10:54,12:30,1 hours 36 minutes,2022-03-24,Philadelphia,Pittsburgh,268.0
F4054946,121,13:51,15:13,1 hours 22 minutes,2022-03-24,Philadelphia,Pittsburgh,268.0
F4055207,58,20:33,21:51,1 hours 18 minutes,2022-03-24,Philadelphia,Pittsburgh,268.0
F4060875,97,15:38,17:05,1 hours 27 minutes,2022-03-24,Philadelphia,Pittsburgh,268.0
F3637093,409,17:32,21:23,2 hours 51 minutes,2022-03-27,Fayetteville,New York,1147.0
F4057740,437,07:08,11:13,3 hours 5 minutes,2022-03-27,Fayetteville,New York,1147.0
F4059468,273,12:02,16:05,3 hours 3 minutes,2022-03-27,Fayetteville,New York,1147.0
F3841959,341,19:05,20:31,2 hours 26 minutes,2022-03-18,Houston,Colorado Springs,809.0
F4039549,165,11:55,13:23,2 hours 28 minutes,2022-03-18,Houston,Colorado Springs,809.0
F3810556,33,15:47,16:30,0 hours 43 minutes,2022-03-20,Colorado Springs,Denver,73.0
F3839065,16,09:11,10:18,1 hours 7 minutes,2022-03-20,Colorado Springs,Denver,73.0
F3839109,30,05:53,06:56,1 hours 3 minutes,2022-03-20,Colorado Springs,Denver,73.0
F3839170,26,12:39,13:27,0 hours 48 minutes,2022-03-20,Colorado Springs,Denver,73.0
F3898486,32,07:52,08:38,0 hours 46 minutes,2022-03-20,Colorado Springs,Denver,73.0
F3899096,25,17:09,18:02,0 hours 53 minutes,2022-03-20,Colorado Springs,Denver,73.0
F3899301,26,11:31,12:19,0 hours 48 minutes,2022-03-20,Colorado Springs,Denver,73.0
F3952262,26,06:19,07:01,0 hours 42 minutes,2022-03-20,Colorado Springs,Denver,73.0
F3952263,18,15:32,16:21,0 hours 49 minutes,2022-03-20,Colorado Springs,Denver,73.0
F3952264,21,12:52,13:27,0 hours 35 minutes,2022-03-20,Colorado Springs,Denver,73.0
F3566827,414,11:40,15:16,2 hours 36 minutes,2022-03-22,Denver,Houston,862.0
F3624072,265,08:24,12:26,3 hours 2 minutes,2022-03-22,Denver,Houston,862.0
F3895069,308,20:51,00:02,2 hours 11 minutes,2022-03-22,Denver,Houston,862.0
F3895202,380,07:49,11:31,2 hours 42 minutes,2022-03-22,Denver,Houston,862.0
F3895383,335,11:46,15:11,2 hours 25 minutes,2022-03-22,Denver,Houston,862.0
F3895552,428,05:51,09:14,2 hours 23 minutes,2022-03-22,Denver,Houston,862.0
F3896014,405,16:31,19:48,2 hours 17 minutes,2022-03-22,Denver,Houston,862.0
F3896022,350,17:38,20:53,2 hours 15 minutes,2022-03-22,Denver,Houston,862.0
F3896112,249,10:45,14:16,2 hours 31 minutes,2022-03-22,Denver,Houston,862.0
F3896137,384,19:25,22:32,2 hours 7 minutes,2022-03-22,Denver,Houston,862.0
F3896156,253,13:50,17:11,2 hours 21 minutes,2022-03-22,Denver,Houston,862.0
F3982355,318,13:07,16:26,2 hours 19 minutes,2022-03-22,Denver,Houston,883.0
F3982357,311,14:36,17:51,2 hours 15 minutes,2022-03-22,Denver,Houston,883.0
F3982358,211,22:36,01:47,2 hours 11 minutes,2022-03-22,Denver,Houston,883.0
F3982359,429,17:27,20:47,2 hours 20 minutes,2022-03-22,Denver,Houston,883.0
F3982360,217,19:21,22:48,2 hours 27 minutes,2022-03-22,Denver,Houston,883.0
F3982363,207,16:49,20:01,2 hours 12 minutes,2022-03-22,Denver,Houston,862.0
F3982364,428,11:51,15:18,2 hours 27 minutes,2022-03-22,Denver,Houston,862.0
F3578255,457,13:19,17:04,3 hours 45 minutes,2022-03-02,Plattsburgh,Fort Lauderdale,1334.0
F3758329,70,20:55,22:08,1 hours 13 minutes,2022-03-04,Fort Lauderdale,Jacksonville,319.0
F3492284,103,05:58,07:41,1 hours 43 minutes,2022-03-25,Richmond,Detroit,456.0
F3637756,139,12:00,13:40,1 hours 40 minutes,2022-03-25,Richmond,Detroit,456.0
F3637786,158,17:24,19:10,1 hours 46 minutes,2022-03-25,Richmond,Detroit,456.0
F3564415,136,09:16,10:53,1 hours 37 minutes,2022-03-16,Orlando,Charlotte,468.0
F3612579,225,11:25,12:51,1 hours 26 minutes,2022-03-16,Orlando,Charlotte,468.0
F3662065,205,07:57,09:46,1 hours 49 minutes,2022-03-16,Orlando,Charlotte,468.0
F3668654,164,13:33,15:15,1 hours 42 minutes,2022-03-16,Orlando,Charlotte,468.0
F3670365,209,17:45,19:35,1 hours 50 minutes,2022-03-16,Orlando,Charlotte,468.0
F3677765,107,11:09,12:36,1 hours 27 minutes,2022-03-16,Orlando,Charlotte,468.0
F3689927,94,08:51,10:26,1 hours 35 minutes,2022-03-16,Orlando,Charlotte,468.0
F3706486,113,12:20,14:04,1 hours 44 minutes,2022-03-16,Orlando,Charlotte,468.0
F3722961,190,11:02,12:38,1 hours 36 minutes,2022-03-16,Orlando,Charlotte,468.0
F3726083,227,16:42,18:37,1 hours 55 minutes,2022-03-16,Orlando,Charlotte,468.0
F3632075,43,11:10,12:07,0 hours 57 minutes,2022-03-18,Charlotte,Asheville,91.0
F3632310,31,18:20,19:02,0 hours 42 minutes,2022-03-18,Charlotte,Asheville,91.0
F3783592,39,07:24,08:14,0 hours 50 minutes,2022-03-18,Charlotte,Asheville,91.0
F3791347,37,20:45,21:45,1 hours 0 minutes,2022-03-18,Charlotte,Asheville,91.0
F3792676,34,16:36,17:35,0 hours 59 minutes,2022-03-18,Charlotte,Asheville,91.0
F3794815,18,22:40,23:38,0 hours 58 minutes,2022-03-18,Charlotte,Asheville,91.0
F3566852,64,20:39,22:10,1 hours 31 minutes,2022-03-22,Orlando,Miami,192.0
F3621654,58,01:02,01:58,0 hours 56 minutes,2022-03-22,Orlando,Miami,192.0
F3670400,58,17:47,18:51,1 hours 4 minutes,2022-03-22,Orlando,Miami,192.0
F3679569,63,06:03,07:03,1 hours 0 minutes,2022-03-22,Orlando,Miami,192.0
F3682996,54,16:40,17:54,1 hours 14 minutes,2022-03-22,Orlando,Miami,192.0
F3686735,83,19:14,20:11,0 hours 57 minutes,2022-03-22,Orlando,Miami,192.0
F3710899,85,09:12,10:14,1 hours 2 minutes,2022-03-22,Orlando,Miami,192.0
F3714260,89,20:49,21:52,1 hours 3 minutes,2022-03-22,Orlando,Miami,192.0
F3718025,56,20:00,20:59,0 hours 59 minutes,2022-03-22,Orlando,Miami,192.0
F3721995,68,07:06,08:18,1 hours 12 minutes,2022-03-22,Orlando,Miami,192.0
F3593298,301,22:01,23:44,1 hours 43 minutes,2022-03-24,Miami,Greer,637.0
F3581983,385,10:38,14:20,2 hours 42 minutes,2022-03-14,Cedar Rapids,Punta Gorda,1170.0
F3632050,35,12:42,13:32,0 hours 50 minutes,2022-03-24,Asheville,Charlotte,91.0
F3632265,19,08:57,10:30,1 hours 33 minutes,2022-03-24,Asheville,Charlotte,91.0
F3632289,26,19:32,20:38,1 hours 6 minutes,2022-03-24,Asheville,Charlotte,91.0
F3788276,43,05:16,05:57,0 hours 41 minutes,2022-03-24,Asheville,Charlotte,91.0
F3792070,39,05:53,06:41,0 hours 48 minutes,2022-03-24,Asheville,Charlotte,91.0
F3792651,24,18:12,19:08,0 hours 56 minutes,2022-03-24,Asheville,Charlotte,91.0
F3669612,290,16:10,17:31,2 hours 21 minutes,2022-03-26,Charlotte,Kansas City,808.0
F3692890,353,22:39,00:02,2 hours 23 minutes,2022-03-26,Charlotte,Kansas City,808.0
F3789032,173,08:54,10:28,2 hours 34 minutes,2022-03-26,Charlotte,Kansas City,808.0
F3795565,284,13:25,15:04,2 hours 39 minutes,2022-03-26,Charlotte,Kansas City,808.0
F3568075,427,15:09,17:46,3 hours 37 minutes,2022-03-25,Orlando,Sioux Falls,1351.0
F3637552,139,22:44,00:01,1 hours 17 minutes,2022-03-27,Detroit,Lexington,296.0
F3642440,66,08:26,10:13,1 hours 47 minutes,2022-03-27,Detroit,Lexington,296.0
F3652597,111,13:11,14:20,1 hours 9 minutes,2022-03-27,Detroit,Lexington,296.0
F4068569,94,16:13,17:33,1 hours 20 minutes,2022-03-27,Detroit,Lexington,296.0
F3834262,111,12:25,13:43,1 hours 18 minutes,2022-03-31,Louisville,Detroit,306.0
F3834302,102,07:36,08:43,1 hours 7 minutes,2022-03-31,Louisville,Detroit,306.0
F3834307,97,18:24,19:36,1 hours 12 minutes,2022-03-31,Louisville,Detroit,306.0
F3545315,190,11:22,12:25,2 hours 3 minutes,2022-03-19,Atlanta,Des Moines,743.0
F3546009,247,21:35,22:47,2 hours 12 minutes,2022-03-19,Atlanta,Des Moines,743.0
F3555888,339,15:58,16:55,1 hours 57 minutes,2022-03-19,Atlanta,Des Moines,743.0
F3616564,96,08:08,09:29,1 hours 21 minutes,2022-03-16,Myrtle Beach,Latrobe,455.0
F4056105,236,09:45,11:34,1 hours 49 minutes,2022-03-20,Philadelphia,Myrtle Beach,473.0
F4061894,113,20:05,21:34,1 hours 29 minutes,2022-03-20,Philadelphia,Myrtle Beach,473.0
F3837109,251,19:01,21:11,2 hours 10 minutes,2022-03-07,Denver,Helena,594.0
F3878664,325,14:31,16:18,1 hours 47 minutes,2022-03-11,Missoula,Denver,679.0
F3878805,230,06:19,08:08,1 hours 49 minutes,2022-03-11,Missoula,Denver,679.0
F3732162,192,06:33,08:42,2 hours 9 minutes,2022-03-12,Fort Wayne,Charlotte,460.0
F3734938,138,13:30,15:22,1 hours 52 minutes,2022-03-12,Fort Wayne,Charlotte,460.0
F3632071,27,11:12,11:53,0 hours 41 minutes,2022-03-14,Charlotte,Asheville,91.0
F3632306,27,17:58,18:47,0 hours 49 minutes,2022-03-14,Charlotte,Asheville,91.0
F3783590,44,07:24,08:12,0 hours 48 minutes,2022-03-14,Charlotte,Asheville,91.0
F3791343,23,20:44,21:47,1 hours 3 minutes,2022-03-14,Charlotte,Asheville,91.0
F3792672,36,16:44,17:52,1 hours 8 minutes,2022-03-14,Charlotte,Asheville,91.0
F3794813,20,22:46,23:45,0 hours 59 minutes,2022-03-14,Charlotte,Asheville,91.0
F3951429,164,22:48,23:57,1 hours 9 minutes,2022-03-19,St. Louis,Omaha,342.0
F3639758,96,09:14,10:56,1 hours 42 minutes,2022-03-30,Boston,Richmond,474.0
F3653129,161,20:13,22:04,1 hours 51 minutes,2022-03-30,Boston,Richmond,474.0
F3757358,216,21:53,23:29,1 hours 36 minutes,2022-03-30,Boston,Richmond,474.0
F3758971,138,09:26,11:13,1 hours 47 minutes,2022-03-30,Boston,Richmond,474.0
F3972587,301,13:58,15:31,2 hours 33 minutes,2022-03-05,Philadelphia,St. Louis,814.0
F4049000,169,13:54,15:30,2 hours 36 minutes,2022-03-05,Philadelphia,St. Louis,814.0
F4055131,213,07:56,09:23,2 hours 27 minutes,2022-03-05,Philadelphia,St. Louis,814.0
F4055705,225,20:40,22:06,2 hours 26 minutes,2022-03-05,Philadelphia,St. Louis,814.0
F3999810,92,21:22,22:20,0 hours 58 minutes,2022-03-07,St. Louis,Kansas City,237.0
F4056607,479,09:01,12:37,2 hours 36 minutes,2022-03-09,Kansas City,Philadelphia,1038.0
F3534726,405,18:48,20:31,3 hours 43 minutes,2022-03-07,Detroit,Salt Lake City,1481.0
F3536293,707,12:26,14:13,3 hours 47 minutes,2022-03-07,Detroit,Salt Lake City,1481.0
F3538402,303,20:14,22:06,3 hours 52 minutes,2022-03-07,Detroit,Salt Lake City,1481.0
F3539712,548,08:23,10:17,3 hours 54 minutes,2022-03-07,Detroit,Salt Lake City,1481.0
F3923759,72,07:03,08:26,1 hours 23 minutes,2022-03-19,Texarkana,Houston,252.0
F3575352,334,13:45,16:46,2 hours 1 minutes,2022-03-21,Houston,Punta Gorda,831.0
F3589555,284,13:10,14:07,1 hours 57 minutes,2022-03-26,Washington,Chicago,612.0
F3600374,269,10:14,11:21,2 hours 7 minutes,2022-03-26,Washington,Chicago,612.0
F3607061,266,11:04,11:56,1 hours 52 minutes,2022-03-26,Washington,Chicago,612.0
F3679834,235,05:54,07:10,2 hours 16 minutes,2022-03-26,Washington,Chicago,612.0
F3691274,294,14:59,16:09,2 hours 10 minutes,2022-03-26,Washington,Chicago,612.0
F3719409,211,17:22,18:28,2 hours 6 minutes,2022-03-26,Washington,Chicago,612.0
F3720254,167,07:54,08:50,1 hours 56 minutes,2022-03-26,Washington,Chicago,612.0
F3854519,225,15:24,16:31,2 hours 7 minutes,2022-03-26,Washington,Chicago,612.0
F3881341,194,17:37,18:36,1 hours 59 minutes,2022-03-26,Washington,Chicago,588.0
F3881373,138,00:18,01:04,1 hours 46 minutes,2022-03-26,Washington,Chicago,588.0
F3881836,169,05:52,06:48,1 hours 56 minutes,2022-03-26,Washington,Chicago,612.0
F3881865,165,06:37,07:28,1 hours 51 minutes,2022-03-26,Washington,Chicago,612.0
F3882553,290,10:35,11:53,2 hours 18 minutes,2022-03-26,Washington,Chicago,588.0
F3882676,194,08:36,09:42,2 hours 6 minutes,2022-03-26,Washington,Chicago,612.0
F3920021,150,11:06,12:10,2 hours 4 minutes,2022-03-26,Washington,Chicago,612.0
F4031341,259,06:01,06:48,1 hours 47 minutes,2022-03-26,Washington,Chicago,601.0
F4031342,265,09:20,10:05,1 hours 45 minutes,2022-03-26,Washington,Chicago,601.0
F4031343,162,13:10,14:04,1 hours 54 minutes,2022-03-26,Washington,Chicago,601.0
F4031344,145,17:41,18:26,1 hours 45 minutes,2022-03-26,Washington,Chicago,601.0
F4031800,221,19:59,20:47,1 hours 48 minutes,2022-03-26,Washington,Chicago,577.0
F4041251,142,12:20,13:10,1 hours 50 minutes,2022-03-26,Washington,Chicago,612.0
F4076559,198,07:42,08:38,1 hours 56 minutes,2022-03-26,Washington,Chicago,612.0
F4076588,247,06:51,07:58,2 hours 7 minutes,2022-03-26,Washington,Chicago,588.0
F4076705,262,17:23,18:17,1 hours 54 minutes,2022-03-26,Washington,Chicago,612.0
F3973452,144,09:27,11:26,1 hours 59 minutes,2022-03-13,Nashville,New Orleans,471.0
F3973453,138,23:44,01:13,1 hours 29 minutes,2022-03-13,Nashville,New Orleans,471.0
F3973454,223,15:59,17:22,1 hours 23 minutes,2022-03-13,Nashville,New Orleans,471.0
F3520570,129,17:36,19:53,1 hours 17 minutes,2022-03-21,St. Louis,Detroit,440.0
F3525164,210,14:28,16:47,1 hours 19 minutes,2022-03-21,St. Louis,Detroit,440.0
F3830693,202,10:15,12:39,1 hours 24 minutes,2022-03-21,St. Louis,Detroit,440.0
F3830901,166,08:14,10:53,1 hours 39 minutes,2022-03-21,St. Louis,Detroit,440.0
F3981234,218,20:57,23:10,1 hours 13 minutes,2022-03-21,St. Louis,Detroit,440.0
F3638669,88,18:13,19:13,1 hours 0 minutes,2022-03-23,Detroit,Traverse City,207.0
F3648742,100,12:24,13:21,0 hours 57 minutes,2022-03-23,Detroit,Traverse City,207.0
F3650418,76,08:32,09:30,0 hours 58 minutes,2022-03-23,Detroit,Traverse City,207.0
F3512014,398,20:00,21:29,3 hours 29 minutes,2022-03-13,Austin,Los Angeles,1242.0
F3530101,405,13:44,15:09,3 hours 25 minutes,2022-03-13,Austin,Los Angeles,1242.0
F3543080,423,06:49,08:03,3 hours 14 minutes,2022-03-13,Austin,Los Angeles,1242.0
F3626165,611,15:14,16:31,3 hours 17 minutes,2022-03-13,Austin,Los Angeles,1242.0
F3664056,407,15:32,16:54,3 hours 22 minutes,2022-03-13,Austin,Los Angeles,1242.0
F3670848,265,23:00,00:26,3 hours 26 minutes,2022-03-13,Austin,Los Angeles,1242.0
F3678926,437,05:57,07:13,3 hours 16 minutes,2022-03-13,Austin,Los Angeles,1242.0
F3718421,570,13:30,15:07,3 hours 37 minutes,2022-03-13,Austin,Los Angeles,1242.0
F3743041,335,07:47,09:09,3 hours 22 minutes,2022-03-13,Austin,Los Angeles,1242.0
F3771318,415,19:26,21:05,3 hours 39 minutes,2022-03-13,Austin,Los Angeles,1242.0
F3876407,604,16:15,17:40,3 hours 25 minutes,2022-03-13,Austin,Los Angeles,1242.0
F3973309,266,06:15,07:34,3 hours 19 minutes,2022-03-13,Austin,Los Angeles,1242.0
F3973310,514,21:05,22:22,3 hours 17 minutes,2022-03-13,Austin,Los Angeles,1242.0
F3973311,532,15:55,17:21,3 hours 26 minutes,2022-03-13,Austin,Los Angeles,1242.0
F3837868,30,18:55,19:52,0 hours 57 minutes,2022-03-15,Los Angeles,San Diego,109.0
F3838391,47,22:34,23:28,0 hours 54 minutes,2022-03-15,Los Angeles,San Diego,109.0
F3847299,52,19:37,20:33,0 hours 56 minutes,2022-03-15,Los Angeles,San Diego,109.0
F3745428,244,07:42,12:23,2 hours 41 minutes,2022-03-17,San Diego,Austin,1164.0
F3745512,411,13:49,18:19,2 hours 30 minutes,2022-03-17,San Diego,Austin,1164.0
F3816912,525,18:10,22:48,2 hours 38 minutes,2022-03-17,San Diego,Austin,1164.0
F4025205,285,09:18,14:01,2 hours 43 minutes,2022-03-17,San Diego,Austin,1164.0
F4025206,455,18:56,23:14,2 hours 18 minutes,2022-03-17,San Diego,Austin,1164.0
F4025207,560,14:30,19:03,2 hours 33 minutes,2022-03-17,San Diego,Austin,1164.0
F4025208,298,06:43,11:22,2 hours 39 minutes,2022-03-17,San Diego,Austin,1164.0
F4040755,392,06:48,08:20,2 hours 32 minutes,2022-03-05,Louisville,Houston,788.0
F3987033,339,09:14,11:03,1 hours 49 minutes,2022-03-23,Oakland,Spokane,723.0
F3987034,237,19:35,21:23,1 hours 48 minutes,2022-03-23,Oakland,Spokane,723.0
F3750422,94,06:30,07:32,1 hours 2 minutes,2022-03-25,Spokane,Seattle,224.0
F3750535,86,13:57,15:03,1 hours 6 minutes,2022-03-25,Spokane,Seattle,224.0
F3750625,67,20:50,21:56,1 hours 6 minutes,2022-03-25,Spokane,Seattle,224.0
F3750782,59,15:08,16:16,1 hours 8 minutes,2022-03-25,Spokane,Seattle,224.0
F3750905,94,04:58,06:06,1 hours 8 minutes,2022-03-25,Spokane,Seattle,224.0
F3808531,110,19:11,20:13,1 hours 2 minutes,2022-03-25,Spokane,Seattle,224.0
F3808541,70,15:14,16:21,1 hours 7 minutes,2022-03-25,Spokane,Seattle,224.0
F3808543,105,05:35,06:36,1 hours 1 minutes,2022-03-25,Spokane,Seattle,224.0
F3808615,83,06:53,07:59,1 hours 6 minutes,2022-03-25,Spokane,Seattle,224.0
F3808652,63,13:29,14:44,1 hours 15 minutes,2022-03-25,Spokane,Seattle,224.0
F3808977,99,09:22,10:38,1 hours 16 minutes,2022-03-25,Spokane,Seattle,224.0
F3864400,78,16:12,17:30,1 hours 18 minutes,2022-03-25,Spokane,Seattle,224.0
F3864445,51,10:24,11:33,1 hours 9 minutes,2022-03-25,Spokane,Seattle,224.0
F3864467,100,17:34,18:42,1 hours 8 minutes,2022-03-25,Spokane,Seattle,224.0
F3864476,77,12:08,13:14,1 hours 6 minutes,2022-03-25,Spokane,Seattle,224.0
F3864548,85,20:43,21:55,1 hours 12 minutes,2022-03-25,Spokane,Seattle,224.0
F3751721,269,08:59,11:13,2 hours 14 minutes,2022-03-27,Seattle,Oakland,672.0
F3751805,275,17:01,19:12,2 hours 11 minutes,2022-03-27,Seattle,Oakland,672.0
F3751806,318,00:01,01:59,1 hours 58 minutes,2022-03-27,Seattle,Oakland,672.0
F4036799,191,11:45,13:45,2 hours 0 minutes,2022-03-27,Seattle,Oakland,672.0
F4036800,156,17:43,19:47,2 hours 4 minutes,2022-03-27,Seattle,Oakland,672.0
F4036801,313,21:50,23:50,2 hours 0 minutes,2022-03-27,Seattle,Oakland,672.0
F3813342,488,14:19,15:15,2 hours 56 minutes,2022-03-14,Houston,Phoenix,1009.0
F3873988,367,18:06,18:59,2 hours 53 minutes,2022-03-14,Houston,Phoenix,1009.0
F3874230,304,16:42,17:26,2 hours 44 minutes,2022-03-14,Houston,Phoenix,1009.0
F3874233,418,07:27,08:21,2 hours 54 minutes,2022-03-14,Houston,Phoenix,1009.0
F3874365,439,09:46,10:38,2 hours 52 minutes,2022-03-14,Houston,Phoenix,1009.0
F3874497,437,06:52,07:48,2 hours 56 minutes,2022-03-14,Houston,Phoenix,1009.0
F3874758,351,12:12,13:01,2 hours 49 minutes,2022-03-14,Houston,Phoenix,1009.0
F3978054,347,19:13,20:03,2 hours 50 minutes,2022-03-14,Houston,Phoenix,1020.0
F3978055,401,22:39,23:27,2 hours 48 minutes,2022-03-14,Houston,Phoenix,1020.0
F3978056,380,09:18,10:20,3 hours 2 minutes,2022-03-14,Houston,Phoenix,1020.0
F3978057,264,13:35,14:32,2 hours 57 minutes,2022-03-14,Houston,Phoenix,1020.0
F4043970,371,07:22,08:37,3 hours 15 minutes,2022-03-14,Houston,Phoenix,1009.0
F3693820,48,10:00,10:50,0 hours 50 minutes,2022-03-16,Phoenix,Tucson,110.0
F3695723,40,14:54,15:38,0 hours 44 minutes,2022-03-16,Phoenix,Tucson,110.0
F3813993,24,17:06,17:59,0 hours 53 minutes,2022-03-16,Phoenix,Tucson,110.0
F3816137,35,18:37,19:18,0 hours 41 minutes,2022-03-16,Phoenix,Tucson,110.0
F4045736,40,09:36,10:25,0 hours 49 minutes,2022-03-16,Phoenix,Tucson,110.0
F3841978,423,06:46,11:08,2 hours 22 minutes,2022-03-18,Tucson,Houston,936.0
F3909383,334,11:17,15:30,2 hours 13 minutes,2022-03-18,Tucson,Houston,936.0
F4029340,434,15:17,19:23,2 hours 6 minutes,2022-03-18,Tucson,Houston,945.0
F4040044,233,14:25,18:36,2 hours 11 minutes,2022-03-18,Tucson,Houston,936.0
F3757302,264,20:12,22:30,2 hours 18 minutes,2022-03-28,New York,Jacksonville,828.0
F3758653,393,08:18,10:35,2 hours 17 minutes,2022-03-28,New York,Jacksonville,828.0
F3762278,276,08:19,10:41,2 hours 22 minutes,2022-03-28,New York,Jacksonville,833.0
F3767530,261,15:29,17:53,2 hours 24 minutes,2022-03-28,New York,Jacksonville,833.0
F3767935,334,22:13,00:30,2 hours 17 minutes,2022-03-28,New York,Jacksonville,833.0
F3770555,210,15:21,17:49,2 hours 28 minutes,2022-03-28,New York,Jacksonville,828.0
F4068778,398,19:17,21:40,2 hours 23 minutes,2022-03-28,New York,Jacksonville,828.0
F4068800,188,13:36,16:06,2 hours 30 minutes,2022-03-28,New York,Jacksonville,833.0
F4068862,388,21:10,23:50,2 hours 40 minutes,2022-03-28,New York,Jacksonville,833.0
F4068909,360,15:40,18:10,2 hours 30 minutes,2022-03-28,New York,Jacksonville,828.0
F4068926,214,06:54,09:35,2 hours 41 minutes,2022-03-28,New York,Jacksonville,833.0
F4069002,322,08:19,11:00,2 hours 41 minutes,2022-03-28,New York,Jacksonville,828.0
F4038454,457,08:45,11:31,3 hours 46 minutes,2022-03-22,Grand Rapids,Houston,1042.0
F3854286,47,09:46,10:55,1 hours 9 minutes,2022-03-24,Houston,Austin,140.0
F3884865,32,14:48,15:48,1 hours 0 minutes,2022-03-24,Houston,Austin,140.0
F3885139,53,19:17,20:05,0 hours 48 minutes,2022-03-24,Houston,Austin,140.0
F3885302,67,14:34,15:31,0 hours 57 minutes,2022-03-24,Houston,Austin,140.0
F3885358,62,20:47,21:31,0 hours 44 minutes,2022-03-24,Houston,Austin,140.0
F3885373,55,16:35,17:22,0 hours 47 minutes,2022-03-24,Houston,Austin,140.0
F4009663,67,08:40,09:26,0 hours 46 minutes,2022-03-24,Houston,Austin,148.0
F4009664,31,23:01,23:45,0 hours 44 minutes,2022-03-24,Houston,Austin,148.0
F4009665,68,10:55,11:43,0 hours 48 minutes,2022-03-24,Houston,Austin,148.0
F4009666,62,20:12,21:08,0 hours 56 minutes,2022-03-24,Houston,Austin,148.0
F4009667,57,15:06,15:53,0 hours 47 minutes,2022-03-24,Houston,Austin,148.0
F4040577,48,08:09,08:55,0 hours 46 minutes,2022-03-24,Houston,Austin,140.0
F4037088,296,19:32,20:37,2 hours 5 minutes,2022-03-27,Sarasota,Houston,789.0
F3673876,71,07:38,09:05,1 hours 27 minutes,2022-03-29,Houston,Dallas,224.0
F3718975,63,12:09,13:14,1 hours 5 minutes,2022-03-29,Houston,Dallas,224.0
F3719089,78,17:58,19:38,1 hours 40 minutes,2022-03-29,Houston,Dallas,224.0
F3723249,79,10:18,11:34,1 hours 16 minutes,2022-03-29,Houston,Dallas,224.0
F3723748,104,14:24,15:35,1 hours 11 minutes,2022-03-29,Houston,Dallas,224.0
F3726160,106,06:06,07:27,1 hours 21 minutes,2022-03-29,Houston,Dallas,224.0
F3869639,94,09:48,10:53,1 hours 5 minutes,2022-03-29,Houston,Dallas,224.0
F3870068,90,16:16,17:22,1 hours 6 minutes,2022-03-29,Houston,Dallas,224.0
F3870072,47,14:22,15:32,1 hours 10 minutes,2022-03-29,Houston,Dallas,224.0
F3870075,51,07:49,09:07,1 hours 18 minutes,2022-03-29,Houston,Dallas,224.0
F3870482,88,20:05,21:16,1 hours 11 minutes,2022-03-29,Houston,Dallas,224.0
F3871017,103,21:46,22:48,1 hours 2 minutes,2022-03-29,Houston,Dallas,224.0
F3961124,82,07:09,08:05,0 hours 56 minutes,2022-03-29,Houston,Dallas,239.0
F3961125,117,08:33,09:30,0 hours 57 minutes,2022-03-29,Houston,Dallas,239.0
F3961126,58,10:30,11:27,0 hours 57 minutes,2022-03-29,Houston,Dallas,239.0
F3961127,117,12:26,13:36,1 hours 10 minutes,2022-03-29,Houston,Dallas,239.0
F3961128,53,14:27,15:23,0 hours 56 minutes,2022-03-29,Houston,Dallas,239.0
F3961129,91,16:29,17:27,0 hours 58 minutes,2022-03-29,Houston,Dallas,239.0
F3961130,71,18:28,19:34,1 hours 6 minutes,2022-03-29,Houston,Dallas,239.0
F3961131,99,20:17,21:10,0 hours 53 minutes,2022-03-29,Houston,Dallas,239.0
F3961132,89,21:52,22:53,1 hours 1 minutes,2022-03-29,Houston,Dallas,239.0
F3961133,65,05:52,06:49,0 hours 57 minutes,2022-03-29,Houston,Dallas,239.0
F3961229,44,18:20,19:12,0 hours 52 minutes,2022-03-29,Houston,Dallas,216.0
F3961230,93,05:29,06:23,0 hours 54 minutes,2022-03-29,Houston,Dallas,216.0
F3961231,78,20:06,21:06,1 hours 0 minutes,2022-03-29,Houston,Dallas,216.0
F3961232,106,13:10,14:06,0 hours 56 minutes,2022-03-29,Houston,Dallas,216.0
F3961233,100,21:36,22:33,0 hours 57 minutes,2022-03-29,Houston,Dallas,216.0
F3961234,55,08:08,09:05,0 hours 57 minutes,2022-03-29,Houston,Dallas,216.0
F4041334,90,18:25,19:37,1 hours 12 minutes,2022-03-29,Houston,Dallas,224.0
F4044045,99,06:15,07:36,1 hours 21 minutes,2022-03-29,Houston,Dallas,247.0
F4047224,111,16:18,17:41,1 hours 23 minutes,2022-03-29,Houston,Dallas,247.0
F4047597,55,10:17,11:34,1 hours 17 minutes,2022-03-29,Houston,Dallas,247.0
F3674193,348,13:26,17:10,2 hours 44 minutes,2022-03-31,Dallas,Sarasota,945.0
F3990256,258,14:18,17:46,2 hours 28 minutes,2022-03-31,Dallas,Sarasota,934.0
F3561777,412,10:01,13:04,2 hours 3 minutes,2022-03-10,Denver,Madison,826.0
F3888141,239,17:48,20:39,1 hours 51 minutes,2022-03-10,Denver,Madison,826.0
F3888432,247,10:41,13:34,1 hours 53 minutes,2022-03-10,Denver,Madison,826.0
F3575092,234,07:56,10:39,3 hours 43 minutes,2022-03-14,Appleton,Denver,883.0
F3811073,298,08:21,10:35,3 hours 14 minutes,2022-03-14,Appleton,Denver,883.0
F3582914,937,11:07,19:35,5 hours 28 minutes,2022-03-19,Honolulu,San Diego,2614.0
F3746941,940,13:44,22:21,5 hours 37 minutes,2022-03-19,Honolulu,San Diego,2614.0
F4030473,727,08:01,16:25,5 hours 24 minutes,2022-03-19,Honolulu,San Diego,2614.0
F4030474,712,14:12,22:40,5 hours 28 minutes,2022-03-19,Honolulu,San Diego,2614.0
F3816994,201,07:33,09:21,1 hours 48 minutes,2022-03-21,San Diego,Sacramento,480.0
F3817001,119,17:45,19:26,1 hours 41 minutes,2022-03-21,San Diego,Sacramento,480.0
F3817022,111,09:39,11:23,1 hours 44 minutes,2022-03-21,San Diego,Sacramento,480.0
F3817040,100,22:31,00:04,1 hours 33 minutes,2022-03-21,San Diego,Sacramento,480.0
F3817042,153,14:42,16:21,1 hours 39 minutes,2022-03-21,San Diego,Sacramento,480.0
F3817125,150,12:55,14:41,1 hours 46 minutes,2022-03-21,San Diego,Sacramento,480.0
F3980828,204,10:42,12:15,1 hours 33 minutes,2022-03-21,San Diego,Sacramento,480.0
F3980829,217,20:16,21:55,1 hours 39 minutes,2022-03-21,San Diego,Sacramento,480.0
F3980830,109,15:50,17:21,1 hours 31 minutes,2022-03-21,San Diego,Sacramento,480.0
F3980831,162,11:08,12:35,1 hours 27 minutes,2022-03-21,San Diego,Sacramento,480.0
F3980832,162,18:43,20:13,1 hours 30 minutes,2022-03-21,San Diego,Sacramento,480.0
F3980833,147,06:26,08:00,1 hours 34 minutes,2022-03-21,San Diego,Sacramento,480.0
F3980834,141,08:04,09:37,1 hours 33 minutes,2022-03-21,San Diego,Sacramento,480.0
F3980835,109,09:12,10:57,1 hours 45 minutes,2022-03-21,San Diego,Sacramento,480.0
F3980836,236,17:58,19:30,1 hours 32 minutes,2022-03-21,San Diego,Sacramento,480.0
F3583011,727,07:37,10:37,6 hours 0 minutes,2022-03-23,Sacramento,Honolulu,2462.0
F3987826,864,09:46,12:23,5 hours 37 minutes,2022-03-23,Sacramento,Honolulu,2462.0
F3659432,282,07:36,09:34,1 hours 58 minutes,2022-03-09,Miami,Charlotte,650.0
F3666146,312,00:33,02:21,1 hours 48 minutes,2022-03-09,Miami,Charlotte,650.0
F3669503,307,07:57,10:08,2 hours 11 minutes,2022-03-09,Miami,Charlotte,650.0
F3670296,218,17:24,19:38,2 hours 14 minutes,2022-03-09,Miami,Charlotte,650.0
F3683161,192,11:20,13:22,2 hours 2 minutes,2022-03-09,Miami,Charlotte,650.0
F3696439,150,10:22,12:26,2 hours 4 minutes,2022-03-09,Miami,Charlotte,650.0
F3699833,283,19:24,21:31,2 hours 7 minutes,2022-03-09,Miami,Charlotte,650.0
F3701383,167,13:00,14:50,1 hours 50 minutes,2022-03-09,Miami,Charlotte,650.0
F3721648,309,14:52,17:11,2 hours 19 minutes,2022-03-09,Miami,Charlotte,650.0
F3635128,40,07:17,08:35,1 hours 18 minutes,2022-03-11,Charlotte,Wilmington,185.0
F3666309,43,12:49,13:46,0 hours 57 minutes,2022-03-11,Charlotte,Wilmington,185.0
F3783484,83,09:54,10:44,0 hours 50 minutes,2022-03-11,Charlotte,Wilmington,185.0
F4050359,69,16:39,17:45,1 hours 6 minutes,2022-03-11,Charlotte,Wilmington,185.0
F4056585,86,22:15,23:09,0 hours 54 minutes,2022-03-11,Charlotte,Wilmington,185.0
F4061637,79,18:17,19:22,1 hours 5 minutes,2022-03-11,Charlotte,Wilmington,185.0
F3671444,242,11:43,14:08,2 hours 25 minutes,2022-03-11,Hartford,Charlotte,644.0
F3693542,314,19:52,22:05,2 hours 13 minutes,2022-03-11,Hartford,Charlotte,644.0
F3695231,190,07:15,09:33,2 hours 18 minutes,2022-03-11,Hartford,Charlotte,644.0
F3700613,308,09:56,12:05,2 hours 9 minutes,2022-03-11,Hartford,Charlotte,644.0
F4057815,159,15:27,17:42,2 hours 15 minutes,2022-03-11,Hartford,Charlotte,644.0
F3635130,76,07:21,08:28,1 hours 7 minutes,2022-03-13,Charlotte,Wilmington,185.0
F3666311,83,12:51,13:37,0 hours 46 minutes,2022-03-13,Charlotte,Wilmington,185.0
F3783486,86,09:18,10:33,1 hours 15 minutes,2022-03-13,Charlotte,Wilmington,185.0
F3786861,39,14:29,15:29,1 hours 0 minutes,2022-03-13,Charlotte,Wilmington,185.0
F4050361,89,16:43,17:43,1 hours 0 minutes,2022-03-13,Charlotte,Wilmington,185.0
F4056587,46,22:21,23:29,1 hours 8 minutes,2022-03-13,Charlotte,Wilmington,185.0
F4061639,73,18:10,19:01,0 hours 51 minutes,2022-03-13,Charlotte,Wilmington,185.0
F3639565,45,05:25,06:15,0 hours 50 minutes,2022-03-23,Kalamazoo,Detroit,113.0
F3646289,55,11:42,12:30,0 hours 48 minutes,2022-03-23,Kalamazoo,Detroit,113.0
F3651962,55,19:36,20:24,0 hours 48 minutes,2022-03-23,Kalamazoo,Detroit,113.0
F3808896,244,08:41,09:51,2 hours 10 minutes,2022-03-25,Detroit,Omaha,651.0
F3808943,304,21:48,22:45,1 hours 57 minutes,2022-03-25,Detroit,Omaha,651.0
F3809235,156,15:46,16:43,1 hours 57 minutes,2022-03-25,Detroit,Omaha,651.0
F3648079,110,06:01,08:47,1 hours 46 minutes,2022-03-24,Bloomington,Atlanta,533.0
F3653358,199,16:00,18:36,1 hours 36 minutes,2022-03-24,Bloomington,Atlanta,533.0
F3538294,61,22:49,23:38,0 hours 49 minutes,2022-03-26,Atlanta,Augusta,143.0
F3637429,47,10:54,11:41,0 hours 47 minutes,2022-03-26,Atlanta,Augusta,143.0
F3640171,30,17:34,18:38,1 hours 4 minutes,2022-03-26,Atlanta,Augusta,143.0
F3642850,41,13:56,14:50,0 hours 54 minutes,2022-03-26,Atlanta,Augusta,143.0
F3650220,50,08:30,09:18,0 hours 48 minutes,2022-03-26,Atlanta,Augusta,143.0
F3833875,99,07:28,08:35,1 hours 7 minutes,2022-03-08,Pellston,Detroit,243.0
F3556698,159,23:29,01:26,1 hours 57 minutes,2022-03-10,Detroit,Providence,615.0
F3830653,134,16:19,18:01,1 hours 42 minutes,2022-03-10,Detroit,Providence,615.0
F3803099,167,07:59,10:31,1 hours 32 minutes,2022-03-14,Chicago,Buffalo,473.0
F3803107,107,12:33,15:07,1 hours 34 minutes,2022-03-14,Chicago,Buffalo,473.0
F3873998,196,17:58,20:27,1 hours 29 minutes,2022-03-14,Chicago,Buffalo,473.0
F3926769,200,14:38,17:03,1 hours 25 minutes,2022-03-14,Chicago,Buffalo,473.0
F3978723,191,20:34,23:21,1 hours 47 minutes,2022-03-14,Chicago,Buffalo,468.0
F4073470,208,10:56,13:27,1 hours 31 minutes,2022-03-14,Chicago,Buffalo,473.0
F3640939,64,14:25,15:36,1 hours 11 minutes,2022-03-16,Buffalo,New York,292.0
F3644283,69,05:44,06:54,1 hours 10 minutes,2022-03-16,Buffalo,New York,301.0
F3646094,120,12:15,13:28,1 hours 13 minutes,2022-03-16,Buffalo,New York,301.0
F3647558,70,15:34,16:41,1 hours 7 minutes,2022-03-16,Buffalo,New York,292.0
F3649921,119,18:19,19:31,1 hours 12 minutes,2022-03-16,Buffalo,New York,292.0
F3651083,70,11:21,12:37,1 hours 16 minutes,2022-03-16,Buffalo,New York,292.0
F3652356,141,19:06,20:20,1 hours 14 minutes,2022-03-16,Buffalo,New York,301.0
F3654371,130,05:55,07:07,1 hours 12 minutes,2022-03-16,Buffalo,New York,292.0
F3755361,140,20:51,22:21,1 hours 30 minutes,2022-03-16,Buffalo,New York,301.0
F3757547,107,10:08,11:19,1 hours 11 minutes,2022-03-16,Buffalo,New York,301.0
F3758758,86,06:59,08:16,1 hours 17 minutes,2022-03-16,Buffalo,New York,301.0
F3498558,320,16:41,18:08,2 hours 27 minutes,2022-03-18,New York,Chicago,733.0
F3506186,323,23:01,00:15,2 hours 14 minutes,2022-03-18,New York,Chicago,733.0
F3511277,274,11:47,13:43,2 hours 56 minutes,2022-03-18,New York,Chicago,733.0
F3534910,197,19:43,21:20,2 hours 37 minutes,2022-03-18,New York,Chicago,733.0
F3556918,195,09:54,11:24,2 hours 30 minutes,2022-03-18,New York,Chicago,733.0
F3637866,216,12:50,14:52,3 hours 2 minutes,2022-03-18,New York,Chicago,740.0
F3654136,254,19:52,21:27,2 hours 35 minutes,2022-03-18,New York,Chicago,740.0
F3658781,242,13:20,15:06,2 hours 46 minutes,2022-03-18,New York,Chicago,733.0
F3659292,333,16:26,17:54,2 hours 28 minutes,2022-03-18,New York,Chicago,733.0
F3659352,171,19:25,21:09,2 hours 44 minutes,2022-03-18,New York,Chicago,733.0
F3659412,270,08:34,10:00,2 hours 26 minutes,2022-03-18,New York,Chicago,733.0
F3659596,360,21:46,23:08,2 hours 22 minutes,2022-03-18,New York,Chicago,740.0
F3659625,184,13:04,15:08,3 hours 4 minutes,2022-03-18,New York,Chicago,733.0
F3660402,176,10:37,12:13,2 hours 36 minutes,2022-03-18,New York,Chicago,733.0
F3660639,223,14:03,16:01,2 hours 58 minutes,2022-03-18,New York,Chicago,733.0
F3661057,214,09:30,10:55,2 hours 25 minutes,2022-03-18,New York,Chicago,733.0
F3661976,282,18:22,20:00,2 hours 38 minutes,2022-03-18,New York,Chicago,733.0
F3663746,172,17:01,18:58,2 hours 57 minutes,2022-03-18,New York,Chicago,733.0
F3677829,159,08:18,10:12,2 hours 54 minutes,2022-03-18,New York,Chicago,740.0
F3685566,348,22:06,23:17,2 hours 11 minutes,2022-03-18,New York,Chicago,733.0
F3699782,220,17:39,19:12,2 hours 33 minutes,2022-03-18,New York,Chicago,733.0
F3719312,313,19:47,21:19,2 hours 32 minutes,2022-03-18,New York,Chicago,733.0
F3754945,207,09:17,10:55,2 hours 38 minutes,2022-03-18,New York,Chicago,740.0
F3841755,302,11:12,12:50,2 hours 38 minutes,2022-03-18,New York,Chicago,733.0
F3841757,198,19:57,21:25,2 hours 28 minutes,2022-03-18,New York,Chicago,733.0
F3907822,219,17:58,19:28,2 hours 30 minutes,2022-03-18,New York,Chicago,733.0
F3907845,286,10:01,11:13,2 hours 12 minutes,2022-03-18,New York,Chicago,733.0
F3908120,310,16:14,17:45,2 hours 31 minutes,2022-03-18,New York,Chicago,733.0
F3908181,279,11:49,13:23,2 hours 34 minutes,2022-03-18,New York,Chicago,733.0
F3908192,230,15:19,17:02,2 hours 43 minutes,2022-03-18,New York,Chicago,733.0
F3908389,341,11:00,12:26,2 hours 26 minutes,2022-03-18,New York,Chicago,733.0
F3908405,206,09:06,10:29,2 hours 23 minutes,2022-03-18,New York,Chicago,733.0
F3909144,345,13:45,15:06,2 hours 21 minutes,2022-03-18,New York,Chicago,733.0
F4027656,229,17:18,18:26,2 hours 8 minutes,2022-03-18,New York,Chicago,725.0
F4027657,323,10:18,11:24,2 hours 6 minutes,2022-03-18,New York,Chicago,725.0
F4027658,221,19:18,20:26,2 hours 8 minutes,2022-03-18,New York,Chicago,725.0
F4027659,327,21:43,22:48,2 hours 5 minutes,2022-03-18,New York,Chicago,725.0
F4027661,292,13:21,14:53,2 hours 32 minutes,2022-03-18,New York,Chicago,725.0
F4066607,335,08:35,10:06,2 hours 31 minutes,2022-03-18,New York,Chicago,740.0
F3880244,106,19:57,21:12,1 hours 15 minutes,2022-03-27,Newark,Buffalo,282.0
F3919397,90,17:30,18:56,1 hours 26 minutes,2022-03-27,Newark,Buffalo,282.0
F3919560,83,14:52,16:04,1 hours 12 minutes,2022-03-27,Newark,Buffalo,282.0
F4076807,87,11:13,12:27,1 hours 14 minutes,2022-03-27,Newark,Buffalo,282.0
F3640950,121,14:05,15:18,1 hours 13 minutes,2022-03-29,Buffalo,New York,292.0
F3644296,103,05:42,07:11,1 hours 29 minutes,2022-03-29,Buffalo,New York,301.0
F3646107,101,12:07,13:16,1 hours 9 minutes,2022-03-29,Buffalo,New York,301.0
F3647569,88,15:56,17:18,1 hours 22 minutes,2022-03-29,Buffalo,New York,292.0
F3649932,70,18:20,19:32,1 hours 12 minutes,2022-03-29,Buffalo,New York,292.0
F3651094,76,10:11,11:36,1 hours 25 minutes,2022-03-29,Buffalo,New York,292.0
F3652368,88,19:29,20:48,1 hours 19 minutes,2022-03-29,Buffalo,New York,301.0
F3654382,58,05:56,07:18,1 hours 22 minutes,2022-03-29,Buffalo,New York,292.0
F3758662,79,09:47,11:00,1 hours 13 minutes,2022-03-29,Buffalo,New York,301.0
F3761374,107,06:24,07:50,1 hours 26 minutes,2022-03-29,Buffalo,New York,301.0
F3763427,95,20:21,21:35,1 hours 14 minutes,2022-03-29,Buffalo,New York,301.0
F3666645,309,06:57,08:51,2 hours 54 minutes,2022-03-12,Cleveland,Dallas,1021.0
F3704521,253,16:13,17:57,2 hours 44 minutes,2022-03-12,Cleveland,Dallas,1021.0
F3720862,446,11:42,13:46,3 hours 4 minutes,2022-03-12,Cleveland,Dallas,1021.0
F3721029,364,19:42,21:26,2 hours 44 minutes,2022-03-12,Cleveland,Dallas,1021.0
F3838375,45,10:56,11:48,0 hours 52 minutes,2022-03-15,San Diego,Los Angeles,109.0
F3838400,47,06:32,07:30,0 hours 58 minutes,2022-03-15,San Diego,Los Angeles,109.0
F3847298,24,06:13,08:06,1 hours 53 minutes,2022-03-15,San Diego,Los Angeles,109.0
F3886999,832,06:31,09:32,6 hours 1 minutes,2022-03-10,Tampa,San Francisco,2393.0
F3888034,1131,19:26,23:09,6 hours 43 minutes,2022-03-10,Tampa,San Francisco,2393.0
F3742537,147,19:28,20:49,1 hours 21 minutes,2022-03-12,San Francisco,Los Angeles,337.0
F3742538,70,07:39,09:30,1 hours 51 minutes,2022-03-12,San Francisco,Los Angeles,337.0
F3742539,140,21:51,23:19,1 hours 28 minutes,2022-03-12,San Francisco,Los Angeles,337.0
F3770659,80,22:31,23:49,1 hours 18 minutes,2022-03-12,San Francisco,Los Angeles,337.0
F3801661,132,07:58,09:28,1 hours 30 minutes,2022-03-12,San Francisco,Los Angeles,337.0
F3813533,167,11:43,13:08,1 hours 25 minutes,2022-03-12,San Francisco,Los Angeles,337.0
F3813542,88,19:05,20:24,1 hours 19 minutes,2022-03-12,San Francisco,Los Angeles,337.0
F3818574,114,09:35,11:30,1 hours 55 minutes,2022-03-12,San Francisco,Los Angeles,337.0
F3818616,102,06:02,07:34,1 hours 32 minutes,2022-03-12,San Francisco,Los Angeles,337.0
F3818666,103,14:19,15:58,1 hours 39 minutes,2022-03-12,San Francisco,Los Angeles,337.0
F3846066,96,17:17,18:32,1 hours 15 minutes,2022-03-12,San Francisco,Los Angeles,337.0
F3846160,86,05:59,07:12,1 hours 13 minutes,2022-03-12,San Francisco,Los Angeles,337.0
F3846172,161,12:51,14:19,1 hours 28 minutes,2022-03-12,San Francisco,Los Angeles,337.0
F3846233,89,10:45,12:01,1 hours 16 minutes,2022-03-12,San Francisco,Los Angeles,337.0
F3851370,158,19:29,20:43,1 hours 14 minutes,2022-03-12,San Francisco,Los Angeles,337.0
F3851518,163,14:59,16:15,1 hours 16 minutes,2022-03-12,San Francisco,Los Angeles,337.0
F3877047,90,22:36,23:55,1 hours 19 minutes,2022-03-12,San Francisco,Los Angeles,337.0
F3877082,84,08:30,09:45,1 hours 15 minutes,2022-03-12,San Francisco,Los Angeles,337.0
F3877092,133,05:49,07:12,1 hours 23 minutes,2022-03-12,San Francisco,Los Angeles,337.0
F3877352,93,13:26,14:44,1 hours 18 minutes,2022-03-12,San Francisco,Los Angeles,337.0
F3877466,120,16:12,17:40,1 hours 28 minutes,2022-03-12,San Francisco,Los Angeles,337.0
F3878170,93,18:58,20:18,1 hours 20 minutes,2022-03-12,San Francisco,Los Angeles,337.0
F3972731,100,05:12,06:24,1 hours 12 minutes,2022-03-12,San Francisco,Los Angeles,337.0
F3972732,120,23:08,00:16,1 hours 8 minutes,2022-03-12,San Francisco,Los Angeles,337.0
F3972733,81,10:08,11:17,1 hours 9 minutes,2022-03-12,San Francisco,Los Angeles,337.0
F3527879,1053,11:56,19:12,4 hours 16 minutes,2022-03-14,Los Angeles,Tampa,2158.0
F3532604,936,22:45,06:17,4 hours 32 minutes,2022-03-14,Los Angeles,Tampa,2158.0
F3719104,850,11:56,19:19,4 hours 23 minutes,2022-03-14,Los Angeles,Tampa,2158.0
F3874265,1058,23:27,07:15,4 hours 48 minutes,2022-03-14,Los Angeles,Tampa,2158.0
F3905152,746,09:11,12:07,3 hours 56 minutes,2022-03-04,Hartford,Houston,1507.0
F3667567,92,09:22,10:32,1 hours 10 minutes,2022-03-06,Houston,Dallas,224.0
F3673853,53,07:46,09:09,1 hours 23 minutes,2022-03-06,Houston,Dallas,224.0
F3718952,61,12:07,13:09,1 hours 2 minutes,2022-03-06,Houston,Dallas,224.0
F3719066,69,18:17,19:31,1 hours 14 minutes,2022-03-06,Houston,Dallas,224.0
F3723229,105,10:18,11:32,1 hours 14 minutes,2022-03-06,Houston,Dallas,224.0
F3723624,78,20:55,22:08,1 hours 13 minutes,2022-03-06,Houston,Dallas,224.0
F3723675,68,04:58,05:59,1 hours 1 minutes,2022-03-06,Houston,Dallas,224.0
F3723725,67,14:28,15:40,1 hours 12 minutes,2022-03-06,Houston,Dallas,224.0
F3726137,46,06:06,07:29,1 hours 23 minutes,2022-03-06,Houston,Dallas,224.0
F3828736,71,10:07,11:22,1 hours 15 minutes,2022-03-06,Houston,Dallas,224.0
F3901502,46,20:25,21:29,1 hours 4 minutes,2022-03-06,Houston,Dallas,224.0
F3901678,79,18:33,19:44,1 hours 11 minutes,2022-03-06,Houston,Dallas,224.0
F3994780,104,07:00,07:52,0 hours 52 minutes,2022-03-06,Houston,Dallas,239.0
F3994781,69,08:55,09:52,0 hours 57 minutes,2022-03-06,Houston,Dallas,239.0
F3994782,69,10:59,12:30,1 hours 31 minutes,2022-03-06,Houston,Dallas,239.0
F3994783,108,15:04,15:56,0 hours 52 minutes,2022-03-06,Houston,Dallas,239.0
F3994784,52,19:37,20:28,0 hours 51 minutes,2022-03-06,Houston,Dallas,239.0
F3994785,117,19:58,20:58,1 hours 0 minutes,2022-03-06,Houston,Dallas,239.0
F3994786,118,21:30,22:25,0 hours 55 minutes,2022-03-06,Houston,Dallas,239.0
F3994787,114,21:25,22:13,0 hours 48 minutes,2022-03-06,Houston,Dallas,239.0
F3994789,67,12:55,14:03,1 hours 8 minutes,2022-03-06,Houston,Dallas,239.0
F3994884,71,14:25,15:16,0 hours 51 minutes,2022-03-06,Houston,Dallas,216.0
F3994885,68,06:21,07:10,0 hours 49 minutes,2022-03-06,Houston,Dallas,216.0
F3994886,86,07:57,08:54,0 hours 57 minutes,2022-03-06,Houston,Dallas,216.0
F3994887,87,12:36,14:00,1 hours 24 minutes,2022-03-06,Houston,Dallas,216.0
F3994888,69,20:01,21:16,1 hours 15 minutes,2022-03-06,Houston,Dallas,216.0
F3994889,96,00:15,01:08,0 hours 53 minutes,2022-03-06,Houston,Dallas,216.0
F4039130,79,18:32,19:38,1 hours 6 minutes,2022-03-06,Houston,Dallas,224.0
F4039993,104,12:14,13:34,1 hours 20 minutes,2022-03-06,Houston,Dallas,224.0
F4044022,100,06:19,07:48,1 hours 29 minutes,2022-03-06,Houston,Dallas,247.0
F4045195,72,04:58,06:37,1 hours 39 minutes,2022-03-06,Houston,Dallas,247.0
F4045578,60,12:29,13:41,1 hours 12 minutes,2022-03-06,Houston,Dallas,247.0
F4047574,70,10:17,11:34,1 hours 17 minutes,2022-03-06,Houston,Dallas,247.0
F3717348,435,19:07,22:59,2 hours 52 minutes,2022-03-08,Dallas,Hartford,1471.0
F3749994,394,13:15,17:17,3 hours 2 minutes,2022-03-24,Seattle,El Paso,1368.0
F3597096,204,14:50,17:28,1 hours 38 minutes,2022-03-26,El Paso,Dallas,551.0
F3609243,206,06:40,09:30,1 hours 50 minutes,2022-03-26,El Paso,Dallas,551.0
F3659963,125,07:13,09:54,1 hours 41 minutes,2022-03-26,El Paso,Dallas,551.0
F3705568,229,08:40,11:19,1 hours 39 minutes,2022-03-26,El Paso,Dallas,551.0
F3722403,144,12:47,15:25,1 hours 38 minutes,2022-03-26,El Paso,Dallas,551.0
F3815900,161,10:38,13:28,1 hours 50 minutes,2022-03-26,El Paso,Dallas,551.0
F4031561,230,07:30,10:06,1 hours 36 minutes,2022-03-26,El Paso,Dallas,562.0
F4031562,228,13:23,15:54,1 hours 31 minutes,2022-03-26,El Paso,Dallas,562.0
F4043824,174,18:47,21:29,1 hours 42 minutes,2022-03-26,El Paso,Dallas,551.0
F4046122,216,04:58,07:38,1 hours 40 minutes,2022-03-26,El Paso,Dallas,551.0
F3676599,438,09:50,11:55,4 hours 5 minutes,2022-03-28,Dallas,Seattle,1660.0
F3676962,438,14:43,16:43,4 hours 0 minutes,2022-03-28,Dallas,Seattle,1660.0
F3695823,483,10:23,12:25,4 hours 2 minutes,2022-03-28,Dallas,Seattle,1660.0
F3704053,623,20:59,23:00,4 hours 1 minutes,2022-03-28,Dallas,Seattle,1660.0
F3704996,538,17:48,19:47,3 hours 59 minutes,2022-03-28,Dallas,Seattle,1660.0
F3752344,704,18:37,20:41,4 hours 4 minutes,2022-03-28,Dallas,Seattle,1670.0
F3752483,818,06:40,08:54,4 hours 14 minutes,2022-03-28,Dallas,Seattle,1660.0
F3752598,506,19:24,21:37,4 hours 13 minutes,2022-03-28,Dallas,Seattle,1660.0
F3752602,591,14:42,16:54,4 hours 12 minutes,2022-03-28,Dallas,Seattle,1660.0
F3752612,477,08:02,10:15,4 hours 13 minutes,2022-03-28,Dallas,Seattle,1660.0
F3671444,242,11:43,14:08,2 hours 25 minutes,2022-03-11,Hartford,Charlotte,644.0
F3693542,314,19:52,22:05,2 hours 13 minutes,2022-03-11,Hartford,Charlotte,644.0
F3695231,190,07:15,09:33,2 hours 18 minutes,2022-03-11,Hartford,Charlotte,644.0
F3700613,308,09:56,12:05,2 hours 9 minutes,2022-03-11,Hartford,Charlotte,644.0
F4057815,159,15:27,17:42,2 hours 15 minutes,2022-03-11,Hartford,Charlotte,644.0
F3632070,19,12:22,12:59,0 hours 37 minutes,2022-03-13,Charlotte,Asheville,91.0
F3632305,31,17:56,18:47,0 hours 51 minutes,2022-03-13,Charlotte,Asheville,91.0
F3783589,43,07:34,08:15,0 hours 41 minutes,2022-03-13,Charlotte,Asheville,91.0
F3791342,25,21:56,22:44,0 hours 48 minutes,2022-03-13,Charlotte,Asheville,91.0
F3792671,27,16:39,17:28,0 hours 49 minutes,2022-03-13,Charlotte,Asheville,91.0
F3794812,27,22:51,23:54,1 hours 3 minutes,2022-03-13,Charlotte,Asheville,91.0
F3615539,1163,13:00,15:33,5 hours 33 minutes,2022-03-27,Baltimore,Los Angeles,2329.0
F3881224,1051,08:30,11:07,5 hours 37 minutes,2022-03-27,Baltimore,Los Angeles,2329.0
F4034293,1032,06:19,08:54,5 hours 35 minutes,2022-03-27,Baltimore,Los Angeles,2329.0
F4034294,1068,19:51,22:45,5 hours 54 minutes,2022-03-27,Baltimore,Los Angeles,2329.0
F3753036,99,07:47,09:28,1 hours 41 minutes,2022-03-29,Los Angeles,San Francisco,337.0
F3753039,93,18:09,19:27,1 hours 18 minutes,2022-03-29,Los Angeles,San Francisco,337.0
F3765344,157,17:34,18:51,1 hours 17 minutes,2022-03-29,Los Angeles,San Francisco,337.0
F3809202,69,15:11,16:30,1 hours 19 minutes,2022-03-29,Los Angeles,San Francisco,337.0
F3809287,71,07:59,09:39,1 hours 40 minutes,2022-03-29,Los Angeles,San Francisco,337.0
F3809320,136,21:23,22:40,1 hours 17 minutes,2022-03-29,Los Angeles,San Francisco,337.0
F3809340,108,06:11,07:41,1 hours 30 minutes,2022-03-29,Los Angeles,San Francisco,337.0
F3809359,124,10:53,12:30,1 hours 37 minutes,2022-03-29,Los Angeles,San Francisco,337.0
F3813934,156,08:54,10:32,1 hours 38 minutes,2022-03-29,Los Angeles,San Francisco,337.0
F3813945,71,17:55,19:13,1 hours 18 minutes,2022-03-29,Los Angeles,San Francisco,337.0
F3815730,83,20:11,21:57,1 hours 46 minutes,2022-03-29,Los Angeles,San Francisco,337.0
F3820762,147,06:19,07:51,1 hours 32 minutes,2022-03-29,Los Angeles,San Francisco,337.0
F3820773,126,21:03,22:29,1 hours 26 minutes,2022-03-29,Los Angeles,San Francisco,337.0
F3820867,135,09:59,11:22,1 hours 23 minutes,2022-03-29,Los Angeles,San Francisco,337.0
F3820870,159,22:26,23:36,1 hours 10 minutes,2022-03-29,Los Angeles,San Francisco,337.0
F3820884,162,16:16,17:40,1 hours 24 minutes,2022-03-29,Los Angeles,San Francisco,337.0
F3820924,116,12:57,14:20,1 hours 23 minutes,2022-03-29,Los Angeles,San Francisco,337.0
F3851957,81,17:27,18:46,1 hours 19 minutes,2022-03-29,Los Angeles,San Francisco,337.0
F3852094,127,13:36,15:15,1 hours 39 minutes,2022-03-29,Los Angeles,San Francisco,337.0
F3869673,161,16:09,17:27,1 hours 18 minutes,2022-03-29,Los Angeles,San Francisco,337.0
F3870081,96,08:11,09:43,1 hours 32 minutes,2022-03-29,Los Angeles,San Francisco,337.0
F3870084,132,06:09,07:31,1 hours 22 minutes,2022-03-29,Los Angeles,San Francisco,337.0
F3870437,99,22:36,23:49,1 hours 13 minutes,2022-03-29,Los Angeles,San Francisco,337.0
F3870810,158,19:10,20:27,1 hours 17 minutes,2022-03-29,Los Angeles,San Francisco,337.0
F3870973,106,10:38,12:17,1 hours 39 minutes,2022-03-29,Los Angeles,San Francisco,337.0
F3871242,102,14:22,16:05,1 hours 43 minutes,2022-03-29,Los Angeles,San Francisco,337.0
F3961548,99,17:33,18:47,1 hours 14 minutes,2022-03-29,Los Angeles,San Francisco,337.0
F3961549,137,12:30,13:43,1 hours 13 minutes,2022-03-29,Los Angeles,San Francisco,337.0
F3961550,130,20:54,22:16,1 hours 22 minutes,2022-03-29,Los Angeles,San Francisco,337.0
F3866688,869,23:14,07:28,5 hours 14 minutes,2022-03-31,San Francisco,Baltimore,2457.0
F3639123,61,14:09,15:15,1 hours 6 minutes,2022-03-08,Providence,New York,143.0
F3649827,49,05:19,06:25,1 hours 6 minutes,2022-03-08,Providence,New York,143.0
F3653500,47,16:11,17:21,1 hours 10 minutes,2022-03-08,Providence,New York,143.0
F3639863,91,21:24,22:42,1 hours 18 minutes,2022-03-10,New York,Buffalo,301.0
F3641097,145,11:56,13:20,1 hours 24 minutes,2022-03-10,New York,Buffalo,292.0
F3643078,121,21:55,23:02,1 hours 7 minutes,2022-03-10,New York,Buffalo,292.0
F3647580,95,13:29,14:49,1 hours 20 minutes,2022-03-10,New York,Buffalo,292.0
F3649938,84,16:08,17:33,1 hours 25 minutes,2022-03-10,New York,Buffalo,292.0
F3651102,92,08:02,09:35,1 hours 33 minutes,2022-03-10,New York,Buffalo,292.0
F3651201,90,09:52,11:11,1 hours 19 minutes,2022-03-10,New York,Buffalo,301.0
F3651307,87,16:56,18:20,1 hours 24 minutes,2022-03-10,New York,Buffalo,301.0
F3754903,70,21:58,23:31,1 hours 33 minutes,2022-03-10,New York,Buffalo,301.0
F3757221,80,20:22,21:52,1 hours 30 minutes,2022-03-10,New York,Buffalo,301.0
F3758242,131,07:55,09:10,1 hours 15 minutes,2022-03-10,New York,Buffalo,301.0
F3703042,232,09:22,10:58,1 hours 36 minutes,2022-03-09,Charlotte,Buffalo,546.0
F3789370,131,16:42,18:17,1 hours 35 minutes,2022-03-09,Charlotte,Buffalo,546.0
F3640935,119,14:11,15:35,1 hours 24 minutes,2022-03-11,Buffalo,New York,292.0
F3644278,97,05:44,07:13,1 hours 29 minutes,2022-03-11,Buffalo,New York,301.0
F3646089,91,12:06,13:14,1 hours 8 minutes,2022-03-11,Buffalo,New York,301.0
F3647554,79,15:31,16:43,1 hours 12 minutes,2022-03-11,Buffalo,New York,292.0
F3649917,131,18:41,20:36,1 hours 55 minutes,2022-03-11,Buffalo,New York,292.0
F3651079,139,10:12,11:22,1 hours 10 minutes,2022-03-11,Buffalo,New York,292.0
F3652351,118,19:06,21:14,2 hours 8 minutes,2022-03-11,Buffalo,New York,301.0
F3654367,68,05:56,07:12,1 hours 16 minutes,2022-03-11,Buffalo,New York,292.0
F3758728,71,10:25,11:30,1 hours 5 minutes,2022-03-11,Buffalo,New York,301.0
F3761151,98,07:07,08:34,1 hours 27 minutes,2022-03-11,Buffalo,New York,301.0
F3636609,119,21:15,01:00,3 hours 45 minutes,2022-03-13,New York,Charlotte,541.0
F3637665,112,14:20,16:05,1 hours 45 minutes,2022-03-13,New York,Charlotte,544.0
F3642129,243,18:27,21:06,2 hours 39 minutes,2022-03-13,New York,Charlotte,544.0
F3649217,208,09:09,11:03,1 hours 54 minutes,2022-03-13,New York,Charlotte,544.0
F3650342,167,21:25,00:27,3 hours 2 minutes,2022-03-13,New York,Charlotte,544.0
F3654340,142,17:56,19:45,1 hours 49 minutes,2022-03-13,New York,Charlotte,544.0
F3655243,174,08:42,10:38,1 hours 56 minutes,2022-03-13,New York,Charlotte,541.0
F3658206,140,13:46,15:38,1 hours 52 minutes,2022-03-13,New York,Charlotte,541.0
F3658359,139,11:41,13:32,1 hours 51 minutes,2022-03-13,New York,Charlotte,544.0
F3658564,168,15:07,17:03,1 hours 56 minutes,2022-03-13,New York,Charlotte,541.0
F3662986,113,12:13,14:05,1 hours 52 minutes,2022-03-13,New York,Charlotte,541.0
F3663064,220,09:23,11:17,1 hours 54 minutes,2022-03-13,New York,Charlotte,541.0
F3663510,175,07:01,09:02,2 hours 1 minutes,2022-03-13,New York,Charlotte,544.0
F3671066,161,18:56,21:22,2 hours 26 minutes,2022-03-13,New York,Charlotte,544.0
F3675773,247,17:56,19:46,1 hours 50 minutes,2022-03-13,New York,Charlotte,541.0
F3681538,115,13:31,15:15,1 hours 44 minutes,2022-03-13,New York,Charlotte,544.0
F3682346,261,05:55,07:40,1 hours 45 minutes,2022-03-13,New York,Charlotte,544.0
F3688352,123,15:20,17:28,2 hours 8 minutes,2022-03-13,New York,Charlotte,544.0
F3696732,156,05:16,07:04,1 hours 48 minutes,2022-03-13,New York,Charlotte,541.0
F3698797,261,23:24,01:26,2 hours 2 minutes,2022-03-13,New York,Charlotte,544.0
F3705847,146,10:55,12:41,1 hours 46 minutes,2022-03-13,New York,Charlotte,544.0
F3706825,143,17:17,19:10,1 hours 53 minutes,2022-03-13,New York,Charlotte,544.0
F3715251,159,19:50,22:11,2 hours 21 minutes,2022-03-13,New York,Charlotte,541.0
F3717985,143,08:50,10:37,1 hours 47 minutes,2022-03-13,New York,Charlotte,541.0
F4065258,135,16:30,18:47,2 hours 17 minutes,2022-03-13,New York,Charlotte,541.0
F4065307,208,15:37,17:30,1 hours 53 minutes,2022-03-13,New York,Charlotte,541.0
F4069861,115,14:13,16:21,2 hours 8 minutes,2022-03-13,New York,Charlotte,541.0
F3916190,357,09:23,10:20,2 hours 57 minutes,2022-03-01,Indianapolis,Denver,977.0
F3916326,431,15:22,16:01,2 hours 39 minutes,2022-03-01,Indianapolis,Denver,977.0
F3936084,482,12:37,13:09,2 hours 32 minutes,2022-03-01,Indianapolis,Denver,977.0
F3936085,452,07:06,07:41,2 hours 35 minutes,2022-03-01,Indianapolis,Denver,977.0
F3936086,457,20:42,21:36,2 hours 54 minutes,2022-03-01,Indianapolis,Denver,977.0
F3809463,33,11:22,12:01,0 hours 39 minutes,2022-03-03,Denver,Colorado Springs,73.0
F3809582,22,20:30,21:14,0 hours 44 minutes,2022-03-03,Denver,Colorado Springs,73.0
F3839476,35,17:43,18:20,0 hours 37 minutes,2022-03-03,Denver,Colorado Springs,73.0
F3853284,26,14:03,14:47,0 hours 44 minutes,2022-03-03,Denver,Colorado Springs,73.0
F3906534,19,19:10,19:45,0 hours 35 minutes,2022-03-03,Denver,Colorado Springs,73.0
F3942178,32,11:22,11:50,0 hours 28 minutes,2022-03-03,Denver,Colorado Springs,73.0
F3942179,31,14:20,14:51,0 hours 31 minutes,2022-03-03,Denver,Colorado Springs,73.0
F3942180,18,21:35,22:18,0 hours 43 minutes,2022-03-03,Denver,Colorado Springs,73.0
F3536567,43,05:37,06:31,0 hours 54 minutes,2022-03-17,Augusta,Atlanta,143.0
F3640145,33,19:28,20:26,0 hours 58 minutes,2022-03-17,Augusta,Atlanta,143.0
F3641250,54,13:07,13:57,0 hours 50 minutes,2022-03-17,Augusta,Atlanta,143.0
F3642810,68,21:23,22:10,0 hours 47 minutes,2022-03-17,Augusta,Atlanta,143.0
F3643835,70,08:49,09:45,0 hours 56 minutes,2022-03-17,Augusta,Atlanta,143.0
F3650186,57,10:18,11:19,1 hours 1 minutes,2022-03-17,Augusta,Atlanta,143.0
F3635829,97,16:26,18:05,1 hours 39 minutes,2022-03-19,Atlanta,Charlottesville,457.0
F3639189,217,09:54,11:29,1 hours 35 minutes,2022-03-19,Atlanta,Charlottesville,457.0
F3656571,102,21:26,22:51,1 hours 25 minutes,2022-03-19,Atlanta,Charlottesville,457.0
F3821658,61,10:27,11:25,0 hours 58 minutes,2022-03-02,San Luis Obispo,Los Angeles,156.0
F3821664,33,05:56,06:47,0 hours 51 minutes,2022-03-02,San Luis Obispo,Los Angeles,156.0
F3801513,112,07:15,08:31,1 hours 16 minutes,2022-03-04,Los Angeles,San Jose,308.0
F3801643,108,17:56,19:10,1 hours 14 minutes,2022-03-04,Los Angeles,San Jose,308.0
F3818096,108,21:03,22:25,1 hours 22 minutes,2022-03-04,Los Angeles,San Jose,308.0
F3818101,152,08:01,09:25,1 hours 24 minutes,2022-03-04,Los Angeles,San Jose,308.0
F3818196,105,15:44,16:59,1 hours 15 minutes,2022-03-04,Los Angeles,San Jose,308.0
F3835030,138,20:33,21:51,1 hours 18 minutes,2022-03-04,Los Angeles,San Jose,308.0
F3850460,150,16:21,17:32,1 hours 11 minutes,2022-03-04,Los Angeles,San Jose,308.0
F3850539,65,12:03,13:08,1 hours 5 minutes,2022-03-04,Los Angeles,San Jose,308.0
F3850558,80,07:46,08:54,1 hours 8 minutes,2022-03-04,Los Angeles,San Jose,308.0
F3859109,132,11:50,13:07,1 hours 17 minutes,2022-03-04,Los Angeles,San Jose,308.0
F3859192,141,18:45,20:02,1 hours 17 minutes,2022-03-04,Los Angeles,San Jose,308.0
F3969057,132,09:25,10:25,1 hours 0 minutes,2022-03-04,Los Angeles,San Jose,308.0
F3969058,138,20:53,22:03,1 hours 10 minutes,2022-03-04,Los Angeles,San Jose,308.0
F3969059,72,19:28,20:34,1 hours 6 minutes,2022-03-04,Los Angeles,San Jose,308.0
F3969060,110,12:10,13:10,1 hours 0 minutes,2022-03-04,Los Angeles,San Jose,308.0
F3969061,111,15:41,16:53,1 hours 12 minutes,2022-03-04,Los Angeles,San Jose,308.0
F3987903,274,11:39,14:13,1 hours 34 minutes,2022-03-16,Nashville,Norfolk,585.0
F3574399,192,17:24,18:27,2 hours 3 minutes,2022-03-20,Richmond,Nashville,527.0
F3490800,283,16:58,19:24,2 hours 26 minutes,2022-03-11,Los Angeles,Seattle,954.0
F3507438,391,06:58,09:32,2 hours 34 minutes,2022-03-11,Los Angeles,Seattle,954.0
F3507619,315,19:10,21:36,2 hours 26 minutes,2022-03-11,Los Angeles,Seattle,954.0
F3511552,462,11:07,13:48,2 hours 41 minutes,2022-03-11,Los Angeles,Seattle,954.0
F3512739,213,09:51,12:24,2 hours 33 minutes,2022-03-11,Los Angeles,Seattle,954.0
F3531124,324,19:12,21:59,2 hours 47 minutes,2022-03-11,Los Angeles,Seattle,954.0
F3741781,242,16:01,18:47,2 hours 46 minutes,2022-03-11,Los Angeles,Seattle,954.0
F3741881,434,19:41,22:33,2 hours 52 minutes,2022-03-11,Los Angeles,Seattle,954.0
F3741991,285,13:38,16:35,2 hours 57 minutes,2022-03-11,Los Angeles,Seattle,954.0
F3742031,270,18:51,21:45,2 hours 54 minutes,2022-03-11,Los Angeles,Seattle,954.0
F3742048,294,07:14,10:18,3 hours 4 minutes,2022-03-11,Los Angeles,Seattle,954.0
F3742058,360,08:57,11:57,3 hours 0 minutes,2022-03-11,Los Angeles,Seattle,954.0
F3742105,260,21:00,23:42,2 hours 42 minutes,2022-03-11,Los Angeles,Seattle,954.0
F3742193,461,11:43,14:32,2 hours 49 minutes,2022-03-11,Los Angeles,Seattle,954.0
F3801761,324,19:19,22:03,2 hours 44 minutes,2022-03-11,Los Angeles,Seattle,954.0
F3801779,370,12:34,15:29,2 hours 55 minutes,2022-03-11,Los Angeles,Seattle,954.0
F3826215,275,10:28,13:23,2 hours 55 minutes,2022-03-11,Los Angeles,Seattle,954.0
F3861268,47,14:38,15:18,0 hours 40 minutes,2022-03-13,Seattle,Wenatchee,99.0
F3861391,30,23:05,23:46,0 hours 41 minutes,2022-03-13,Seattle,Wenatchee,99.0
F3611985,158,18:39,20:18,1 hours 39 minutes,2022-03-21,Myrtle Beach,New York,563.0
F3629467,180,12:42,14:32,1 hours 50 minutes,2022-03-21,Myrtle Beach,New York,563.0
F3646363,182,11:53,13:55,2 hours 2 minutes,2022-03-21,Myrtle Beach,New York,563.0
F3652692,168,15:06,16:54,1 hours 48 minutes,2022-03-21,Myrtle Beach,New York,563.0
F3638234,45,14:54,15:55,1 hours 1 minutes,2022-03-23,New York,Syracuse,209.0
F3641940,79,22:08,23:07,0 hours 59 minutes,2022-03-23,New York,Syracuse,198.0
F3642286,79,10:15,11:17,1 hours 2 minutes,2022-03-23,New York,Syracuse,198.0
F3653970,47,15:49,17:14,1 hours 25 minutes,2022-03-23,New York,Syracuse,198.0
F3654697,74,12:26,13:27,1 hours 1 minutes,2022-03-23,New York,Syracuse,209.0
F3763660,61,09:17,10:17,1 hours 0 minutes,2022-03-23,New York,Syracuse,209.0
F3797703,51,15:09,15:53,0 hours 44 minutes,2022-03-26,Flagstaff,Phoenix,119.0
F3797743,41,16:58,17:54,0 hours 56 minutes,2022-03-26,Flagstaff,Phoenix,119.0
F3815818,57,18:08,19:19,1 hours 11 minutes,2022-03-26,Flagstaff,Phoenix,119.0
F3815844,36,10:21,11:05,0 hours 44 minutes,2022-03-26,Flagstaff,Phoenix,119.0
F3815862,27,06:22,07:03,0 hours 41 minutes,2022-03-26,Flagstaff,Phoenix,119.0
F3638599,263,14:00,15:40,1 hours 40 minutes,2022-03-08,Cincinnati,New York,589.0
F3640880,136,16:52,18:28,1 hours 36 minutes,2022-03-08,Cincinnati,New York,585.0
F3641222,223,05:52,07:34,1 hours 42 minutes,2022-03-08,Cincinnati,New York,585.0
F3646606,187,09:05,10:52,1 hours 47 minutes,2022-03-08,Cincinnati,New York,585.0
F3647167,220,19:32,21:26,1 hours 54 minutes,2022-03-08,Cincinnati,New York,585.0
F3649729,183,12:50,14:29,1 hours 39 minutes,2022-03-08,Cincinnati,New York,585.0
F4050570,135,05:54,07:35,1 hours 41 minutes,2022-03-08,Cincinnati,New York,585.0
F4050632,157,18:18,20:08,1 hours 50 minutes,2022-03-08,Cincinnati,New York,585.0
F4057950,269,14:04,15:48,1 hours 44 minutes,2022-03-08,Cincinnati,New York,585.0
F4059760,149,12:23,14:11,1 hours 48 minutes,2022-03-08,Cincinnati,New York,589.0
F4061314,238,16:01,17:49,1 hours 48 minutes,2022-03-08,Cincinnati,New York,589.0
F3747959,370,10:35,13:21,2 hours 46 minutes,2022-03-21,Burbank,Seattle,937.0
F3748236,324,06:53,09:51,2 hours 58 minutes,2022-03-21,Burbank,Seattle,937.0
F3863776,41,22:51,23:38,0 hours 47 minutes,2022-03-23,Seattle,Yakima,103.0
F3863875,23,12:49,13:25,0 hours 36 minutes,2022-03-23,Seattle,Yakima,103.0
F3518810,495,21:06,22:31,4 hours 25 minutes,2022-03-11,Detroit,San Diego,1956.0
F3529743,749,08:30,10:47,5 hours 17 minutes,2022-03-11,Detroit,San Diego,1956.0
F3833499,28,06:14,07:07,0 hours 53 minutes,2022-03-13,San Diego,Los Angeles,109.0
F3839336,36,10:58,11:58,1 hours 0 minutes,2022-03-13,San Diego,Los Angeles,109.0
F3839360,22,06:31,07:21,0 hours 50 minutes,2022-03-13,San Diego,Los Angeles,109.0
F3496474,625,14:31,21:41,4 hours 10 minutes,2022-03-15,Los Angeles,Detroit,1979.0
F3518328,437,05:38,13:02,4 hours 24 minutes,2022-03-15,Los Angeles,Detroit,1979.0
F3544094,935,12:29,19:45,4 hours 16 minutes,2022-03-15,Los Angeles,Detroit,1979.0
F3544547,502,23:05,06:14,4 hours 9 minutes,2022-03-15,Los Angeles,Detroit,1979.0
F3548631,697,07:18,14:30,4 hours 12 minutes,2022-03-15,Los Angeles,Detroit,1979.0
F3627393,437,10:53,18:04,4 hours 11 minutes,2022-03-15,Los Angeles,Detroit,1979.0
F3629843,813,08:11,15:27,4 hours 16 minutes,2022-03-15,Los Angeles,Detroit,1979.0
F3597784,231,15:27,18:05,2 hours 38 minutes,2022-03-23,Miami,Pittsburgh,1013.0
F3597939,222,08:33,11:14,2 hours 41 minutes,2022-03-23,Miami,Pittsburgh,1013.0
F3672370,327,21:34,00:05,2 hours 31 minutes,2022-03-23,Miami,Pittsburgh,1013.0
F3724130,258,18:09,20:42,2 hours 33 minutes,2022-03-23,Miami,Pittsburgh,1013.0
F4055539,55,18:32,19:38,1 hours 6 minutes,2022-03-25,Pittsburgh,Philadelphia,268.0
F4057267,97,13:12,14:43,1 hours 31 minutes,2022-03-25,Pittsburgh,Philadelphia,268.0
F4059519,75,06:54,08:01,1 hours 7 minutes,2022-03-25,Pittsburgh,Philadelphia,268.0
F4060890,128,17:33,18:46,1 hours 13 minutes,2022-03-25,Pittsburgh,Philadelphia,268.0
F3568974,272,16:30,19:23,2 hours 53 minutes,2022-03-27,Philadelphia,Miami,1013.0
F3622013,379,06:30,09:12,2 hours 42 minutes,2022-03-27,Philadelphia,Miami,1013.0
F3659964,286,16:33,19:06,2 hours 33 minutes,2022-03-27,Philadelphia,Miami,1013.0
F3667731,455,11:08,13:56,2 hours 48 minutes,2022-03-27,Philadelphia,Miami,1013.0
F3683782,225,14:19,16:50,2 hours 31 minutes,2022-03-27,Philadelphia,Miami,1013.0
F3688451,289,20:14,23:01,2 hours 47 minutes,2022-03-27,Philadelphia,Miami,1013.0
F3703301,261,09:46,12:30,2 hours 44 minutes,2022-03-27,Philadelphia,Miami,1013.0
F3725846,496,05:57,08:41,2 hours 44 minutes,2022-03-27,Philadelphia,Miami,1013.0
F3726666,457,07:15,09:47,2 hours 32 minutes,2022-03-27,Philadelphia,Miami,1013.0
F3837978,292,15:01,18:30,2 hours 29 minutes,2022-03-15,Arcata,Denver,1026.0
F3564740,124,11:07,12:32,1 hours 25 minutes,2022-03-17,Denver,Durango,251.0
F3826517,81,13:34,15:09,1 hours 35 minutes,2022-03-17,Denver,Durango,251.0
F3826810,75,16:03,17:04,1 hours 1 minutes,2022-03-17,Denver,Durango,251.0
F3827120,67,19:14,20:19,1 hours 5 minutes,2022-03-17,Denver,Durango,251.0
F3856158,125,08:16,10:17,2 hours 1 minutes,2022-03-17,Denver,Durango,251.0
F3635159,68,08:56,10:02,1 hours 6 minutes,2022-03-21,Wilmington,Charlotte,185.0
F3666348,88,14:24,15:28,1 hours 4 minutes,2022-03-21,Wilmington,Charlotte,185.0
F3783523,79,10:58,12:05,1 hours 7 minutes,2022-03-21,Wilmington,Charlotte,185.0
F3786897,72,16:05,17:27,1 hours 22 minutes,2022-03-21,Wilmington,Charlotte,185.0
F4050018,38,04:53,05:46,0 hours 53 minutes,2022-03-21,Wilmington,Charlotte,185.0
F4053616,73,06:51,08:23,1 hours 32 minutes,2022-03-21,Wilmington,Charlotte,185.0
F4061666,65,20:06,21:07,1 hours 1 minutes,2022-03-21,Wilmington,Charlotte,185.0
F3635206,162,15:25,16:51,1 hours 26 minutes,2022-03-23,Charlotte,Louisville,335.0
F3786924,132,09:38,11:25,1 hours 47 minutes,2022-03-23,Charlotte,Louisville,335.0
F3787564,70,13:15,14:42,1 hours 27 minutes,2022-03-23,Charlotte,Louisville,335.0
F4060628,87,18:01,19:25,1 hours 24 minutes,2022-03-23,Charlotte,Louisville,335.0
F3680464,158,14:36,16:31,1 hours 55 minutes,2022-03-15,Charlotte,Fort Myers,600.0
F3693685,287,16:32,18:26,1 hours 54 minutes,2022-03-15,Charlotte,Fort Myers,600.0
F3693881,285,09:16,11:14,1 hours 58 minutes,2022-03-15,Charlotte,Fort Myers,600.0
F3700471,292,12:49,14:34,1 hours 45 minutes,2022-03-15,Charlotte,Fort Myers,600.0
F3788888,161,06:12,07:36,1 hours 24 minutes,2022-03-19,Gainesville,Charlotte,388.0
F3795930,102,14:47,16:12,1 hours 25 minutes,2022-03-19,Gainesville,Charlotte,388.0
F3851564,120,06:11,07:27,1 hours 16 minutes,2022-03-12,Pellston,Detroit,243.0
F3641888,126,07:20,08:29,1 hours 9 minutes,2022-03-14,Detroit,Rochester,296.0
F3831145,64,22:51,23:58,1 hours 7 minutes,2022-03-14,Detroit,Rochester,296.0
F3850323,108,10:25,11:31,1 hours 6 minutes,2022-03-14,Detroit,Rochester,296.0
F3850341,147,20:02,21:02,1 hours 0 minutes,2022-03-14,Detroit,Rochester,296.0
F3560568,314,13:29,16:38,3 hours 9 minutes,2022-03-07,Cleveland,Fort Myers,1025.0
F3629998,332,12:03,14:50,2 hours 47 minutes,2022-03-07,Cleveland,Fort Myers,1025.0
F3900284,453,15:38,18:38,3 hours 0 minutes,2022-03-07,Cleveland,Fort Myers,1025.0
F3900302,335,06:36,09:16,2 hours 40 minutes,2022-03-07,Cleveland,Fort Myers,1025.0
F3490343,39,12:54,14:04,1 hours 10 minutes,2022-03-27,Boston,New York,184.0
F3516431,55,05:55,07:03,1 hours 8 minutes,2022-03-27,Boston,New York,187.0
F3531575,87,17:21,19:05,1 hours 44 minutes,2022-03-27,Boston,New York,187.0
F3668189,52,14:24,15:24,1 hours 0 minutes,2022-03-27,Boston,New York,187.0
F3680806,67,17:20,18:45,1 hours 25 minutes,2022-03-27,Boston,New York,187.0
F3704178,72,09:17,10:24,1 hours 7 minutes,2022-03-27,Boston,New York,187.0
F3710525,39,10:35,11:36,1 hours 1 minutes,2022-03-27,Boston,New York,187.0
F3755034,71,17:01,18:27,1 hours 26 minutes,2022-03-27,Boston,New York,187.0
F3755275,66,15:00,15:54,0 hours 54 minutes,2022-03-27,Boston,New York,184.0
F3755668,89,08:54,09:59,1 hours 5 minutes,2022-03-27,Boston,New York,184.0
F3757728,52,07:52,08:51,0 hours 59 minutes,2022-03-27,Boston,New York,184.0
F3758155,65,05:47,07:00,1 hours 13 minutes,2022-03-27,Boston,New York,187.0
F3758156,66,15:53,16:58,1 hours 5 minutes,2022-03-27,Boston,New York,184.0
F3758955,73,07:53,09:21,1 hours 28 minutes,2022-03-27,Boston,New York,187.0
F3759251,53,19:55,21:25,1 hours 30 minutes,2022-03-27,Boston,New York,184.0
F3760920,87,11:54,12:55,1 hours 1 minutes,2022-03-27,Boston,New York,184.0
F3760922,70,16:56,18:01,1 hours 5 minutes,2022-03-27,Boston,New York,184.0
F3762039,73,10:14,11:23,1 hours 9 minutes,2022-03-27,Boston,New York,187.0
F3762987,64,14:03,14:54,0 hours 51 minutes,2022-03-27,Boston,New York,184.0
F3762991,57,18:40,20:10,1 hours 30 minutes,2022-03-27,Boston,New York,187.0
F3763286,82,18:21,19:31,1 hours 10 minutes,2022-03-27,Boston,New York,184.0
F3763413,91,09:51,10:56,1 hours 5 minutes,2022-03-27,Boston,New York,184.0
F4059023,88,19:44,21:02,1 hours 18 minutes,2022-03-27,Boston,New York,187.0
F4068531,64,11:04,12:14,1 hours 10 minutes,2022-03-27,Boston,New York,184.0
F4068567,53,12:59,14:12,1 hours 13 minutes,2022-03-27,Boston,New York,187.0
F4068584,65,14:04,15:29,1 hours 25 minutes,2022-03-27,Boston,New York,184.0
F4068593,43,15:54,17:09,1 hours 15 minutes,2022-03-27,Boston,New York,184.0
F4068600,73,20:40,22:19,1 hours 39 minutes,2022-03-27,Boston,New York,184.0
F4068602,83,21:30,22:49,1 hours 19 minutes,2022-03-27,Boston,New York,184.0
F4068615,84,19:47,21:06,1 hours 19 minutes,2022-03-27,Boston,New York,184.0
F4068627,54,07:51,09:03,1 hours 12 minutes,2022-03-27,Boston,New York,184.0
F4068636,71,16:55,18:07,1 hours 12 minutes,2022-03-27,Boston,New York,184.0
F4068638,51,13:55,15:19,1 hours 24 minutes,2022-03-27,Boston,New York,187.0
F4068662,81,21:15,22:49,1 hours 34 minutes,2022-03-27,Boston,New York,184.0
F4068681,66,09:40,10:57,1 hours 17 minutes,2022-03-27,Boston,New York,187.0
F4068684,87,11:15,12:29,1 hours 14 minutes,2022-03-27,Boston,New York,187.0
F4068709,50,12:01,13:21,1 hours 20 minutes,2022-03-27,Boston,New York,184.0
F4068711,40,15:08,16:18,1 hours 10 minutes,2022-03-27,Boston,New York,184.0
F3842889,174,11:57,12:37,1 hours 40 minutes,2022-03-01,Johnstown,Chicago,487.0
F3594056,51,08:19,09:17,0 hours 58 minutes,2022-03-03,Chicago,Moline,139.0
F3594799,39,17:28,18:23,0 hours 55 minutes,2022-03-03,Chicago,Moline,139.0
F3853362,36,21:15,22:09,0 hours 54 minutes,2022-03-03,Chicago,Moline,139.0
F3933239,51,09:42,10:41,0 hours 59 minutes,2022-03-03,Chicago,Moline,139.0
F3933372,32,15:33,16:20,0 hours 47 minutes,2022-03-03,Chicago,Moline,139.0
F3938414,59,19:00,20:06,1 hours 6 minutes,2022-03-02,Baltimore,Buffalo,281.0
F3938415,84,13:44,14:47,1 hours 3 minutes,2022-03-02,Baltimore,Buffalo,281.0
F3938416,97,22:35,23:40,1 hours 5 minutes,2022-03-02,Baltimore,Buffalo,281.0
F3938417,107,08:25,09:35,1 hours 10 minutes,2022-03-02,Baltimore,Buffalo,281.0
F3643775,74,19:30,20:53,1 hours 23 minutes,2022-03-04,Buffalo,New York,301.0
F3645586,148,05:35,06:57,1 hours 22 minutes,2022-03-04,Buffalo,New York,301.0
F3646798,107,10:24,11:39,1 hours 15 minutes,2022-03-04,Buffalo,New York,292.0
F3651777,66,13:41,14:59,1 hours 18 minutes,2022-03-04,Buffalo,New York,292.0
F3653254,117,18:32,19:43,1 hours 11 minutes,2022-03-04,Buffalo,New York,292.0
F3654360,130,05:56,07:27,1 hours 31 minutes,2022-03-04,Buffalo,New York,292.0
F3656444,81,15:30,16:38,1 hours 8 minutes,2022-03-04,Buffalo,New York,292.0
F3656587,120,12:11,13:23,1 hours 12 minutes,2022-03-04,Buffalo,New York,301.0
F3755305,132,20:40,21:58,1 hours 18 minutes,2022-03-04,Buffalo,New York,301.0
F3759164,149,07:05,08:18,1 hours 13 minutes,2022-03-04,Buffalo,New York,301.0
F3761519,140,09:48,10:57,1 hours 9 minutes,2022-03-04,Buffalo,New York,301.0
F3649463,77,08:38,09:45,1 hours 7 minutes,2022-03-06,New York,Baltimore,184.0
F3649727,90,22:28,23:31,1 hours 3 minutes,2022-03-06,New York,Baltimore,184.0
F3654845,65,14:53,15:56,1 hours 3 minutes,2022-03-06,New York,Baltimore,184.0
F3995215,56,14:05,15:47,1 hours 42 minutes,2022-03-06,New York,Baltimore,185.0
F3995216,65,05:58,07:00,1 hours 2 minutes,2022-03-06,New York,Baltimore,185.0
F3995217,79,18:03,19:11,1 hours 8 minutes,2022-03-06,New York,Baltimore,185.0
F4049824,56,11:43,12:53,1 hours 10 minutes,2022-03-06,New York,Baltimore,184.0
F4052237,74,22:15,23:22,1 hours 7 minutes,2022-03-06,New York,Baltimore,184.0
F4055367,48,18:28,19:42,1 hours 14 minutes,2022-03-06,New York,Baltimore,184.0
F4059089,85,16:58,18:12,1 hours 14 minutes,2022-03-06,New York,Baltimore,184.0
F4059579,84,13:20,14:27,1 hours 7 minutes,2022-03-06,New York,Baltimore,184.0
F4061728,37,10:29,11:37,1 hours 8 minutes,2022-03-06,New York,Baltimore,184.0
F3894394,386,15:33,19:07,4 hours 34 minutes,2022-03-23,Boston,Houston,1597.0
F3894540,543,09:34,13:04,4 hours 30 minutes,2022-03-23,Boston,Houston,1597.0
F3894555,680,07:02,10:46,4 hours 44 minutes,2022-03-23,Boston,Houston,1597.0
F3882807,68,12:07,13:05,0 hours 58 minutes,2022-03-25,Houston,San Antonio,191.0
F3883309,65,16:17,17:26,1 hours 9 minutes,2022-03-25,Houston,San Antonio,191.0
F3883326,42,20:18,21:16,0 hours 58 minutes,2022-03-25,Houston,San Antonio,191.0
F3883366,50,14:33,15:26,0 hours 53 minutes,2022-03-25,Houston,San Antonio,191.0
F4013283,77,15:14,16:11,0 hours 57 minutes,2022-03-25,Houston,San Antonio,192.0
F4013284,61,08:36,09:28,0 hours 52 minutes,2022-03-25,Houston,San Antonio,192.0
F4013285,94,20:54,21:41,0 hours 47 minutes,2022-03-25,Houston,San Antonio,192.0
F4013286,40,11:52,12:41,0 hours 49 minutes,2022-03-25,Houston,San Antonio,192.0
F4013287,46,23:41,00:31,0 hours 50 minutes,2022-03-25,Houston,San Antonio,192.0
F4041077,63,10:15,11:29,1 hours 14 minutes,2022-03-25,Houston,San Antonio,191.0
F4041512,86,18:19,19:19,1 hours 0 minutes,2022-03-25,Houston,San Antonio,191.0
F3760431,538,15:19,20:37,4 hours 18 minutes,2022-03-27,San Antonio,Boston,1764.0
F3739037,219,08:36,10:12,1 hours 36 minutes,2022-03-06,Portland,San Francisco,550.0
F3739072,220,20:31,22:06,1 hours 35 minutes,2022-03-06,Portland,San Francisco,550.0
F3739076,129,17:38,19:15,1 hours 37 minutes,2022-03-06,Portland,San Francisco,550.0
F3739082,115,14:49,16:30,1 hours 41 minutes,2022-03-06,Portland,San Francisco,550.0
F3901143,239,05:56,07:27,1 hours 31 minutes,2022-03-06,Portland,San Francisco,550.0
F3901240,115,21:29,22:57,1 hours 28 minutes,2022-03-06,Portland,San Francisco,550.0
F3901355,274,10:59,12:34,1 hours 35 minutes,2022-03-06,Portland,San Francisco,550.0
F3901839,138,07:58,09:32,1 hours 34 minutes,2022-03-06,Portland,San Francisco,550.0
F3860473,219,14:14,15:57,1 hours 43 minutes,2022-03-10,Oakland,Portland,543.0
F3860627,148,20:21,22:08,1 hours 47 minutes,2022-03-10,Oakland,Portland,543.0
F3942577,271,08:28,10:04,1 hours 36 minutes,2022-03-10,Oakland,Portland,543.0
F3942578,169,11:28,13:04,1 hours 36 minutes,2022-03-10,Oakland,Portland,543.0
F3942579,257,20:55,22:35,1 hours 40 minutes,2022-03-10,Oakland,Portland,543.0
F3490763,170,23:00,00:51,1 hours 51 minutes,2022-03-11,Salt Lake City,Phoenix,507.0
F3494517,131,08:18,09:45,1 hours 27 minutes,2022-03-11,Salt Lake City,Phoenix,507.0
F3527337,197,11:43,13:09,1 hours 26 minutes,2022-03-11,Salt Lake City,Phoenix,507.0
F3527739,240,17:55,19:23,1 hours 28 minutes,2022-03-11,Salt Lake City,Phoenix,507.0
F3553454,146,15:43,17:13,1 hours 30 minutes,2022-03-11,Salt Lake City,Phoenix,507.0
F3562170,104,08:23,09:58,1 hours 35 minutes,2022-03-11,Salt Lake City,Phoenix,507.0
F3678649,204,11:08,12:26,1 hours 18 minutes,2022-03-11,Salt Lake City,Phoenix,507.0
F3721470,126,18:37,20:05,1 hours 28 minutes,2022-03-11,Salt Lake City,Phoenix,507.0
F3802472,169,08:16,10:08,1 hours 52 minutes,2022-03-11,Salt Lake City,Phoenix,507.0
F3946847,172,10:57,12:15,1 hours 18 minutes,2022-03-11,Salt Lake City,Phoenix,507.0
F3946848,180,21:31,23:47,2 hours 16 minutes,2022-03-11,Salt Lake City,Phoenix,507.0
F3946849,179,13:50,15:14,1 hours 24 minutes,2022-03-11,Salt Lake City,Phoenix,507.0
F3946850,220,17:43,19:12,1 hours 29 minutes,2022-03-11,Salt Lake City,Phoenix,507.0
F3693817,34,11:23,12:07,0 hours 44 minutes,2022-03-13,Phoenix,Tucson,110.0
F3695720,30,14:56,15:36,0 hours 40 minutes,2022-03-13,Phoenix,Tucson,110.0
F3813705,33,18:37,19:15,0 hours 38 minutes,2022-03-13,Phoenix,Tucson,110.0
F3813734,33,20:17,21:01,0 hours 44 minutes,2022-03-13,Phoenix,Tucson,110.0
F3813824,53,17:39,18:19,0 hours 40 minutes,2022-03-13,Phoenix,Tucson,110.0
F4045733,37,07:42,08:31,0 hours 49 minutes,2022-03-13,Phoenix,Tucson,110.0
F3845398,150,17:03,19:49,1 hours 46 minutes,2022-03-15,Tucson,Salt Lake City,601.0
F3847308,148,10:58,13:50,1 hours 52 minutes,2022-03-15,Tucson,Salt Lake City,601.0
F3847418,198,07:15,10:03,1 hours 48 minutes,2022-03-15,Tucson,Salt Lake City,601.0
F3740944,611,19:33,23:59,7 hours 26 minutes,2022-03-09,Newark,San Diego,2425.0
F3889185,576,19:42,00:01,7 hours 19 minutes,2022-03-09,Newark,San Diego,2425.0
F3889573,614,06:27,09:30,6 hours 3 minutes,2022-03-09,Newark,San Diego,2425.0
F3889585,945,17:05,20:21,6 hours 16 minutes,2022-03-09,Newark,San Diego,2425.0
F3818713,193,07:16,08:52,1 hours 36 minutes,2022-03-11,San Diego,Sacramento,480.0
F3818733,109,11:55,13:35,1 hours 40 minutes,2022-03-11,San Diego,Sacramento,480.0
F3818746,168,21:20,23:05,1 hours 45 minutes,2022-03-11,San Diego,Sacramento,480.0
F3818747,212,13:55,15:31,1 hours 36 minutes,2022-03-11,San Diego,Sacramento,480.0
F3946626,163,10:29,12:03,1 hours 34 minutes,2022-03-11,San Diego,Sacramento,480.0
F3946627,158,20:18,21:49,1 hours 31 minutes,2022-03-11,San Diego,Sacramento,480.0
F3946628,192,16:14,17:44,1 hours 30 minutes,2022-03-11,San Diego,Sacramento,480.0
F3946629,225,11:07,12:37,1 hours 30 minutes,2022-03-11,San Diego,Sacramento,480.0
F3946630,127,19:01,20:28,1 hours 27 minutes,2022-03-11,San Diego,Sacramento,480.0
F3946631,138,06:22,08:06,1 hours 44 minutes,2022-03-11,San Diego,Sacramento,480.0
F3946632,107,08:12,09:49,1 hours 37 minutes,2022-03-11,San Diego,Sacramento,480.0
F3946633,133,10:26,12:00,1 hours 34 minutes,2022-03-11,San Diego,Sacramento,480.0
F3946634,203,18:10,19:43,1 hours 33 minutes,2022-03-11,San Diego,Sacramento,480.0
F3875784,665,23:58,08:10,5 hours 12 minutes,2022-03-13,Sacramento,Newark,2500.0
F3581230,192,08:11,09:48,2 hours 37 minutes,2022-03-01,Punta Gorda,Belleville,921.0
F3570881,453,19:01,22:50,2 hours 49 minutes,2022-03-05,Rockford,Punta Gorda,1127.0
F3771659,288,13:46,16:40,2 hours 54 minutes,2022-03-03,Albany,Orlando,1073.0
F3941260,254,06:42,09:53,3 hours 11 minutes,2022-03-03,Albany,Orlando,1073.0
F3559653,39,16:24,17:25,1 hours 1 minutes,2022-03-05,Orlando,Fort Lauderdale,177.0
F3618036,71,06:14,07:28,1 hours 14 minutes,2022-03-05,Orlando,Fort Lauderdale,177.0
F3626870,68,20:36,21:42,1 hours 6 minutes,2022-03-05,Orlando,Fort Lauderdale,177.0
F3972089,80,08:58,09:48,0 hours 50 minutes,2022-03-05,Orlando,Fort Lauderdale,177.0
F3560686,454,14:07,17:07,3 hours 0 minutes,2022-03-07,Fort Lauderdale,Albany,1204.0
F3768050,279,13:13,16:05,2 hours 52 minutes,2022-03-07,Fort Lauderdale,Albany,1204.0
F3802727,205,08:45,09:25,1 hours 40 minutes,2022-03-09,Tucson,Los Angeles,451.0
F3802762,166,18:03,18:39,1 hours 36 minutes,2022-03-09,Tucson,Los Angeles,451.0
F3832858,212,09:07,09:54,1 hours 47 minutes,2022-03-09,Tucson,Los Angeles,451.0
F3832859,159,18:19,18:54,1 hours 35 minutes,2022-03-09,Tucson,Los Angeles,451.0
F3832872,133,13:15,13:54,1 hours 39 minutes,2022-03-09,Tucson,Los Angeles,451.0
F4021136,162,12:47,13:27,1 hours 40 minutes,2022-03-09,Tucson,Los Angeles,451.0
F4021137,159,19:16,19:46,1 hours 30 minutes,2022-03-09,Tucson,Los Angeles,451.0
F3826390,47,23:18,00:14,0 hours 56 minutes,2022-03-11,Los Angeles,San Diego,109.0
F3837709,39,19:06,19:56,0 hours 50 minutes,2022-03-11,Los Angeles,San Diego,109.0
F3846904,47,22:22,23:08,0 hours 46 minutes,2022-03-11,Los Angeles,San Diego,109.0
F3976099,140,14:58,16:07,1 hours 9 minutes,2022-03-13,San Diego,Tucson,368.0
F3592797,66,14:28,15:21,0 hours 53 minutes,2022-03-25,Killeen,Dallas,134.0
F3593081,64,18:09,19:07,0 hours 58 minutes,2022-03-25,Killeen,Dallas,134.0
F3596116,53,05:54,06:45,0 hours 51 minutes,2022-03-25,Killeen,Dallas,134.0
F3602512,53,12:51,13:50,0 hours 59 minutes,2022-03-25,Killeen,Dallas,134.0
F3602834,54,19:49,20:50,1 hours 1 minutes,2022-03-25,Killeen,Dallas,134.0
F3607371,63,16:14,17:05,0 hours 51 minutes,2022-03-25,Killeen,Dallas,134.0
F3610038,66,10:16,11:16,1 hours 0 minutes,2022-03-25,Killeen,Dallas,134.0
F3667563,61,07:00,08:09,1 hours 9 minutes,2022-03-27,Dallas,Houston,224.0
F3677097,49,22:20,23:23,1 hours 3 minutes,2022-03-27,Dallas,Houston,224.0
F3710138,52,20:56,21:55,0 hours 59 minutes,2022-03-27,Dallas,Houston,224.0
F3710254,111,18:48,19:50,1 hours 2 minutes,2022-03-27,Dallas,Houston,224.0
F3718942,98,10:18,11:26,1 hours 8 minutes,2022-03-27,Dallas,Houston,224.0
F3719056,103,14:24,15:24,1 hours 0 minutes,2022-03-27,Dallas,Houston,224.0
F3723220,107,08:26,09:33,1 hours 7 minutes,2022-03-27,Dallas,Houston,224.0
F3723617,49,17:04,18:31,1 hours 27 minutes,2022-03-27,Dallas,Houston,224.0
F3723715,105,12:25,13:26,1 hours 1 minutes,2022-03-27,Dallas,Houston,224.0
F3854857,64,19:15,20:38,1 hours 23 minutes,2022-03-27,Dallas,Houston,224.0
F3880625,71,14:05,15:04,0 hours 59 minutes,2022-03-27,Dallas,Houston,224.0
F3880665,91,17:29,18:42,1 hours 13 minutes,2022-03-27,Dallas,Houston,224.0
F3880729,101,15:50,16:55,1 hours 5 minutes,2022-03-27,Dallas,Houston,224.0
F4034529,49,07:55,08:55,1 hours 0 minutes,2022-03-27,Dallas,Houston,239.0
F4034530,98,11:31,12:30,0 hours 59 minutes,2022-03-27,Dallas,Houston,239.0
F4034531,76,13:45,15:03,1 hours 18 minutes,2022-03-27,Dallas,Houston,239.0
F4034532,78,15:29,16:59,1 hours 30 minutes,2022-03-27,Dallas,Houston,239.0
F4034533,94,17:32,18:37,1 hours 5 minutes,2022-03-27,Dallas,Houston,239.0
F4034534,59,19:30,20:33,1 hours 3 minutes,2022-03-27,Dallas,Houston,239.0
F4034535,89,20:26,21:25,0 hours 59 minutes,2022-03-27,Dallas,Houston,239.0
F4034536,61,21:41,22:44,1 hours 3 minutes,2022-03-27,Dallas,Houston,239.0
F4034537,67,06:26,07:29,1 hours 3 minutes,2022-03-27,Dallas,Houston,239.0
F4034539,74,07:57,08:52,0 hours 55 minutes,2022-03-27,Dallas,Houston,216.0
F4034540,65,06:06,06:59,0 hours 53 minutes,2022-03-27,Dallas,Houston,216.0
F4034541,86,11:29,12:17,0 hours 48 minutes,2022-03-27,Dallas,Houston,216.0
F4034542,76,13:31,14:21,0 hours 50 minutes,2022-03-27,Dallas,Houston,216.0
F4034543,65,20:37,21:33,0 hours 56 minutes,2022-03-27,Dallas,Houston,216.0
F4034544,84,18:43,19:32,0 hours 49 minutes,2022-03-27,Dallas,Houston,216.0
F4041083,66,06:56,08:08,1 hours 12 minutes,2022-03-27,Dallas,Houston,224.0
F4041220,76,05:16,06:10,0 hours 54 minutes,2022-03-27,Dallas,Houston,224.0
F4041382,78,12:20,13:23,1 hours 3 minutes,2022-03-27,Dallas,Houston,224.0
F4041431,96,09:44,10:54,1 hours 10 minutes,2022-03-27,Dallas,Houston,224.0
F4045571,68,10:38,11:56,1 hours 18 minutes,2022-03-27,Dallas,Houston,247.0
F4046257,59,19:08,20:21,1 hours 13 minutes,2022-03-27,Dallas,Houston,247.0
F4047192,57,14:35,16:13,1 hours 38 minutes,2022-03-27,Dallas,Houston,247.0
F4047564,55,10:12,11:23,1 hours 11 minutes,2022-03-27,Dallas,Houston,247.0
F4048144,108,23:21,00:20,0 hours 59 minutes,2022-03-27,Dallas,Houston,247.0
F3874822,469,17:32,22:25,2 hours 53 minutes,2022-03-14,Denver,Pittsburgh,1290.0
F3875187,447,09:59,14:52,2 hours 53 minutes,2022-03-14,Denver,Pittsburgh,1290.0
F3977749,481,20:05,00:54,2 hours 49 minutes,2022-03-14,Denver,Pittsburgh,1290.0
F4055530,74,18:30,19:28,0 hours 58 minutes,2022-03-16,Pittsburgh,Philadelphia,268.0
F4057259,98,13:11,14:13,1 hours 2 minutes,2022-03-16,Pittsburgh,Philadelphia,268.0
F4059512,56,06:50,07:53,1 hours 3 minutes,2022-03-16,Pittsburgh,Philadelphia,268.0
F3564991,689,21:41,23:58,4 hours 17 minutes,2022-03-18,Philadelphia,Denver,1558.0
F3714055,759,10:42,12:58,4 hours 16 minutes,2022-03-18,Philadelphia,Denver,1558.0
F3907954,591,08:11,10:04,3 hours 53 minutes,2022-03-18,Philadelphia,Denver,1558.0
F3908537,682,15:43,17:37,3 hours 54 minutes,2022-03-18,Philadelphia,Denver,1558.0
F4028416,642,11:50,13:55,4 hours 5 minutes,2022-03-18,Philadelphia,Denver,1558.0
F3594529,54,05:50,07:11,1 hours 21 minutes,2022-03-26,Moline,Chicago,139.0
F3594791,36,10:46,11:55,1 hours 9 minutes,2022-03-26,Moline,Chicago,139.0
F3843652,44,06:20,07:16,0 hours 56 minutes,2022-03-26,Moline,Chicago,139.0
F3920025,63,11:19,12:22,1 hours 3 minutes,2022-03-26,Moline,Chicago,139.0
F3857191,193,17:44,20:16,1 hours 32 minutes,2022-03-28,Chicago,State College,528.0
F3857202,187,14:20,16:57,1 hours 37 minutes,2022-03-28,Chicago,State College,528.0
F3630613,104,04:59,07:37,1 hours 38 minutes,2022-03-06,Memphis,Charlotte,511.0
F3633192,207,18:50,21:30,1 hours 40 minutes,2022-03-06,Memphis,Charlotte,511.0
F3690687,249,06:58,09:35,1 hours 37 minutes,2022-03-06,Memphis,Charlotte,511.0
F3706929,232,16:34,19:01,1 hours 27 minutes,2022-03-06,Memphis,Charlotte,511.0
F3795319,211,09:00,11:42,1 hours 42 minutes,2022-03-06,Memphis,Charlotte,511.0
F4057333,136,12:55,15:43,1 hours 48 minutes,2022-03-06,Memphis,Charlotte,511.0
F3605832,162,18:11,19:31,2 hours 20 minutes,2022-03-08,Charlotte,Fayetteville,754.0
F3732870,28,09:25,10:32,1 hours 7 minutes,2022-03-08,Charlotte,Fayetteville,118.0
F3783429,56,18:14,19:04,0 hours 50 minutes,2022-03-08,Charlotte,Fayetteville,118.0
F3793877,332,08:57,10:34,2 hours 37 minutes,2022-03-08,Charlotte,Fayetteville,754.0
F3605335,545,16:50,22:00,3 hours 10 minutes,2022-03-21,San Luis Obispo,Dallas,1360.0
F3594036,40,19:39,20:20,0 hours 41 minutes,2022-03-23,Dallas,Waco,89.0
F3595719,39,20:04,20:41,0 hours 37 minutes,2022-03-23,Dallas,Waco,89.0
F3602323,29,11:35,12:14,0 hours 39 minutes,2022-03-23,Dallas,Waco,89.0
F3609451,24,08:41,09:28,0 hours 47 minutes,2022-03-23,Dallas,Waco,89.0
F3647278,296,07:57,09:33,1 hours 36 minutes,2022-03-05,Greer,New York,610.0
F3731039,197,16:37,18:21,1 hours 44 minutes,2022-03-20,Knoxville,Philadelphia,554.0
F3795740,111,06:58,08:46,1 hours 48 minutes,2022-03-20,Knoxville,Philadelphia,554.0
F3959694,74,08:29,09:40,1 hours 11 minutes,2022-03-28,St. Louis,Des Moines,259.0
F3959695,119,21:43,22:45,1 hours 2 minutes,2022-03-28,St. Louis,Des Moines,259.0
F3571424,511,15:32,18:05,2 hours 33 minutes,2022-03-12,South Bend,Punta Gorda,1049.0
F3601208,159,07:09,10:32,2 hours 23 minutes,2022-03-09,Fayetteville,Charlotte,754.0
F3732902,33,11:06,12:04,0 hours 58 minutes,2022-03-09,Fayetteville,Charlotte,118.0
F3793903,343,11:18,14:14,1 hours 56 minutes,2022-03-09,Fayetteville,Charlotte,754.0
F3795396,26,08:58,10:07,1 hours 9 minutes,2022-03-09,Fayetteville,Charlotte,118.0
F3796980,254,13:17,14:57,1 hours 40 minutes,2022-03-11,Charlotte,South Bend,534.0
F3724191,575,18:50,22:58,3 hours 8 minutes,2022-03-03,Dallas,Harrisburg,1231.0
F4055521,86,18:28,19:28,1 hours 0 minutes,2022-03-07,Pittsburgh,Philadelphia,268.0
F4057251,121,13:06,14:04,0 hours 58 minutes,2022-03-07,Pittsburgh,Philadelphia,268.0
F4059506,64,07:00,08:07,1 hours 7 minutes,2022-03-07,Pittsburgh,Philadelphia,268.0
F4060882,62,17:33,18:48,1 hours 15 minutes,2022-03-07,Pittsburgh,Philadelphia,268.0
F3662286,511,06:22,09:12,3 hours 50 minutes,2022-03-09,Philadelphia,Dallas,1303.0
F3689473,397,15:44,18:19,3 hours 35 minutes,2022-03-09,Philadelphia,Dallas,1303.0
F3697351,555,17:27,20:44,4 hours 17 minutes,2022-03-09,Philadelphia,Dallas,1303.0
F3716943,559,08:32,11:33,4 hours 1 minutes,2022-03-09,Philadelphia,Dallas,1303.0
F3721161,355,04:56,07:47,3 hours 51 minutes,2022-03-09,Philadelphia,Dallas,1303.0
F3725795,647,17:52,20:22,3 hours 30 minutes,2022-03-09,Philadelphia,Dallas,1303.0
F3726460,507,10:59,13:47,3 hours 48 minutes,2022-03-09,Philadelphia,Dallas,1303.0
F3639549,41,05:27,06:49,1 hours 22 minutes,2022-03-07,Kalamazoo,Detroit,113.0
F3646273,24,12:00,13:14,1 hours 14 minutes,2022-03-07,Kalamazoo,Detroit,113.0
F3651948,23,19:13,20:00,0 hours 47 minutes,2022-03-07,Kalamazoo,Detroit,113.0
F3832913,250,08:36,09:53,2 hours 17 minutes,2022-03-09,Detroit,Omaha,651.0
F3832956,200,21:47,22:59,2 hours 12 minutes,2022-03-09,Detroit,Omaha,651.0
F3833174,131,15:45,16:54,2 hours 9 minutes,2022-03-09,Detroit,Omaha,651.0
F3896957,528,19:13,21:39,5 hours 26 minutes,2022-03-21,Fort Myers,Los Angeles,2238.0
F3841122,68,18:52,19:58,1 hours 6 minutes,2022-03-23,Los Angeles,Monterey,266.0
F3841141,98,09:29,10:39,1 hours 10 minutes,2022-03-23,Los Angeles,Monterey,266.0
F3857566,26,14:25,15:03,0 hours 38 minutes,2022-03-25,Monterey,San Francisco,77.0
F3858051,35,06:15,06:51,0 hours 36 minutes,2022-03-25,Monterey,San Francisco,77.0
F3880530,997,09:58,18:07,5 hours 9 minutes,2022-03-27,San Francisco,Fort Myers,2481.0
F3563677,465,12:27,16:11,2 hours 44 minutes,2022-03-14,Chicago,Orlando,1005.0
F3629517,278,21:08,00:41,2 hours 33 minutes,2022-03-14,Chicago,Orlando,1005.0
F3629579,434,10:30,14:07,2 hours 37 minutes,2022-03-14,Chicago,Orlando,1005.0
F3668559,230,06:56,10:26,2 hours 30 minutes,2022-03-14,Chicago,Orlando,1005.0
F3670646,230,12:27,15:57,2 hours 30 minutes,2022-03-14,Chicago,Orlando,1005.0
F3701241,419,08:21,11:45,2 hours 24 minutes,2022-03-14,Chicago,Orlando,1005.0
F3714186,266,10:30,14:03,2 hours 33 minutes,2022-03-14,Chicago,Orlando,1005.0
F3725707,413,17:28,20:59,2 hours 31 minutes,2022-03-14,Chicago,Orlando,1005.0
F3873880,473,15:56,19:25,2 hours 29 minutes,2022-03-14,Chicago,Orlando,1005.0
F3873889,281,07:25,11:05,2 hours 40 minutes,2022-03-14,Chicago,Orlando,1005.0
F3873985,457,11:09,14:40,2 hours 31 minutes,2022-03-14,Chicago,Orlando,1005.0
F3874133,392,18:29,22:08,2 hours 39 minutes,2022-03-14,Chicago,Orlando,1005.0
F3874208,500,09:30,13:30,3 hours 0 minutes,2022-03-14,Chicago,Orlando,1005.0
F3875149,280,13:39,17:12,2 hours 33 minutes,2022-03-14,Chicago,Orlando,1005.0
F3978797,464,08:17,11:33,2 hours 16 minutes,2022-03-14,Chicago,Orlando,990.0
F3978798,425,22:17,01:41,2 hours 24 minutes,2022-03-14,Chicago,Orlando,990.0
F3978799,257,04:57,08:23,2 hours 26 minutes,2022-03-14,Chicago,Orlando,990.0
F3978800,434,11:23,14:43,2 hours 20 minutes,2022-03-14,Chicago,Orlando,990.0
F3978801,395,13:33,17:05,2 hours 32 minutes,2022-03-14,Chicago,Orlando,990.0
F3978802,466,18:05,21:29,2 hours 24 minutes,2022-03-14,Chicago,Orlando,990.0
F3978803,478,06:52,10:11,2 hours 19 minutes,2022-03-14,Chicago,Orlando,990.0
F3979205,357,13:52,17:22,2 hours 30 minutes,2022-03-14,Chicago,Orlando,1005.0
F3641148,177,12:46,13:35,1 hours 49 minutes,2022-03-05,Cincinnati,Minneapolis,596.0
F3648671,175,07:38,08:32,1 hours 54 minutes,2022-03-05,Cincinnati,Minneapolis,596.0
F3650228,179,16:28,17:14,1 hours 46 minutes,2022-03-05,Cincinnati,Minneapolis,596.0
F3834893,112,13:04,14:06,1 hours 2 minutes,2022-03-08,Minneapolis,International Falls,255.0
F3508497,300,15:33,17:06,3 hours 33 minutes,2022-03-16,San Antonio,Los Angeles,1211.0
F3513247,592,06:11,07:26,3 hours 15 minutes,2022-03-16,San Antonio,Los Angeles,1211.0
F3798077,311,15:45,16:57,3 hours 12 minutes,2022-03-16,San Antonio,Los Angeles,1211.0
F3825891,33,18:57,19:52,0 hours 55 minutes,2022-03-18,Los Angeles,San Diego,109.0
F3835717,30,21:41,22:26,0 hours 45 minutes,2022-03-18,Los Angeles,San Diego,109.0
F3842170,38,22:35,23:19,0 hours 44 minutes,2022-03-18,Los Angeles,San Diego,109.0
F3747380,113,08:08,09:41,1 hours 33 minutes,2022-03-20,San Diego,San Francisco,447.0
F3818418,140,13:22,14:58,1 hours 36 minutes,2022-03-20,San Diego,San Francisco,447.0
F3818439,212,18:44,20:26,1 hours 42 minutes,2022-03-20,San Diego,San Francisco,447.0
F3818448,204,17:40,19:15,1 hours 35 minutes,2022-03-20,San Diego,San Francisco,447.0
F3818488,168,14:20,16:00,1 hours 40 minutes,2022-03-20,San Diego,San Francisco,447.0
F3818496,116,06:08,07:51,1 hours 43 minutes,2022-03-20,San Diego,San Francisco,447.0
F3818501,178,21:51,23:28,1 hours 37 minutes,2022-03-20,San Diego,San Francisco,447.0
F3898021,217,14:30,16:02,1 hours 32 minutes,2022-03-20,San Diego,San Francisco,447.0
F3898022,133,07:41,09:15,1 hours 34 minutes,2022-03-20,San Diego,San Francisco,447.0
F3898220,101,19:41,21:16,1 hours 35 minutes,2022-03-20,San Diego,San Francisco,447.0
F3898232,139,06:16,07:51,1 hours 35 minutes,2022-03-20,San Diego,San Francisco,447.0
F3898705,112,10:12,11:40,1 hours 28 minutes,2022-03-20,San Diego,San Francisco,447.0
F3954517,185,06:59,08:27,1 hours 28 minutes,2022-03-20,San Diego,San Francisco,447.0
F3954518,187,13:49,15:23,1 hours 34 minutes,2022-03-20,San Diego,San Francisco,447.0
F3954519,126,20:10,21:38,1 hours 28 minutes,2022-03-20,San Diego,San Francisco,447.0
F3824671,423,13:13,18:49,3 hours 36 minutes,2022-03-22,San Francisco,San Antonio,1482.0
F3861373,238,16:07,17:01,1 hours 54 minutes,2022-03-13,Great Falls,Seattle,512.0
F3861776,35,14:43,15:24,0 hours 41 minutes,2022-03-15,Seattle,Wenatchee,99.0
F3861856,37,23:11,23:51,0 hours 40 minutes,2022-03-15,Seattle,Wenatchee,99.0
F3640944,77,14:05,15:26,1 hours 21 minutes,2022-03-22,Buffalo,New York,292.0
F3644289,118,05:43,07:02,1 hours 19 minutes,2022-03-22,Buffalo,New York,301.0
F3646100,120,12:14,13:34,1 hours 20 minutes,2022-03-22,Buffalo,New York,301.0
F3647563,112,16:02,17:22,1 hours 20 minutes,2022-03-22,Buffalo,New York,292.0
F3649926,69,18:25,19:34,1 hours 9 minutes,2022-03-22,Buffalo,New York,292.0
F3651088,145,10:12,11:17,1 hours 5 minutes,2022-03-22,Buffalo,New York,292.0
F3652362,73,19:03,20:17,1 hours 14 minutes,2022-03-22,Buffalo,New York,301.0
F3654376,134,05:55,07:15,1 hours 20 minutes,2022-03-22,Buffalo,New York,292.0
F3759685,87,09:59,11:04,1 hours 5 minutes,2022-03-22,Buffalo,New York,301.0
F3762138,127,21:04,22:11,1 hours 7 minutes,2022-03-22,Buffalo,New York,301.0
F3762546,75,07:07,08:26,1 hours 19 minutes,2022-03-22,Buffalo,New York,301.0
F3845184,47,08:04,08:59,0 hours 55 minutes,2022-03-21,Bemidji,Minneapolis,199.0
F3845186,51,17:51,18:36,0 hours 45 minutes,2022-03-21,Bemidji,Minneapolis,199.0
F3640438,57,09:25,10:38,1 hours 13 minutes,2022-03-23,Minneapolis,Duluth,144.0
F3656285,54,10:30,11:20,0 hours 50 minutes,2022-03-23,Minneapolis,Duluth,144.0
F3849936,54,19:57,20:38,0 hours 41 minutes,2022-03-23,Minneapolis,Duluth,144.0
F3850025,57,15:57,17:17,1 hours 20 minutes,2022-03-23,Minneapolis,Duluth,144.0
F3632361,110,20:39,22:50,2 hours 11 minutes,2022-03-07,Philadelphia,Buffalo,279.0
F3633791,82,14:49,15:59,1 hours 10 minutes,2022-03-07,Philadelphia,Buffalo,279.0
F3730755,70,14:29,16:04,1 hours 35 minutes,2022-03-13,Watertown,Philadelphia,287.0
F3687774,363,06:50,09:23,3 hours 33 minutes,2022-03-12,Buffalo,Dallas,1212.0
F3599963,121,19:35,21:21,1 hours 46 minutes,2022-03-14,Dallas,Amarillo,312.0
F3601182,140,08:28,09:41,1 hours 13 minutes,2022-03-14,Dallas,Amarillo,312.0
F3977368,91,17:03,18:41,1 hours 38 minutes,2022-03-14,Dallas,Amarillo,323.0
F3977369,111,09:37,10:51,1 hours 14 minutes,2022-03-14,Dallas,Amarillo,323.0
F3977370,157,01:40,02:40,1 hours 0 minutes,2022-03-14,Dallas,Amarillo,323.0
F3977371,153,12:29,13:33,1 hours 4 minutes,2022-03-14,Dallas,Amarillo,323.0
F4046388,147,10:30,11:39,1 hours 9 minutes,2022-03-14,Dallas,Amarillo,312.0
F3838412,252,06:20,07:49,1 hours 29 minutes,2022-03-16,Amarillo,Houston,517.0
F3838421,120,12:06,13:45,1 hours 39 minutes,2022-03-16,Amarillo,Houston,517.0
F3601213,174,07:08,10:21,2 hours 13 minutes,2022-03-14,Fayetteville,Charlotte,754.0
F3604442,370,18:17,21:24,2 hours 7 minutes,2022-03-14,Fayetteville,Charlotte,754.0
F3732907,33,11:02,12:08,1 hours 6 minutes,2022-03-14,Fayetteville,Charlotte,118.0
F3733133,27,08:56,10:07,1 hours 11 minutes,2022-03-14,Fayetteville,Charlotte,118.0
F3783464,37,19:53,20:55,1 hours 2 minutes,2022-03-14,Fayetteville,Charlotte,118.0
F3793907,300,11:07,14:06,1 hours 59 minutes,2022-03-14,Fayetteville,Charlotte,754.0
F3794423,49,05:24,06:15,0 hours 51 minutes,2022-03-14,Fayetteville,Charlotte,118.0
F3680465,218,14:44,16:44,2 hours 0 minutes,2022-03-16,Charlotte,Fort Myers,600.0
F3693686,220,16:33,18:44,2 hours 11 minutes,2022-03-16,Charlotte,Fort Myers,600.0
F3693882,149,09:23,11:38,2 hours 15 minutes,2022-03-16,Charlotte,Fort Myers,600.0
F3700472,134,12:55,15:02,2 hours 7 minutes,2022-03-16,Charlotte,Fort Myers,600.0
F3533122,359,13:45,17:37,2 hours 52 minutes,2022-03-08,New Orleans,Boston,1368.0
F3626317,395,06:04,09:46,2 hours 42 minutes,2022-03-08,New Orleans,Boston,1368.0
F3763927,645,14:18,18:12,2 hours 54 minutes,2022-03-08,New Orleans,Boston,1368.0
F3640937,141,16:45,17:53,1 hours 8 minutes,2022-03-14,Buffalo,New York,292.0
F3644281,65,05:37,07:29,1 hours 52 minutes,2022-03-14,Buffalo,New York,301.0
F3646092,107,12:10,13:28,1 hours 18 minutes,2022-03-14,Buffalo,New York,301.0
F3647556,120,17:05,18:19,1 hours 14 minutes,2022-03-14,Buffalo,New York,292.0
F3649919,78,18:24,19:34,1 hours 10 minutes,2022-03-14,Buffalo,New York,292.0
F3651081,109,10:10,11:19,1 hours 9 minutes,2022-03-14,Buffalo,New York,292.0
F3652354,102,19:10,20:30,1 hours 20 minutes,2022-03-14,Buffalo,New York,301.0
F3654369,79,05:56,07:26,1 hours 30 minutes,2022-03-14,Buffalo,New York,292.0
F3761988,78,20:51,22:17,1 hours 26 minutes,2022-03-14,Buffalo,New York,301.0
F3763218,83,10:04,11:23,1 hours 19 minutes,2022-03-14,Buffalo,New York,301.0
F3494093,213,12:35,13:24,1 hours 49 minutes,2022-03-17,Atlanta,Milwaukee,669.0
F3534530,176,17:50,18:35,1 hours 45 minutes,2022-03-17,Atlanta,Milwaukee,669.0
F3536979,310,21:06,21:48,1 hours 42 minutes,2022-03-17,Atlanta,Milwaukee,669.0
F3548509,289,23:48,00:49,2 hours 1 minutes,2022-03-17,Atlanta,Milwaukee,669.0
F3553101,330,08:51,09:38,1 hours 47 minutes,2022-03-17,Atlanta,Milwaukee,669.0
F4007241,207,21:18,22:02,1 hours 44 minutes,2022-03-17,Atlanta,Milwaukee,669.0
F3635324,102,10:31,12:00,1 hours 29 minutes,2022-03-07,Dayton,Charlotte,370.0
F3783986,101,13:37,15:02,1 hours 25 minutes,2022-03-07,Dayton,Charlotte,370.0
F3787413,94,17:23,19:02,1 hours 39 minutes,2022-03-07,Dayton,Charlotte,370.0
F3787861,81,06:43,08:22,1 hours 39 minutes,2022-03-07,Dayton,Charlotte,370.0
F3796521,162,07:57,09:33,1 hours 36 minutes,2022-03-07,Dayton,Charlotte,370.0
F3605833,297,18:13,19:43,2 hours 30 minutes,2022-03-09,Charlotte,Fayetteville,754.0
F3732871,36,09:22,10:33,1 hours 11 minutes,2022-03-09,Charlotte,Fayetteville,118.0
F3783430,31,18:32,19:24,0 hours 52 minutes,2022-03-09,Charlotte,Fayetteville,118.0
F3793878,296,09:04,10:43,2 hours 39 minutes,2022-03-09,Charlotte,Fayetteville,754.0
F3573579,146,12:31,14:36,3 hours 5 minutes,2022-03-10,St. Petersburg,Memphis,653.0
F3574695,196,07:40,09:18,1 hours 38 minutes,2022-03-16,Knoxville,St. Petersburg,550.0
F3742769,668,17:38,21:05,6 hours 27 minutes,2022-03-12,Boston,San Diego,2588.0
F3775699,1073,10:39,13:31,5 hours 52 minutes,2022-03-12,Boston,San Diego,2588.0
F3776473,1233,16:17,19:17,6 hours 0 minutes,2022-03-12,Boston,San Diego,2588.0
F3822064,29,10:59,11:56,0 hours 57 minutes,2022-03-14,San Diego,Los Angeles,109.0
F3822089,40,06:35,07:25,0 hours 50 minutes,2022-03-14,San Diego,Los Angeles,109.0
F3850127,53,06:12,07:09,0 hours 57 minutes,2022-03-14,San Diego,Los Angeles,109.0
F3744800,129,08:20,09:52,1 hours 32 minutes,2022-03-16,Los Angeles,San Francisco,337.0
F3744801,79,05:54,07:22,1 hours 28 minutes,2022-03-16,Los Angeles,San Francisco,337.0
F3744804,81,18:52,20:16,1 hours 24 minutes,2022-03-16,Los Angeles,San Francisco,337.0
F3769670,139,17:29,18:50,1 hours 21 minutes,2022-03-16,Los Angeles,San Francisco,337.0
F3798070,109,08:55,10:26,1 hours 31 minutes,2022-03-16,Los Angeles,San Francisco,337.0
F3798081,101,17:20,18:33,1 hours 13 minutes,2022-03-16,Los Angeles,San Francisco,337.0
F3806173,155,15:14,16:44,1 hours 30 minutes,2022-03-16,Los Angeles,San Francisco,337.0
F3806231,122,08:15,09:40,1 hours 25 minutes,2022-03-16,Los Angeles,San Francisco,337.0
F3806264,128,21:22,22:36,1 hours 14 minutes,2022-03-16,Los Angeles,San Francisco,337.0
F3806285,79,06:04,07:41,1 hours 37 minutes,2022-03-16,Los Angeles,San Francisco,337.0
F3806304,149,10:47,12:03,1 hours 16 minutes,2022-03-16,Los Angeles,San Francisco,337.0
F3813996,130,20:09,21:24,1 hours 15 minutes,2022-03-16,Los Angeles,San Francisco,337.0
F3819969,75,20:31,21:47,1 hours 16 minutes,2022-03-16,Los Angeles,San Francisco,337.0
F3820042,164,16:25,17:44,1 hours 19 minutes,2022-03-16,Los Angeles,San Francisco,337.0
F3820050,111,12:15,13:38,1 hours 23 minutes,2022-03-16,Los Angeles,San Francisco,337.0
F3829484,77,17:19,18:40,1 hours 21 minutes,2022-03-16,Los Angeles,San Francisco,337.0
F3847610,150,13:09,14:37,1 hours 28 minutes,2022-03-16,Los Angeles,San Francisco,337.0
F3911234,105,16:11,17:24,1 hours 13 minutes,2022-03-16,Los Angeles,San Francisco,337.0
F3911571,72,13:16,14:36,1 hours 20 minutes,2022-03-16,Los Angeles,San Francisco,337.0
F3911647,110,08:03,09:23,1 hours 20 minutes,2022-03-16,Los Angeles,San Francisco,337.0
F3911650,89,05:57,07:34,1 hours 37 minutes,2022-03-16,Los Angeles,San Francisco,337.0
F3911825,80,10:36,11:58,1 hours 22 minutes,2022-03-16,Los Angeles,San Francisco,337.0
F3912007,84,22:35,23:47,1 hours 12 minutes,2022-03-16,Los Angeles,San Francisco,337.0
F3912386,137,19:05,20:17,1 hours 12 minutes,2022-03-16,Los Angeles,San Francisco,337.0
F4005468,100,17:44,18:52,1 hours 8 minutes,2022-03-16,Los Angeles,San Francisco,337.0
F4005469,138,12:36,13:47,1 hours 11 minutes,2022-03-16,Los Angeles,San Francisco,337.0
F4005470,146,21:09,22:19,1 hours 10 minutes,2022-03-16,Los Angeles,San Francisco,337.0
F3533183,572,15:06,23:26,5 hours 20 minutes,2022-03-18,San Francisco,Boston,2704.0
F3746446,557,09:23,18:13,5 hours 50 minutes,2022-03-18,San Francisco,Boston,2704.0
F3773676,912,11:04,19:42,5 hours 38 minutes,2022-03-18,San Francisco,Boston,2704.0
F3774067,1220,15:27,00:02,5 hours 35 minutes,2022-03-18,San Francisco,Boston,2704.0
F3775407,762,07:47,16:15,5 hours 28 minutes,2022-03-18,San Francisco,Boston,2704.0
F3777091,906,21:33,05:53,5 hours 20 minutes,2022-03-18,San Francisco,Boston,2704.0
F3908133,1146,08:21,17:00,5 hours 39 minutes,2022-03-18,San Francisco,Boston,2704.0
F3908381,1248,23:10,07:50,5 hours 40 minutes,2022-03-18,San Francisco,Boston,2704.0
F3633258,352,15:07,17:23,3 hours 16 minutes,2022-03-23,Myrtle Beach,Dallas,1048.0
F3598364,95,16:48,18:07,1 hours 19 minutes,2022-03-25,Dallas,Laredo,396.0
F3609718,171,12:29,13:44,1 hours 15 minutes,2022-03-25,Dallas,Laredo,396.0
F3815118,194,20:53,22:11,1 hours 18 minutes,2022-03-25,Dallas,Laredo,396.0
F3815279,117,08:45,10:10,1 hours 25 minutes,2022-03-25,Dallas,Laredo,396.0
F3729518,91,16:42,18:12,1 hours 30 minutes,2022-03-17,Harrisburg,Boston,335.0
F3813068,64,09:46,10:59,1 hours 13 minutes,2022-03-10,Houston,Austin,140.0
F3887424,39,14:26,15:23,0 hours 57 minutes,2022-03-10,Houston,Austin,140.0
F3887699,40,18:24,19:15,0 hours 51 minutes,2022-03-10,Houston,Austin,140.0
F3887861,40,12:13,13:04,0 hours 51 minutes,2022-03-10,Houston,Austin,140.0
F3887916,67,20:19,21:08,0 hours 49 minutes,2022-03-10,Houston,Austin,140.0
F3887931,50,16:13,17:05,0 hours 52 minutes,2022-03-10,Houston,Austin,140.0
F4022447,73,09:02,09:48,0 hours 46 minutes,2022-03-10,Houston,Austin,148.0
F4022448,54,22:46,23:26,0 hours 40 minutes,2022-03-10,Houston,Austin,148.0
F4022449,48,10:53,11:46,0 hours 53 minutes,2022-03-10,Houston,Austin,148.0
F4022450,66,19:58,20:43,0 hours 45 minutes,2022-03-10,Houston,Austin,148.0
F4022451,38,15:52,16:40,0 hours 48 minutes,2022-03-10,Houston,Austin,148.0
F4039046,48,07:58,08:52,0 hours 54 minutes,2022-03-10,Houston,Austin,140.0
F3601649,64,11:35,12:41,1 hours 6 minutes,2022-03-12,Austin,Dallas,190.0
F3659801,66,19:37,21:19,1 hours 42 minutes,2022-03-12,Austin,Dallas,190.0
F3666798,83,06:55,07:53,0 hours 58 minutes,2022-03-12,Austin,Dallas,190.0
F3680946,78,05:55,07:13,1 hours 18 minutes,2022-03-12,Austin,Dallas,190.0
F3699560,85,18:39,19:41,1 hours 2 minutes,2022-03-12,Austin,Dallas,190.0
F3702097,72,09:42,10:57,1 hours 15 minutes,2022-03-12,Austin,Dallas,190.0
F3709819,51,07:58,09:09,1 hours 11 minutes,2022-03-12,Austin,Dallas,190.0
F3709850,47,14:25,15:27,1 hours 2 minutes,2022-03-12,Austin,Dallas,190.0
F3710357,84,09:55,11:01,1 hours 6 minutes,2022-03-12,Austin,Dallas,190.0
F3726494,88,04:58,06:00,1 hours 2 minutes,2022-03-12,Austin,Dallas,190.0
F3947310,79,18:20,19:13,0 hours 53 minutes,2022-03-12,Austin,Dallas,189.0
F3947311,88,06:34,07:30,0 hours 56 minutes,2022-03-12,Austin,Dallas,189.0
F3947312,42,12:20,13:35,1 hours 15 minutes,2022-03-12,Austin,Dallas,189.0
F3947314,58,15:51,16:44,0 hours 53 minutes,2022-03-12,Austin,Dallas,189.0
F4044821,306,13:21,15:05,1 hours 44 minutes,2022-03-14,Dallas,Peoria,672.0
F3847118,61,18:27,19:20,0 hours 53 minutes,2022-03-11,Bemidji,Minneapolis,199.0
F3847120,46,23:13,00:10,0 hours 57 minutes,2022-03-11,Bemidji,Minneapolis,199.0
F3638062,62,13:10,14:10,1 hours 0 minutes,2022-03-13,Minneapolis,Duluth,144.0
F3640428,57,09:57,11:07,1 hours 10 minutes,2022-03-13,Minneapolis,Duluth,144.0
F3656275,64,10:53,11:56,1 hours 3 minutes,2022-03-13,Minneapolis,Duluth,144.0
F3833635,49,20:07,20:56,0 hours 49 minutes,2022-03-13,Minneapolis,Duluth,144.0
F3833734,64,15:34,16:31,0 hours 57 minutes,2022-03-13,Minneapolis,Duluth,144.0
F3874597,768,06:38,08:40,5 hours 2 minutes,2022-03-14,Cleveland,San Francisco,2161.0
F3615005,90,07:07,08:26,1 hours 19 minutes,2022-03-18,Oakland,Los Angeles,337.0
F3835666,149,07:09,08:34,1 hours 25 minutes,2022-03-18,Oakland,Los Angeles,337.0
F3835692,101,15:58,17:23,1 hours 25 minutes,2022-03-18,Oakland,Los Angeles,337.0
F3835900,145,11:37,12:54,1 hours 17 minutes,2022-03-18,Oakland,Los Angeles,337.0
F4028226,157,09:41,10:55,1 hours 14 minutes,2022-03-18,Oakland,Los Angeles,337.0
F4028227,138,10:37,11:51,1 hours 14 minutes,2022-03-18,Oakland,Los Angeles,337.0
F4028228,132,09:09,10:18,1 hours 9 minutes,2022-03-18,Oakland,Los Angeles,337.0
F4028229,142,21:31,22:38,1 hours 7 minutes,2022-03-18,Oakland,Los Angeles,337.0
F4028230,79,15:06,16:13,1 hours 7 minutes,2022-03-18,Oakland,Los Angeles,337.0
F4028231,82,20:22,21:31,1 hours 9 minutes,2022-03-18,Oakland,Los Angeles,337.0
F4028232,148,19:02,20:20,1 hours 18 minutes,2022-03-18,Oakland,Los Angeles,337.0
F3617575,738,00:17,07:50,4 hours 33 minutes,2022-03-20,Los Angeles,Cleveland,2052.0
F3898577,602,22:56,06:10,4 hours 14 minutes,2022-03-20,Los Angeles,Cleveland,2052.0
F3566892,264,07:19,10:08,2 hours 49 minutes,2022-03-22,Fort Lauderdale,Buffalo,1166.0
F3850209,131,15:35,16:49,1 hours 14 minutes,2022-03-14,State College,Detroit,301.0
F3638819,27,16:10,16:44,0 hours 34 minutes,2022-03-16,Detroit,Lansing,74.0
F3654626,29,22:49,23:23,0 hours 34 minutes,2022-03-16,Detroit,Lansing,74.0
F3656076,17,10:03,10:52,0 hours 49 minutes,2022-03-16,Detroit,Lansing,74.0
F3501774,86,11:31,13:06,1 hours 35 minutes,2022-03-13,Raleigh,New York,431.0
F3636639,120,09:35,11:16,1 hours 41 minutes,2022-03-13,Raleigh,New York,431.0
F3639679,107,14:01,15:33,1 hours 32 minutes,2022-03-13,Raleigh,New York,427.0
F3641961,121,17:22,18:55,1 hours 33 minutes,2022-03-13,Raleigh,New York,427.0
F3645939,148,06:06,07:35,1 hours 29 minutes,2022-03-13,Raleigh,New York,427.0
F3648448,87,11:00,12:28,1 hours 28 minutes,2022-03-13,Raleigh,New York,427.0
F3668886,134,10:57,12:42,1 hours 45 minutes,2022-03-13,Raleigh,New York,431.0
F3681352,169,19:00,20:27,1 hours 27 minutes,2022-03-13,Raleigh,New York,431.0
F3705617,189,12:24,13:57,1 hours 33 minutes,2022-03-13,Raleigh,New York,431.0
F3711550,126,06:15,07:39,1 hours 24 minutes,2022-03-13,Raleigh,New York,431.0
F3760712,120,15:53,17:31,1 hours 38 minutes,2022-03-13,Raleigh,New York,427.0
F3762352,106,16:50,19:06,2 hours 16 minutes,2022-03-13,Raleigh,New York,427.0
F4048642,126,06:00,07:45,1 hours 45 minutes,2022-03-13,Raleigh,New York,427.0
F4049709,204,13:48,15:19,1 hours 31 minutes,2022-03-13,Raleigh,New York,431.0
F4050268,126,14:06,16:02,1 hours 56 minutes,2022-03-13,Raleigh,New York,427.0
F4053809,91,14:00,15:46,1 hours 46 minutes,2022-03-13,Raleigh,New York,427.0
F4057376,90,15:36,17:12,1 hours 36 minutes,2022-03-13,Raleigh,New York,431.0
F4061456,133,08:48,10:41,1 hours 53 minutes,2022-03-13,Raleigh,New York,431.0
F4065176,174,17:18,19:11,1 hours 53 minutes,2022-03-13,Raleigh,New York,431.0
F4065202,171,20:28,23:08,2 hours 40 minutes,2022-03-13,Raleigh,New York,431.0
F4065284,117,16:18,18:01,1 hours 43 minutes,2022-03-13,Raleigh,New York,427.0
F4065304,213,14:54,16:55,2 hours 1 minutes,2022-03-13,Raleigh,New York,431.0
F3639868,80,20:54,22:22,1 hours 28 minutes,2022-03-15,New York,Buffalo,301.0
F3641101,61,11:59,13:09,1 hours 10 minutes,2022-03-15,New York,Buffalo,292.0
F3643082,111,21:57,23:17,1 hours 20 minutes,2022-03-15,New York,Buffalo,292.0
F3647584,110,13:26,14:34,1 hours 8 minutes,2022-03-15,New York,Buffalo,292.0
F3649942,74,16:07,17:28,1 hours 21 minutes,2022-03-15,New York,Buffalo,292.0
F3651105,102,08:02,09:13,1 hours 11 minutes,2022-03-15,New York,Buffalo,292.0
F3651206,75,09:47,11:07,1 hours 20 minutes,2022-03-15,New York,Buffalo,301.0
F3651312,60,16:55,18:22,1 hours 27 minutes,2022-03-15,New York,Buffalo,301.0
F3754927,114,21:45,23:13,1 hours 28 minutes,2022-03-15,New York,Buffalo,301.0
F3762798,72,20:09,21:37,1 hours 28 minutes,2022-03-15,New York,Buffalo,301.0
F3562864,259,08:55,12:08,3 hours 13 minutes,2022-03-13,Fort Myers,Buffalo,1144.0
F3494421,523,17:18,20:27,3 hours 9 minutes,2022-03-19,New York,Fort Myers,1080.0
F3533573,220,14:29,17:34,3 hours 5 minutes,2022-03-19,New York,Fort Myers,1080.0
F3539538,362,11:58,15:21,3 hours 23 minutes,2022-03-19,New York,Fort Myers,1074.0
F3553842,272,09:56,13:05,3 hours 9 minutes,2022-03-19,New York,Fort Myers,1080.0
F3763500,472,14:39,17:37,2 hours 58 minutes,2022-03-19,New York,Fort Myers,1074.0
F3766032,314,15:16,19:11,3 hours 55 minutes,2022-03-19,New York,Fort Myers,1074.0
F3768519,425,06:26,10:02,3 hours 36 minutes,2022-03-19,New York,Fort Myers,1074.0
F3770354,358,22:22,01:42,3 hours 20 minutes,2022-03-19,New York,Fort Myers,1074.0
F3770358,279,07:05,10:27,3 hours 22 minutes,2022-03-19,New York,Fort Myers,1080.0
F3596907,498,10:54,15:52,2 hours 58 minutes,2022-03-08,Santa Barbara,Dallas,1316.0
F3677086,75,22:34,23:48,1 hours 14 minutes,2022-03-10,Dallas,Houston,224.0
F3710121,106,21:38,22:50,1 hours 12 minutes,2022-03-10,Dallas,Houston,224.0
F3710237,86,18:55,20:06,1 hours 11 minutes,2022-03-10,Dallas,Houston,224.0
F3718925,81,10:16,11:13,0 hours 57 minutes,2022-03-10,Dallas,Houston,224.0
F3719039,91,14:59,15:56,0 hours 57 minutes,2022-03-10,Dallas,Houston,224.0
F3723206,59,08:27,09:29,1 hours 2 minutes,2022-03-10,Dallas,Houston,224.0
F3723606,103,18:36,19:38,1 hours 2 minutes,2022-03-10,Dallas,Houston,224.0
F3723698,109,12:22,13:27,1 hours 5 minutes,2022-03-10,Dallas,Houston,224.0
F3812955,110,12:05,13:10,1 hours 5 minutes,2022-03-10,Dallas,Houston,224.0
F3812989,47,14:18,15:24,1 hours 6 minutes,2022-03-10,Dallas,Houston,224.0
F3888123,73,06:56,07:53,0 hours 57 minutes,2022-03-10,Dallas,Houston,224.0
F3888357,97,17:29,19:01,1 hours 32 minutes,2022-03-10,Dallas,Houston,224.0
F3888501,99,15:44,16:39,0 hours 55 minutes,2022-03-10,Dallas,Houston,224.0
F4021911,96,07:56,09:06,1 hours 10 minutes,2022-03-10,Dallas,Houston,239.0
F4021912,83,11:46,12:46,1 hours 0 minutes,2022-03-10,Dallas,Houston,239.0
F4021913,51,14:27,15:38,1 hours 11 minutes,2022-03-10,Dallas,Houston,239.0
F4021914,54,15:49,17:00,1 hours 11 minutes,2022-03-10,Dallas,Houston,239.0
F4021915,73,18:37,19:31,0 hours 54 minutes,2022-03-10,Dallas,Houston,239.0
F4021916,53,19:36,20:43,1 hours 7 minutes,2022-03-10,Dallas,Houston,239.0
F4021917,61,20:35,21:47,1 hours 12 minutes,2022-03-10,Dallas,Houston,239.0
F4021918,97,22:20,23:20,1 hours 0 minutes,2022-03-10,Dallas,Houston,239.0
F4021919,85,06:29,07:22,0 hours 53 minutes,2022-03-10,Dallas,Houston,239.0
F4021921,88,07:54,08:49,0 hours 55 minutes,2022-03-10,Dallas,Houston,216.0
F4021922,88,11:32,12:33,1 hours 1 minutes,2022-03-10,Dallas,Houston,216.0
F4021923,74,13:44,14:35,0 hours 51 minutes,2022-03-10,Dallas,Houston,216.0
F4021924,70,20:31,21:36,1 hours 5 minutes,2022-03-10,Dallas,Houston,216.0
F4021925,50,18:40,19:38,0 hours 58 minutes,2022-03-10,Dallas,Houston,216.0
F4039085,77,09:37,10:43,1 hours 6 minutes,2022-03-10,Dallas,Houston,224.0
F4045559,56,10:33,11:44,1 hours 11 minutes,2022-03-10,Dallas,Houston,247.0
F4046240,69,19:08,20:12,1 hours 4 minutes,2022-03-10,Dallas,Houston,247.0
F4047175,51,15:33,16:48,1 hours 15 minutes,2022-03-10,Dallas,Houston,247.0
F4047547,115,08:28,09:24,0 hours 56 minutes,2022-03-10,Dallas,Houston,247.0
F4048133,108,22:25,23:42,1 hours 17 minutes,2022-03-10,Dallas,Houston,247.0
F3852709,163,21:03,22:47,1 hours 44 minutes,2022-03-12,Houston,Amarillo,517.0
F3852944,170,09:38,11:39,2 hours 1 minutes,2022-03-12,Houston,Amarillo,517.0
F3592777,53,14:31,15:28,0 hours 57 minutes,2022-03-05,Killeen,Dallas,134.0
F3593063,63,18:06,18:56,0 hours 50 minutes,2022-03-05,Killeen,Dallas,134.0
F3596105,40,06:00,06:49,0 hours 49 minutes,2022-03-05,Killeen,Dallas,134.0
F3602492,27,12:52,13:38,0 hours 46 minutes,2022-03-05,Killeen,Dallas,134.0
F3602823,36,19:56,20:54,0 hours 58 minutes,2022-03-05,Killeen,Dallas,134.0
F3607351,54,16:18,17:09,0 hours 51 minutes,2022-03-05,Killeen,Dallas,134.0
F3610018,33,10:18,11:22,1 hours 4 minutes,2022-03-05,Killeen,Dallas,134.0
F3665520,213,21:21,00:32,2 hours 11 minutes,2022-03-07,Dallas,Grand Rapids,931.0
F3632954,193,08:29,10:11,1 hours 42 minutes,2022-03-02,Cincinnati,Philadelphia,507.0
F3793477,184,12:24,13:54,1 hours 30 minutes,2022-03-02,Cincinnati,Philadelphia,507.0
F3794470,226,07:00,08:47,1 hours 47 minutes,2022-03-02,Cincinnati,Philadelphia,507.0
F3795753,147,17:47,19:16,1 hours 29 minutes,2022-03-02,Cincinnati,Philadelphia,507.0
F3734030,35,09:23,10:18,0 hours 55 minutes,2022-03-04,Philadelphia,State College,153.0
F3735151,41,14:46,15:44,0 hours 58 minutes,2022-03-04,Philadelphia,State College,153.0
F3861174,43,05:56,06:37,0 hours 41 minutes,2022-03-13,Yakima,Seattle,103.0
F3861270,35,13:58,14:50,0 hours 52 minutes,2022-03-13,Yakima,Seattle,103.0
F3744138,315,20:39,22:47,2 hours 8 minutes,2022-03-15,Seattle,San Jose,696.0
F3744204,322,06:10,08:19,2 hours 9 minutes,2022-03-15,Seattle,San Jose,696.0
F3744265,197,18:41,20:40,1 hours 59 minutes,2022-03-15,Seattle,San Jose,696.0
F3744267,158,10:15,12:29,2 hours 14 minutes,2022-03-15,Seattle,San Jose,696.0
F3744272,343,08:26,10:42,2 hours 16 minutes,2022-03-15,Seattle,San Jose,696.0
F3744553,340,16:21,18:28,2 hours 7 minutes,2022-03-15,Seattle,San Jose,696.0
F3832663,257,19:20,21:24,2 hours 4 minutes,2022-03-15,Seattle,San Jose,696.0
F3832703,246,15:17,17:31,2 hours 14 minutes,2022-03-15,Seattle,San Jose,696.0
F3845260,307,07:24,09:40,2 hours 16 minutes,2022-03-15,Seattle,San Jose,696.0
F3845364,155,11:13,13:26,2 hours 13 minutes,2022-03-15,Seattle,San Jose,696.0
F4003322,273,11:25,13:30,2 hours 5 minutes,2022-03-15,Seattle,San Jose,696.0
F4003323,191,18:49,20:52,2 hours 3 minutes,2022-03-15,Seattle,San Jose,696.0
F4004101,104,20:37,22:58,1 hours 21 minutes,2022-03-16,Nashville,Pittsburgh,462.0
F4004102,115,09:09,11:32,1 hours 23 minutes,2022-03-16,Nashville,Pittsburgh,462.0
F3728301,30,06:17,06:57,0 hours 40 minutes,2022-03-20,Harrisburg,Philadelphia,84.0
F3731318,17,07:50,08:41,0 hours 51 minutes,2022-03-20,Harrisburg,Philadelphia,84.0
F3732377,28,11:47,12:46,0 hours 59 minutes,2022-03-20,Harrisburg,Philadelphia,84.0
F3733064,41,18:07,18:54,0 hours 47 minutes,2022-03-20,Harrisburg,Philadelphia,84.0
F3632233,285,18:22,19:32,2 hours 10 minutes,2022-03-22,Philadelphia,Nashville,675.0
F3733749,250,13:31,14:41,2 hours 10 minutes,2022-03-22,Philadelphia,Nashville,675.0
F3983868,214,05:14,06:09,1 hours 55 minutes,2022-03-22,Philadelphia,Nashville,675.0
F3983869,174,20:38,21:31,1 hours 53 minutes,2022-03-22,Philadelphia,Nashville,675.0
F3641147,187,10:56,12:01,2 hours 5 minutes,2022-03-04,Cincinnati,Minneapolis,596.0
F3648670,208,07:03,08:12,2 hours 9 minutes,2022-03-04,Cincinnati,Minneapolis,596.0
F3648701,296,19:44,20:39,1 hours 55 minutes,2022-03-04,Cincinnati,Minneapolis,596.0
F3650227,197,16:25,17:23,1 hours 58 minutes,2022-03-04,Cincinnati,Minneapolis,596.0
F3576483,175,18:51,20:21,1 hours 30 minutes,2022-03-10,Charleston,Pittsburgh,524.0
F3729654,205,08:06,09:55,1 hours 49 minutes,2022-03-16,Philadelphia,Charleston,550.0
F3789013,146,13:39,15:40,2 hours 1 minutes,2022-03-16,Philadelphia,Charleston,550.0
F3590734,180,17:56,20:55,1 hours 59 minutes,2022-03-07,Chicago,Norfolk,717.0
F3892509,158,18:16,21:12,1 hours 56 minutes,2022-03-07,Chicago,Norfolk,717.0
F3998705,311,14:14,17:20,2 hours 6 minutes,2022-03-07,Chicago,Norfolk,704.0
F4071591,257,10:46,14:49,3 hours 3 minutes,2022-03-07,Chicago,Norfolk,717.0
F3497166,496,19:00,21:58,2 hours 58 minutes,2022-03-20,Miami,Detroit,1145.0
F3548053,535,13:39,16:32,2 hours 53 minutes,2022-03-20,Miami,Detroit,1145.0
F3621271,550,14:18,17:16,2 hours 58 minutes,2022-03-20,Miami,Detroit,1145.0
F3664608,492,14:42,17:41,2 hours 59 minutes,2022-03-20,Miami,Detroit,1145.0
F3673253,562,19:41,22:57,3 hours 16 minutes,2022-03-20,Miami,Detroit,1145.0
F3698717,428,20:40,00:08,3 hours 28 minutes,2022-03-20,Miami,Detroit,1145.0
F3601479,324,06:08,09:25,3 hours 17 minutes,2022-03-26,Grand Rapids,Miami,1214.0
F3632053,34,12:51,13:47,0 hours 56 minutes,2022-03-27,Asheville,Charlotte,91.0
F3632268,20,08:52,10:02,1 hours 10 minutes,2022-03-27,Asheville,Charlotte,91.0
F3632292,31,19:22,20:29,1 hours 7 minutes,2022-03-27,Asheville,Charlotte,91.0
F3788279,43,05:13,06:06,0 hours 53 minutes,2022-03-27,Asheville,Charlotte,91.0
F3792073,42,05:58,06:46,0 hours 48 minutes,2022-03-27,Asheville,Charlotte,91.0
F3792654,28,20:25,21:44,1 hours 19 minutes,2022-03-27,Asheville,Charlotte,91.0
F3605853,197,20:29,21:59,2 hours 30 minutes,2022-03-29,Charlotte,Fayetteville,754.0
F3732891,37,09:24,10:27,1 hours 3 minutes,2022-03-29,Charlotte,Fayetteville,118.0
F3783450,36,18:54,19:41,0 hours 47 minutes,2022-03-29,Charlotte,Fayetteville,118.0
F3793895,327,08:52,10:18,2 hours 26 minutes,2022-03-29,Charlotte,Fayetteville,754.0
F4047438,223,20:16,21:56,2 hours 40 minutes,2022-03-19,Tallahassee,Dallas,767.0
F3665812,86,20:27,22:33,2 hours 6 minutes,2022-03-21,Dallas,San Antonio,247.0
F3672458,56,07:10,08:29,1 hours 19 minutes,2022-03-21,Dallas,San Antonio,247.0
F3676367,87,08:32,09:40,1 hours 8 minutes,2022-03-21,Dallas,San Antonio,247.0
F3694793,56,10:35,11:51,1 hours 16 minutes,2022-03-21,Dallas,San Antonio,247.0
F3694921,85,14:49,16:00,1 hours 11 minutes,2022-03-21,Dallas,San Antonio,247.0
F3712024,72,20:14,21:32,1 hours 18 minutes,2022-03-21,Dallas,San Antonio,247.0
F3716804,69,20:26,22:45,2 hours 19 minutes,2022-03-21,Dallas,San Antonio,247.0
F3727680,61,12:29,13:47,1 hours 18 minutes,2022-03-21,Dallas,San Antonio,247.0
F3955957,104,06:12,07:17,1 hours 5 minutes,2022-03-21,Dallas,San Antonio,247.0
F3955959,104,07:53,09:09,1 hours 16 minutes,2022-03-21,Dallas,San Antonio,247.0
F3955960,74,15:29,16:47,1 hours 18 minutes,2022-03-21,Dallas,San Antonio,247.0
F3955962,74,15:38,16:52,1 hours 14 minutes,2022-03-21,Dallas,San Antonio,247.0
F3955964,119,23:55,00:59,1 hours 4 minutes,2022-03-21,Dallas,San Antonio,247.0
F3886213,87,07:39,08:37,0 hours 58 minutes,2022-03-23,San Antonio,Houston,191.0
F3893598,53,05:20,06:14,0 hours 54 minutes,2022-03-23,San Antonio,Houston,191.0
F3893600,53,19:04,19:59,0 hours 55 minutes,2022-03-23,San Antonio,Houston,191.0
F3893765,86,14:29,15:23,0 hours 54 minutes,2022-03-23,San Antonio,Houston,191.0
F3987622,81,19:30,20:19,0 hours 49 minutes,2022-03-23,San Antonio,Houston,192.0
F3987623,79,13:44,14:35,0 hours 51 minutes,2022-03-23,San Antonio,Houston,192.0
F3987624,90,11:41,12:30,0 hours 49 minutes,2022-03-23,San Antonio,Houston,192.0
F3987625,56,06:34,07:23,0 hours 49 minutes,2022-03-23,San Antonio,Houston,192.0
F4038562,67,09:40,10:35,0 hours 55 minutes,2022-03-23,San Antonio,Houston,191.0
F4038920,94,12:10,13:02,0 hours 52 minutes,2022-03-23,San Antonio,Houston,191.0
F3601432,24,12:43,13:36,0 hours 53 minutes,2022-03-09,Chicago,Madison,109.0
F3804286,53,17:20,18:12,0 hours 52 minutes,2022-03-09,Chicago,Madison,109.0
F3824030,36,15:05,15:48,0 hours 43 minutes,2022-03-09,Chicago,Madison,109.0
F3888745,54,20:43,21:31,0 hours 48 minutes,2022-03-09,Chicago,Madison,109.0
F3929469,50,15:30,16:27,0 hours 57 minutes,2022-03-09,Chicago,Madison,109.0
F3929838,25,11:04,11:51,0 hours 47 minutes,2022-03-09,Chicago,Madison,109.0
F4072268,41,09:11,10:16,1 hours 5 minutes,2022-03-09,Chicago,Madison,109.0
F3575787,320,18:47,22:08,3 hours 21 minutes,2022-03-05,Plattsburgh,Fort Lauderdale,1334.0
F3581115,610,11:51,15:15,3 hours 24 minutes,2022-03-05,Plattsburgh,Fort Lauderdale,1334.0
F3922237,57,08:35,09:58,1 hours 23 minutes,2022-03-22,Lake Charles,Houston,127.0
F3922262,40,10:57,11:59,1 hours 2 minutes,2022-03-22,Lake Charles,Houston,127.0
F3673871,98,07:39,08:44,1 hours 5 minutes,2022-03-24,Houston,Dallas,224.0
F3718970,92,12:08,13:21,1 hours 13 minutes,2022-03-24,Houston,Dallas,224.0
F3719084,55,16:32,17:41,1 hours 9 minutes,2022-03-24,Houston,Dallas,224.0
F3723245,60,10:48,12:00,1 hours 12 minutes,2022-03-24,Houston,Dallas,224.0
F3723633,46,19:04,20:05,1 hours 1 minutes,2022-03-24,Houston,Dallas,224.0
F3723743,104,14:21,15:37,1 hours 16 minutes,2022-03-24,Houston,Dallas,224.0
F3726155,65,06:08,07:07,0 hours 59 minutes,2022-03-24,Houston,Dallas,224.0
F3854307,59,10:08,11:24,1 hours 16 minutes,2022-03-24,Houston,Dallas,224.0
F3854308,99,12:14,13:35,1 hours 21 minutes,2022-03-24,Houston,Dallas,224.0
F3885036,81,14:23,15:25,1 hours 2 minutes,2022-03-24,Houston,Dallas,224.0
F3885523,107,20:10,21:19,1 hours 9 minutes,2022-03-24,Houston,Dallas,224.0
F3885706,67,16:42,17:50,1 hours 8 minutes,2022-03-24,Houston,Dallas,224.0
F4009682,61,06:57,07:51,0 hours 54 minutes,2022-03-24,Houston,Dallas,239.0
F4009683,101,08:42,09:44,1 hours 2 minutes,2022-03-24,Houston,Dallas,239.0
F4009684,85,10:27,11:20,0 hours 53 minutes,2022-03-24,Houston,Dallas,239.0
F4009685,75,12:40,13:35,0 hours 55 minutes,2022-03-24,Houston,Dallas,239.0
F4009686,82,14:37,15:36,0 hours 59 minutes,2022-03-24,Houston,Dallas,239.0
F4009687,74,17:17,18:13,0 hours 56 minutes,2022-03-24,Houston,Dallas,239.0
F4009688,98,18:52,19:55,1 hours 3 minutes,2022-03-24,Houston,Dallas,239.0
F4009689,68,23:04,00:01,0 hours 57 minutes,2022-03-24,Houston,Dallas,239.0
F4009690,79,05:58,07:24,1 hours 26 minutes,2022-03-24,Houston,Dallas,239.0
F4009797,70,18:45,19:59,1 hours 14 minutes,2022-03-24,Houston,Dallas,216.0
F4009798,95,05:51,06:42,0 hours 51 minutes,2022-03-24,Houston,Dallas,216.0
F4009799,71,13:15,14:15,1 hours 0 minutes,2022-03-24,Houston,Dallas,216.0
F4009800,92,08:10,09:04,0 hours 54 minutes,2022-03-24,Houston,Dallas,216.0
F4009801,51,21:47,22:41,0 hours 54 minutes,2022-03-24,Houston,Dallas,216.0
F4009802,92,18:59,20:03,1 hours 4 minutes,2022-03-24,Houston,Dallas,216.0
F4040372,93,18:17,19:40,1 hours 23 minutes,2022-03-24,Houston,Dallas,224.0
F4044040,84,06:18,07:34,1 hours 16 minutes,2022-03-24,Houston,Dallas,247.0
F4045591,61,12:55,14:03,1 hours 8 minutes,2022-03-24,Houston,Dallas,247.0
F4047219,77,16:21,17:33,1 hours 12 minutes,2022-03-24,Houston,Dallas,247.0
F4047592,107,10:09,11:33,1 hours 24 minutes,2022-03-24,Houston,Dallas,247.0
F3599975,142,20:19,21:28,1 hours 9 minutes,2022-03-26,Dallas,Amarillo,312.0
F4031174,158,09:15,10:22,1 hours 7 minutes,2022-03-26,Dallas,Amarillo,323.0
F4031175,87,22:19,23:26,1 hours 7 minutes,2022-03-26,Dallas,Amarillo,323.0
F4046398,99,10:23,11:32,1 hours 9 minutes,2022-03-26,Dallas,Amarillo,312.0
F3524824,261,15:23,18:00,2 hours 37 minutes,2022-03-07,Minneapolis,Dallas,852.0
F3537564,397,12:45,15:15,2 hours 30 minutes,2022-03-07,Minneapolis,Dallas,852.0
F3539681,400,18:32,21:10,2 hours 38 minutes,2022-03-07,Minneapolis,Dallas,852.0
F3548305,324,07:31,10:15,2 hours 44 minutes,2022-03-07,Minneapolis,Dallas,852.0
F3716456,234,06:22,09:01,2 hours 39 minutes,2022-03-07,Minneapolis,Dallas,852.0
F3719465,400,15:18,17:52,2 hours 34 minutes,2022-03-07,Minneapolis,Dallas,852.0
F3727190,210,10:08,12:36,2 hours 28 minutes,2022-03-07,Minneapolis,Dallas,852.0
F3737251,207,11:44,13:40,1 hours 56 minutes,2022-03-03,San Jose,Seattle,696.0
F3737356,249,17:17,19:20,2 hours 3 minutes,2022-03-03,San Jose,Seattle,696.0
F3737391,163,06:12,08:28,2 hours 16 minutes,2022-03-03,San Jose,Seattle,696.0
F3737452,256,19:18,21:17,1 hours 59 minutes,2022-03-03,San Jose,Seattle,696.0
F3737463,292,13:45,16:00,2 hours 15 minutes,2022-03-03,San Jose,Seattle,696.0
F3737674,309,12:23,14:21,1 hours 58 minutes,2022-03-03,San Jose,Seattle,696.0
F3846393,267,14:00,16:03,2 hours 3 minutes,2022-03-03,San Jose,Seattle,696.0
F3848265,214,18:05,20:08,2 hours 3 minutes,2022-03-03,San Jose,Seattle,696.0
F3848352,303,10:19,12:22,2 hours 3 minutes,2022-03-03,San Jose,Seattle,696.0
F3848816,157,06:50,08:46,1 hours 56 minutes,2022-03-03,San Jose,Seattle,696.0
F3858888,319,08:25,10:35,2 hours 10 minutes,2022-03-03,San Jose,Seattle,696.0
F3967083,296,15:09,16:58,1 hours 49 minutes,2022-03-03,San Jose,Seattle,696.0
F3967084,225,19:21,21:20,1 hours 59 minutes,2022-03-03,San Jose,Seattle,696.0
F3859370,23,14:54,15:43,0 hours 49 minutes,2022-03-05,Seattle,Wenatchee,99.0
F3859464,41,23:07,23:51,0 hours 44 minutes,2022-03-05,Seattle,Wenatchee,99.0
F4019203,343,11:35,13:31,1 hours 56 minutes,2022-03-09,Spokane,San Jose,742.0
F3594563,84,15:20,16:52,1 hours 32 minutes,2022-03-12,Chicago,Kansas City,403.0
F3595299,181,20:19,22:20,2 hours 1 minutes,2022-03-12,Chicago,Kansas City,403.0
F3599411,156,10:23,11:39,1 hours 16 minutes,2022-03-12,Chicago,Kansas City,403.0
F3665943,199,17:33,18:52,1 hours 19 minutes,2022-03-12,Chicago,Kansas City,403.0
F3852881,163,13:39,15:13,1 hours 34 minutes,2022-03-12,Chicago,Kansas City,403.0
F3949092,189,23:47,01:12,1 hours 25 minutes,2022-03-12,Chicago,Kansas City,405.0
F3949093,195,16:52,18:02,1 hours 10 minutes,2022-03-12,Chicago,Kansas City,405.0
F3949094,132,12:58,14:10,1 hours 12 minutes,2022-03-12,Chicago,Kansas City,405.0
F3949095,90,08:44,09:58,1 hours 14 minutes,2022-03-12,Chicago,Kansas City,405.0
F4042705,138,20:09,21:34,1 hours 25 minutes,2022-03-12,Chicago,Kansas City,403.0
F4072992,198,15:38,17:03,1 hours 25 minutes,2022-03-12,Chicago,Kansas City,403.0
F4073049,171,08:50,10:10,1 hours 20 minutes,2022-03-12,Chicago,Kansas City,403.0
F3847556,92,08:07,09:08,1 hours 1 minutes,2022-03-15,Bemidji,Minneapolis,199.0
F3847558,68,17:52,18:34,0 hours 42 minutes,2022-03-15,Bemidji,Minneapolis,199.0
F3638064,47,12:41,13:33,0 hours 52 minutes,2022-03-17,Minneapolis,Duluth,144.0
F3640432,53,08:57,09:56,0 hours 59 minutes,2022-03-17,Minneapolis,Duluth,144.0
F3656279,46,10:26,11:17,0 hours 51 minutes,2022-03-17,Minneapolis,Duluth,144.0
F3844581,43,19:56,20:43,0 hours 47 minutes,2022-03-17,Minneapolis,Duluth,144.0
F3844678,31,15:42,16:25,0 hours 43 minutes,2022-03-17,Minneapolis,Duluth,144.0
F3510243,995,17:00,19:37,5 hours 37 minutes,2022-03-05,Raleigh,Los Angeles,2239.0
F3720016,895,08:27,11:07,5 hours 40 minutes,2022-03-05,Raleigh,Los Angeles,2239.0
F3886758,525,09:16,17:04,4 hours 48 minutes,2022-03-11,San Francisco,Raleigh,2400.0
F3521350,217,12:36,13:57,1 hours 21 minutes,2022-03-25,Atlanta,Columbus,447.0
F3521627,133,10:11,11:42,1 hours 31 minutes,2022-03-25,Atlanta,Columbus,447.0
F3535351,190,18:58,20:22,1 hours 24 minutes,2022-03-25,Atlanta,Columbus,447.0
F3549195,94,15:42,17:02,1 hours 20 minutes,2022-03-25,Atlanta,Columbus,447.0
F3550137,166,23:07,00:40,1 hours 33 minutes,2022-03-25,Atlanta,Columbus,447.0
F3550320,117,07:14,08:43,1 hours 29 minutes,2022-03-25,Atlanta,Columbus,447.0
F3638544,20,21:14,21:53,0 hours 39 minutes,2022-03-25,Atlanta,Columbus,83.0
F3643238,100,15:17,15:20,1 hours 3 minutes,2022-03-25,Atlanta,Columbus,241.0
F3643623,49,22:20,22:21,1 hours 1 minutes,2022-03-25,Atlanta,Columbus,241.0
F3644005,118,11:03,11:11,1 hours 8 minutes,2022-03-25,Atlanta,Columbus,241.0
F3646058,17,15:15,15:56,0 hours 41 minutes,2022-03-25,Atlanta,Columbus,83.0
F3654796,35,10:55,11:32,0 hours 37 minutes,2022-03-25,Atlanta,Columbus,83.0
F4011929,196,20:25,21:48,1 hours 23 minutes,2022-03-25,Atlanta,Columbus,447.0
F4011930,216,08:18,09:39,1 hours 21 minutes,2022-03-25,Atlanta,Columbus,447.0
F3594152,342,15:00,18:37,2 hours 37 minutes,2022-03-18,Dallas,Charleston,987.0
F3606925,441,10:14,13:46,2 hours 32 minutes,2022-03-18,Dallas,Charleston,987.0
F3717265,407,20:52,00:05,2 hours 13 minutes,2022-03-18,Dallas,Charleston,987.0
F4026573,365,17:08,20:26,2 hours 18 minutes,2022-03-18,Dallas,Charleston,977.0
F3591505,222,07:17,09:02,2 hours 45 minutes,2022-03-24,Greer,Dallas,862.0
F3601126,238,18:15,19:49,2 hours 34 minutes,2022-03-24,Greer,Dallas,862.0
F3602781,393,14:14,15:40,2 hours 26 minutes,2022-03-24,Greer,Dallas,862.0
F3809769,386,06:34,07:49,2 hours 15 minutes,2022-03-16,Cincinnati,Houston,871.0
F4004453,250,12:16,13:42,2 hours 26 minutes,2022-03-16,Cincinnati,Houston,886.0
F4039580,283,18:20,19:35,2 hours 15 minutes,2022-03-16,Cincinnati,Houston,871.0
F3907844,92,12:13,13:12,0 hours 59 minutes,2022-03-18,Houston,San Antonio,191.0
F3908347,67,16:20,17:14,0 hours 54 minutes,2022-03-18,Houston,San Antonio,191.0
F3908364,73,20:26,21:41,1 hours 15 minutes,2022-03-18,Houston,San Antonio,191.0
F3908404,88,14:31,15:29,0 hours 58 minutes,2022-03-18,Houston,San Antonio,191.0
F4027238,60,15:17,16:10,0 hours 53 minutes,2022-03-18,Houston,San Antonio,192.0
F4027239,61,08:33,09:34,1 hours 1 minutes,2022-03-18,Houston,San Antonio,192.0
F4027240,84,21:20,22:10,0 hours 50 minutes,2022-03-18,Houston,San Antonio,192.0
F4027241,62,13:43,14:40,0 hours 57 minutes,2022-03-18,Houston,San Antonio,192.0
F4027242,45,22:53,23:45,0 hours 52 minutes,2022-03-18,Houston,San Antonio,192.0
F4038446,47,10:19,11:53,1 hours 34 minutes,2022-03-18,Houston,San Antonio,191.0
F4039784,51,18:20,19:29,1 hours 9 minutes,2022-03-18,Houston,San Antonio,191.0
F3672482,57,09:04,10:15,1 hours 11 minutes,2022-03-20,San Antonio,Dallas,247.0
F3676397,90,10:40,11:48,1 hours 8 minutes,2022-03-20,San Antonio,Dallas,247.0
F3676455,74,18:44,19:50,1 hours 6 minutes,2022-03-20,San Antonio,Dallas,247.0
F3677149,113,07:55,09:04,1 hours 9 minutes,2022-03-20,San Antonio,Dallas,247.0
F3694823,78,12:16,13:26,1 hours 10 minutes,2022-03-20,San Antonio,Dallas,247.0
F3694951,110,16:43,17:49,1 hours 6 minutes,2022-03-20,San Antonio,Dallas,247.0
F3694998,74,20:17,21:24,1 hours 7 minutes,2022-03-20,San Antonio,Dallas,247.0
F3705072,112,07:01,08:13,1 hours 12 minutes,2022-03-20,San Antonio,Dallas,247.0
F3711637,52,04:55,06:06,1 hours 11 minutes,2022-03-20,San Antonio,Dallas,247.0
F3721234,99,05:57,07:01,1 hours 4 minutes,2022-03-20,San Antonio,Dallas,247.0
F3727710,94,14:33,15:45,1 hours 12 minutes,2022-03-20,San Antonio,Dallas,247.0
F3954546,123,20:19,21:34,1 hours 15 minutes,2022-03-20,San Antonio,Dallas,247.0
F3954547,61,15:42,16:41,0 hours 59 minutes,2022-03-20,San Antonio,Dallas,247.0
F3954548,110,07:47,08:43,0 hours 56 minutes,2022-03-20,San Antonio,Dallas,247.0
F3954549,51,18:06,19:07,1 hours 1 minutes,2022-03-20,San Antonio,Dallas,247.0
F3954550,84,10:28,11:26,0 hours 58 minutes,2022-03-20,San Antonio,Dallas,247.0
F3954551,71,22:18,23:15,0 hours 57 minutes,2022-03-20,San Antonio,Dallas,247.0
F3954552,53,11:58,13:20,1 hours 22 minutes,2022-03-20,San Antonio,Dallas,247.0
F3954553,55,05:44,06:39,0 hours 55 minutes,2022-03-20,San Antonio,Dallas,247.0
F3591239,258,18:35,21:49,2 hours 14 minutes,2022-03-22,Dallas,Cincinnati,812.0
F3727772,216,11:43,14:45,2 hours 2 minutes,2022-03-22,Dallas,Cincinnati,812.0
F3617551,215,10:46,13:28,2 hours 42 minutes,2022-03-11,Latrobe,Fort Myers,956.0
F3629008,287,19:34,21:53,2 hours 19 minutes,2022-03-17,Orlando,Latrobe,823.0
F3801296,33,11:47,12:45,0 hours 58 minutes,2022-03-23,Yuma,Phoenix,160.0
F4044239,52,08:53,09:39,0 hours 46 minutes,2022-03-23,Yuma,Phoenix,160.0
F4047025,57,16:25,17:15,0 hours 50 minutes,2022-03-23,Yuma,Phoenix,160.0
F4047279,67,05:28,06:29,1 hours 1 minutes,2022-03-23,Yuma,Phoenix,160.0
F3674437,107,19:39,21:46,1 hours 7 minutes,2022-03-25,Phoenix,Albuquerque,328.0
F3713774,101,21:43,23:53,1 hours 10 minutes,2022-03-25,Phoenix,Albuquerque,328.0
F4014470,89,08:14,10:20,1 hours 6 minutes,2022-03-25,Phoenix,Albuquerque,328.0
F4014471,75,11:17,13:17,1 hours 0 minutes,2022-03-25,Phoenix,Albuquerque,328.0
F4014472,86,17:35,19:35,1 hours 0 minutes,2022-03-25,Phoenix,Albuquerque,328.0
F4043738,83,15:58,18:26,1 hours 28 minutes,2022-03-25,Phoenix,Albuquerque,328.0
F4045834,98,09:15,11:29,1 hours 14 minutes,2022-03-25,Phoenix,Albuquerque,328.0
F3632154,98,07:29,08:40,1 hours 11 minutes,2022-03-04,Norfolk,Philadelphia,212.0
F3732325,45,17:20,18:53,1 hours 33 minutes,2022-03-04,Norfolk,Philadelphia,212.0
F3732452,75,11:35,12:49,1 hours 14 minutes,2022-03-04,Norfolk,Philadelphia,212.0
F3796820,83,08:55,10:05,1 hours 10 minutes,2022-03-04,Norfolk,Philadelphia,212.0
F3734032,55,09:22,10:33,1 hours 11 minutes,2022-03-06,Philadelphia,State College,153.0
F3735153,30,15:13,16:08,0 hours 55 minutes,2022-03-06,Philadelphia,State College,153.0
F3847659,56,08:05,08:55,0 hours 50 minutes,2022-03-16,Bemidji,Minneapolis,199.0
F3847660,70,17:50,18:42,0 hours 52 minutes,2022-03-16,Bemidji,Minneapolis,199.0
F3638065,30,12:58,13:47,0 hours 49 minutes,2022-03-18,Minneapolis,Duluth,144.0
F3640433,30,09:00,09:43,0 hours 43 minutes,2022-03-18,Minneapolis,Duluth,144.0
F3656280,31,10:27,11:23,0 hours 56 minutes,2022-03-18,Minneapolis,Duluth,144.0
F3835854,30,19:54,20:42,0 hours 48 minutes,2022-03-18,Minneapolis,Duluth,144.0
F3835951,54,15:59,16:42,0 hours 43 minutes,2022-03-18,Minneapolis,Duluth,144.0
F3590727,64,12:31,13:24,0 hours 53 minutes,2022-03-29,Abilene,Dallas,158.0
F3592502,59,08:14,09:25,1 hours 11 minutes,2022-03-29,Abilene,Dallas,158.0
F3592945,56,06:31,07:34,1 hours 3 minutes,2022-03-29,Abilene,Dallas,158.0
F3609312,62,15:55,16:50,0 hours 55 minutes,2022-03-29,Abilene,Dallas,158.0
F3799086,281,10:46,11:14,2 hours 28 minutes,2022-03-31,Dallas,Flagstaff,853.0
F3925772,179,17:26,18:25,1 hours 59 minutes,2022-03-16,Asheville,Chicago,536.0
F3925786,149,06:52,07:57,2 hours 5 minutes,2022-03-16,Asheville,Chicago,536.0
F3746082,435,14:04,15:13,3 hours 9 minutes,2022-03-18,Austin,San Diego,1164.0
F3746165,263,06:38,07:57,3 hours 19 minutes,2022-03-18,Austin,San Diego,1164.0
F3818306,384,19:04,20:16,3 hours 12 minutes,2022-03-18,Austin,San Diego,1164.0
F4026048,384,13:40,14:41,3 hours 1 minutes,2022-03-18,Austin,San Diego,1164.0
F4026049,365,06:36,07:41,3 hours 5 minutes,2022-03-18,Austin,San Diego,1164.0
F4026050,405,22:01,23:04,3 hours 3 minutes,2022-03-18,Austin,San Diego,1164.0
F4026051,364,16:07,17:09,3 hours 2 minutes,2022-03-18,Austin,San Diego,1164.0
F3810641,40,10:54,11:50,0 hours 56 minutes,2022-03-20,San Diego,Los Angeles,109.0
F3810665,46,06:33,07:29,0 hours 56 minutes,2022-03-20,San Diego,Los Angeles,109.0
F3845913,21,06:14,07:23,1 hours 9 minutes,2022-03-20,San Diego,Los Angeles,109.0
F3748567,163,07:54,09:22,1 hours 28 minutes,2022-03-22,Los Angeles,San Francisco,337.0
F3748570,72,19:47,21:00,1 hours 13 minutes,2022-03-22,Los Angeles,San Francisco,337.0
F3769696,83,17:35,18:46,1 hours 11 minutes,2022-03-22,Los Angeles,San Francisco,337.0
F3801036,85,08:55,10:11,1 hours 16 minutes,2022-03-22,Los Angeles,San Francisco,337.0
F3801047,77,17:06,18:21,1 hours 15 minutes,2022-03-22,Los Angeles,San Francisco,337.0
F3805389,114,15:11,16:27,1 hours 16 minutes,2022-03-22,Los Angeles,San Francisco,337.0
F3805447,108,08:12,09:29,1 hours 17 minutes,2022-03-22,Los Angeles,San Francisco,337.0
F3805479,165,21:44,22:55,1 hours 11 minutes,2022-03-22,Los Angeles,San Francisco,337.0
F3805500,145,06:12,07:21,1 hours 9 minutes,2022-03-22,Los Angeles,San Francisco,337.0
F3805519,77,10:52,12:07,1 hours 15 minutes,2022-03-22,Los Angeles,San Francisco,337.0
F3805728,118,17:49,19:01,1 hours 12 minutes,2022-03-22,Los Angeles,San Francisco,337.0
F3805863,144,13:11,14:24,1 hours 13 minutes,2022-03-22,Los Angeles,San Francisco,337.0
F3813487,150,20:10,21:24,1 hours 14 minutes,2022-03-22,Los Angeles,San Francisco,337.0
F3819667,79,06:01,07:23,1 hours 22 minutes,2022-03-22,Los Angeles,San Francisco,337.0
F3819678,165,21:02,22:44,1 hours 42 minutes,2022-03-22,Los Angeles,San Francisco,337.0
F3819772,78,09:59,11:18,1 hours 19 minutes,2022-03-22,Los Angeles,San Francisco,337.0
F3819775,148,22:26,23:41,1 hours 15 minutes,2022-03-22,Los Angeles,San Francisco,337.0
F3819789,135,17:10,18:29,1 hours 19 minutes,2022-03-22,Los Angeles,San Francisco,337.0
F3819829,137,12:59,14:17,1 hours 18 minutes,2022-03-22,Los Angeles,San Francisco,337.0
F3894650,143,16:37,17:47,1 hours 10 minutes,2022-03-22,Los Angeles,San Francisco,337.0
F3894985,150,13:39,14:52,1 hours 13 minutes,2022-03-22,Los Angeles,San Francisco,337.0
F3895061,135,08:07,09:26,1 hours 19 minutes,2022-03-22,Los Angeles,San Francisco,337.0
F3895064,92,05:58,07:12,1 hours 14 minutes,2022-03-22,Los Angeles,San Francisco,337.0
F3895238,91,10:34,11:50,1 hours 16 minutes,2022-03-22,Los Angeles,San Francisco,337.0
F3895423,158,22:48,00:01,1 hours 13 minutes,2022-03-22,Los Angeles,San Francisco,337.0
F3895802,80,20:29,21:45,1 hours 16 minutes,2022-03-22,Los Angeles,San Francisco,337.0
F3983086,71,17:38,18:41,1 hours 3 minutes,2022-03-22,Los Angeles,San Francisco,337.0
F3983087,141,12:44,13:50,1 hours 6 minutes,2022-03-22,Los Angeles,San Francisco,337.0
F3983088,118,21:28,22:33,1 hours 5 minutes,2022-03-22,Los Angeles,San Francisco,337.0
F3820236,572,08:29,13:51,3 hours 22 minutes,2022-03-24,San Francisco,Austin,1504.0
F3820296,440,18:27,00:08,3 hours 41 minutes,2022-03-24,San Francisco,Austin,1504.0
F3820358,501,23:29,04:58,3 hours 29 minutes,2022-03-24,San Francisco,Austin,1504.0
F3820363,519,14:12,19:28,3 hours 16 minutes,2022-03-24,San Francisco,Austin,1504.0
F3884639,482,18:27,23:52,3 hours 25 minutes,2022-03-24,San Francisco,Austin,1504.0
F3885134,385,08:56,14:29,3 hours 33 minutes,2022-03-24,San Francisco,Austin,1504.0
F3885154,625,12:59,18:27,3 hours 28 minutes,2022-03-24,San Francisco,Austin,1504.0
F3562045,352,07:16,09:55,2 hours 39 minutes,2022-03-11,Fort Myers,Buffalo,1144.0
F3494419,309,20:31,23:24,2 hours 53 minutes,2022-03-17,New York,Fort Myers,1080.0
F3533571,519,16:39,20:09,3 hours 30 minutes,2022-03-17,New York,Fort Myers,1080.0
F3539536,536,07:44,10:56,3 hours 12 minutes,2022-03-17,New York,Fort Myers,1074.0
F3553840,516,13:25,16:16,2 hours 51 minutes,2022-03-17,New York,Fort Myers,1080.0
F3761312,417,13:19,16:10,2 hours 51 minutes,2022-03-17,New York,Fort Myers,1074.0
F3765765,269,15:40,19:00,3 hours 20 minutes,2022-03-17,New York,Fort Myers,1074.0
F3766744,394,07:00,10:11,3 hours 11 minutes,2022-03-17,New York,Fort Myers,1074.0
F3766747,483,17:57,22:01,4 hours 4 minutes,2022-03-17,New York,Fort Myers,1080.0
F3768869,293,23:38,02:20,2 hours 42 minutes,2022-03-17,New York,Fort Myers,1074.0
F3770000,303,07:09,10:52,3 hours 43 minutes,2022-03-17,New York,Fort Myers,1080.0
F3561687,105,11:11,11:28,1 hours 17 minutes,2022-03-10,Phoenix,San Diego,304.0
F3662522,68,18:00,18:30,1 hours 30 minutes,2022-03-10,Phoenix,San Diego,304.0
F3680291,86,21:36,21:46,1 hours 10 minutes,2022-03-10,Phoenix,San Diego,304.0
F3694381,100,08:30,08:48,1 hours 18 minutes,2022-03-10,Phoenix,San Diego,304.0
F3694474,72,14:40,14:46,1 hours 6 minutes,2022-03-10,Phoenix,San Diego,304.0
F3696839,151,11:13,11:29,1 hours 16 minutes,2022-03-10,Phoenix,San Diego,304.0
F3942872,112,18:47,18:51,1 hours 4 minutes,2022-03-10,Phoenix,San Diego,304.0
F3942873,86,20:28,20:26,0 hours 58 minutes,2022-03-10,Phoenix,San Diego,304.0
F3942874,128,15:41,15:46,1 hours 5 minutes,2022-03-10,Phoenix,San Diego,304.0
F3942875,132,23:31,23:26,0 hours 55 minutes,2022-03-10,Phoenix,San Diego,304.0
F3942876,93,07:57,08:04,1 hours 7 minutes,2022-03-10,Phoenix,San Diego,304.0
F3942877,89,09:13,09:18,1 hours 5 minutes,2022-03-10,Phoenix,San Diego,304.0
F3942878,117,13:14,13:35,1 hours 21 minutes,2022-03-10,Phoenix,San Diego,304.0
F3942879,127,17:36,17:38,1 hours 2 minutes,2022-03-10,Phoenix,San Diego,304.0
F3942880,140,10:27,10:36,1 hours 9 minutes,2022-03-10,Phoenix,San Diego,304.0
F3691463,221,05:58,07:52,1 hours 54 minutes,2022-03-16,Sacramento,Phoenix,647.0
F3693760,288,16:37,18:20,1 hours 43 minutes,2022-03-16,Sacramento,Phoenix,647.0
F3696542,292,09:59,11:48,1 hours 49 minutes,2022-03-16,Sacramento,Phoenix,647.0
F4006874,129,13:55,15:35,1 hours 40 minutes,2022-03-16,Sacramento,Phoenix,647.0
F4006875,229,05:14,06:53,1 hours 39 minutes,2022-03-16,Sacramento,Phoenix,647.0
F4006876,292,07:52,09:29,1 hours 37 minutes,2022-03-16,Sacramento,Phoenix,647.0
F4006877,248,11:24,13:10,1 hours 46 minutes,2022-03-16,Sacramento,Phoenix,647.0
F4006878,145,17:46,19:20,1 hours 34 minutes,2022-03-16,Sacramento,Phoenix,647.0
F3666943,173,10:44,12:10,1 hours 26 minutes,2022-03-01,Indianapolis,Charlotte,427.0
F3669680,113,05:56,07:31,1 hours 35 minutes,2022-03-01,Indianapolis,Charlotte,427.0
F3699013,146,08:08,09:48,1 hours 40 minutes,2022-03-01,Indianapolis,Charlotte,427.0
F3790723,102,15:33,17:12,1 hours 39 minutes,2022-03-01,Indianapolis,Charlotte,427.0
F3632060,25,11:11,12:02,0 hours 51 minutes,2022-03-03,Charlotte,Asheville,91.0
F3632297,26,17:58,18:58,1 hours 0 minutes,2022-03-03,Charlotte,Asheville,91.0
F3783581,40,07:19,08:01,0 hours 42 minutes,2022-03-03,Charlotte,Asheville,91.0
F3791332,40,20:35,21:34,0 hours 59 minutes,2022-03-03,Charlotte,Asheville,91.0
F3792661,34,16:43,17:38,0 hours 55 minutes,2022-03-03,Charlotte,Asheville,91.0
F3794805,37,22:42,23:31,0 hours 49 minutes,2022-03-03,Charlotte,Asheville,91.0
F4065063,139,12:18,14:25,2 hours 7 minutes,2022-03-12,Boston,Pittsburgh,496.0
F3660210,93,13:59,15:11,1 hours 12 minutes,2022-03-18,Philadelphia,Boston,280.0
F3684143,88,09:30,10:39,1 hours 9 minutes,2022-03-18,Philadelphia,Boston,280.0
F3691051,117,18:38,19:46,1 hours 8 minutes,2022-03-18,Philadelphia,Boston,280.0
F3691725,102,19:53,21:11,1 hours 18 minutes,2022-03-18,Philadelphia,Boston,280.0
F3701446,135,08:03,09:18,1 hours 15 minutes,2022-03-18,Philadelphia,Boston,280.0
F3701983,129,15:35,16:48,1 hours 13 minutes,2022-03-18,Philadelphia,Boston,280.0
F3702519,84,06:12,07:29,1 hours 17 minutes,2022-03-18,Philadelphia,Boston,280.0
F3702965,82,13:27,15:11,1 hours 44 minutes,2022-03-18,Philadelphia,Boston,280.0
F3711293,79,17:20,18:27,1 hours 7 minutes,2022-03-18,Philadelphia,Boston,280.0
F3758106,115,05:56,07:06,1 hours 10 minutes,2022-03-18,Philadelphia,Boston,280.0
F3761193,83,13:37,14:45,1 hours 8 minutes,2022-03-18,Philadelphia,Boston,280.0
F3761721,77,18:01,19:10,1 hours 9 minutes,2022-03-18,Philadelphia,Boston,280.0
F3762517,82,16:02,17:14,1 hours 12 minutes,2022-03-18,Philadelphia,Boston,280.0
F4066542,133,07:37,09:07,1 hours 30 minutes,2022-03-18,Philadelphia,Boston,280.0
F4066606,111,19:37,20:45,1 hours 8 minutes,2022-03-18,Philadelphia,Boston,280.0
F3828380,63,10:32,11:30,0 hours 58 minutes,2022-03-06,Houston,Austin,140.0
F3901145,48,18:03,18:52,0 hours 49 minutes,2022-03-06,Houston,Austin,140.0
F3901291,40,12:16,13:10,0 hours 54 minutes,2022-03-06,Houston,Austin,140.0
F3901348,56,20:22,21:19,0 hours 57 minutes,2022-03-06,Houston,Austin,140.0
F3901363,66,16:23,17:15,0 hours 52 minutes,2022-03-06,Houston,Austin,140.0
F3901829,61,09:24,10:08,0 hours 44 minutes,2022-03-06,Houston,Austin,140.0
F3994763,59,19:03,19:50,0 hours 47 minutes,2022-03-06,Houston,Austin,148.0
F3994764,61,00:43,01:22,0 hours 39 minutes,2022-03-06,Houston,Austin,148.0
F3994765,57,08:47,09:31,0 hours 44 minutes,2022-03-06,Houston,Austin,148.0
F3994766,72,16:31,17:18,0 hours 47 minutes,2022-03-06,Houston,Austin,148.0
F3994767,57,12:58,13:39,0 hours 41 minutes,2022-03-06,Houston,Austin,148.0
F4039883,49,14:23,15:25,1 hours 2 minutes,2022-03-06,Houston,Austin,140.0
F3728115,83,15:08,16:42,1 hours 34 minutes,2022-03-19,Lexington,Charlotte,281.0
F3735088,133,22:26,23:35,1 hours 9 minutes,2022-03-19,Lexington,Charlotte,281.0
F3735510,115,06:40,08:16,1 hours 36 minutes,2022-03-19,Lexington,Charlotte,281.0
F3794239,130,10:51,12:17,1 hours 26 minutes,2022-03-19,Lexington,Charlotte,281.0
F3851546,86,06:15,07:51,1 hours 36 minutes,2022-03-12,Escanaba,Detroit,306.0
F3638817,29,16:11,16:45,0 hours 34 minutes,2022-03-14,Detroit,Lansing,74.0
F3654624,15,22:46,23:23,0 hours 37 minutes,2022-03-14,Detroit,Lansing,74.0
F3656074,31,10:05,10:41,0 hours 36 minutes,2022-03-14,Detroit,Lansing,74.0
F3601224,206,07:11,10:11,2 hours 0 minutes,2022-03-25,Fayetteville,Charlotte,754.0
F3604449,186,18:14,21:27,2 hours 13 minutes,2022-03-25,Fayetteville,Charlotte,754.0
F3732918,30,10:55,11:51,0 hours 56 minutes,2022-03-25,Fayetteville,Charlotte,118.0
F3733140,28,08:49,09:54,1 hours 5 minutes,2022-03-25,Fayetteville,Charlotte,118.0
F3783471,40,20:02,20:57,0 hours 55 minutes,2022-03-25,Fayetteville,Charlotte,118.0
F3793917,334,11:02,14:04,2 hours 2 minutes,2022-03-25,Fayetteville,Charlotte,754.0
F3794430,46,05:20,06:15,0 hours 55 minutes,2022-03-25,Fayetteville,Charlotte,118.0
F3663730,115,22:42,23:16,1 hours 34 minutes,2022-03-27,Charlotte,Nashville,328.0
F3680744,97,08:50,09:05,1 hours 15 minutes,2022-03-27,Charlotte,Nashville,328.0
F3689688,84,13:19,13:41,1 hours 22 minutes,2022-03-27,Charlotte,Nashville,328.0
F3710741,163,20:20,20:44,1 hours 24 minutes,2022-03-27,Charlotte,Nashville,328.0
F3784786,87,16:07,16:29,1 hours 22 minutes,2022-03-27,Charlotte,Nashville,328.0
F3786815,145,07:07,07:33,1 hours 26 minutes,2022-03-27,Charlotte,Nashville,328.0
F4034410,159,16:36,17:00,1 hours 24 minutes,2022-03-27,Charlotte,Nashville,328.0
F4049781,112,11:26,12:08,1 hours 42 minutes,2022-03-27,Charlotte,Nashville,328.0
F3614669,95,18:35,20:58,1 hours 23 minutes,2022-03-13,Pensacola,Orlando,381.0
F3563839,70,21:15,22:28,1 hours 13 minutes,2022-03-15,Orlando,Miami,192.0
F3621647,81,23:12,00:21,1 hours 9 minutes,2022-03-15,Orlando,Miami,192.0
F3670393,74,17:43,18:57,1 hours 14 minutes,2022-03-15,Orlando,Miami,192.0
F3679562,65,06:05,07:03,0 hours 58 minutes,2022-03-15,Orlando,Miami,192.0
F3682989,66,15:48,17:12,1 hours 24 minutes,2022-03-15,Orlando,Miami,192.0
F3686728,41,19:17,20:28,1 hours 11 minutes,2022-03-15,Orlando,Miami,192.0
F3710892,52,09:09,10:24,1 hours 15 minutes,2022-03-15,Orlando,Miami,192.0
F3714253,52,20:49,22:15,1 hours 26 minutes,2022-03-15,Orlando,Miami,192.0
F3718018,79,20:02,21:18,1 hours 16 minutes,2022-03-15,Orlando,Miami,192.0
F3721988,82,07:13,08:18,1 hours 5 minutes,2022-03-15,Orlando,Miami,192.0
F3892037,655,06:30,09:18,5 hours 48 minutes,2022-03-07,Tampa,San Francisco,2393.0
F3893058,977,18:59,21:42,5 hours 43 minutes,2022-03-07,Tampa,San Francisco,2393.0
F3824583,45,22:49,00:05,1 hours 16 minutes,2022-03-09,San Francisco,San Luis Obispo,190.0
F3838605,49,08:13,09:11,0 hours 58 minutes,2022-03-09,San Francisco,San Luis Obispo,190.0
F3838723,89,16:31,17:35,1 hours 4 minutes,2022-03-09,San Francisco,San Luis Obispo,190.0
F3826401,77,05:57,06:49,0 hours 52 minutes,2022-03-11,San Luis Obispo,Los Angeles,156.0
F3527877,504,11:43,18:57,4 hours 14 minutes,2022-03-13,Los Angeles,Tampa,2158.0
F3532603,1075,23:02,06:10,4 hours 8 minutes,2022-03-13,Los Angeles,Tampa,2158.0
F3719103,587,12:30,19:48,4 hours 18 minutes,2022-03-13,Los Angeles,Tampa,2158.0
F3742908,605,16:11,23:21,4 hours 10 minutes,2022-03-13,Los Angeles,Tampa,2158.0
F3875914,998,23:47,07:19,4 hours 32 minutes,2022-03-13,Los Angeles,Tampa,2158.0
F3495155,304,12:10,14:14,3 hours 4 minutes,2022-03-01,Minneapolis,Boise,1142.0
F3496919,388,21:49,23:58,3 hours 9 minutes,2022-03-01,Minneapolis,Boise,1142.0
F3633898,60,20:44,21:36,0 hours 52 minutes,2022-03-05,Charlotte,Charleston,168.0
F3666462,56,18:50,19:37,0 hours 47 minutes,2022-03-05,Charlotte,Charleston,168.0
F3669848,61,22:39,23:22,0 hours 43 minutes,2022-03-05,Charlotte,Charleston,168.0
F3717407,71,08:57,09:51,0 hours 54 minutes,2022-03-05,Charlotte,Charleston,168.0
F3783348,47,16:25,17:39,1 hours 14 minutes,2022-03-05,Charlotte,Charleston,221.0
F3783633,66,07:22,08:46,1 hours 24 minutes,2022-03-05,Charlotte,Charleston,168.0
F3787082,75,14:41,15:32,0 hours 51 minutes,2022-03-05,Charlotte,Charleston,168.0
F3787111,59,12:55,14:03,1 hours 8 minutes,2022-03-05,Charlotte,Charleston,221.0
F3796363,74,16:20,17:23,1 hours 3 minutes,2022-03-05,Charlotte,Charleston,168.0
F4053506,70,11:02,12:02,1 hours 0 minutes,2022-03-05,Charlotte,Charleston,168.0
F3633379,24,16:12,17:28,1 hours 16 minutes,2022-03-11,Greer,Charlotte,75.0
F3732966,15,15:13,16:23,1 hours 10 minutes,2022-03-11,Greer,Charlotte,75.0
F3786616,35,13:19,14:12,0 hours 53 minutes,2022-03-11,Greer,Charlotte,75.0
F3786995,28,18:03,19:30,1 hours 27 minutes,2022-03-11,Greer,Charlotte,75.0
F3788030,22,10:42,11:27,0 hours 45 minutes,2022-03-11,Greer,Charlotte,75.0
F3788168,16,05:33,06:33,1 hours 0 minutes,2022-03-11,Greer,Charlotte,75.0
F3492034,296,13:27,16:34,3 hours 7 minutes,2022-03-18,Tucson,Seattle,1216.0
F3746227,360,18:33,22:12,3 hours 39 minutes,2022-03-18,Tucson,Seattle,1216.0
F3818264,275,06:54,10:27,3 hours 33 minutes,2022-03-18,Tucson,Seattle,1216.0
F3863055,25,14:23,15:07,0 hours 44 minutes,2022-03-20,Seattle,Wenatchee,99.0
F3863183,41,23:09,23:49,0 hours 40 minutes,2022-03-20,Seattle,Wenatchee,99.0
F3864190,325,10:22,13:21,2 hours 59 minutes,2022-03-24,Everett,Tucson,1241.0
F3807545,72,08:05,09:24,1 hours 19 minutes,2022-03-27,Bemidji,Minneapolis,199.0
F3807547,56,17:50,18:48,0 hours 58 minutes,2022-03-27,Bemidji,Minneapolis,199.0
F3640444,34,08:53,09:47,0 hours 54 minutes,2022-03-29,Minneapolis,Duluth,144.0
F3656291,31,10:29,11:13,0 hours 44 minutes,2022-03-29,Minneapolis,Duluth,144.0
F3852017,54,19:53,20:41,0 hours 48 minutes,2022-03-29,Minneapolis,Duluth,144.0
F3852107,34,15:40,16:20,0 hours 40 minutes,2022-03-29,Minneapolis,Duluth,144.0
F3682697,387,12:50,18:13,3 hours 23 minutes,2022-03-25,Tucson,Chicago,1437.0
F3720439,550,06:24,11:44,3 hours 20 minutes,2022-03-25,Tucson,Chicago,1437.0
F3883625,575,11:47,17:14,3 hours 27 minutes,2022-03-25,Tucson,Chicago,1437.0
F4015390,693,07:08,12:11,3 hours 3 minutes,2022-03-25,Tucson,Chicago,1440.0
F3594074,49,08:23,09:13,0 hours 50 minutes,2022-03-27,Chicago,Moline,139.0
F3594823,67,17:11,18:20,1 hours 9 minutes,2022-03-27,Chicago,Moline,139.0
F3823965,30,21:07,22:07,1 hours 0 minutes,2022-03-27,Chicago,Moline,139.0
F3919612,57,09:26,10:14,0 hours 48 minutes,2022-03-27,Chicago,Moline,139.0
F3494779,333,16:10,17:49,1 hours 39 minutes,2022-03-09,Atlanta,Buffalo,712.0
F3500653,330,22:06,23:55,1 hours 49 minutes,2022-03-09,Atlanta,Buffalo,712.0
F3782623,181,09:47,11:31,1 hours 44 minutes,2022-03-09,Atlanta,Buffalo,712.0
F3487954,199,13:38,16:03,2 hours 25 minutes,2022-03-15,New York,Atlanta,762.0
F3488097,240,11:56,14:15,2 hours 19 minutes,2022-03-15,New York,Atlanta,760.0
F3488306,338,15:52,18:15,2 hours 23 minutes,2022-03-15,New York,Atlanta,762.0
F3488377,309,18:59,21:40,2 hours 41 minutes,2022-03-15,New York,Atlanta,762.0
F3488797,320,06:52,09:14,2 hours 22 minutes,2022-03-15,New York,Atlanta,762.0
F3488828,217,14:41,17:08,2 hours 27 minutes,2022-03-15,New York,Atlanta,762.0
F3489331,267,20:56,23:13,2 hours 17 minutes,2022-03-15,New York,Atlanta,762.0
F3489450,330,12:26,14:42,2 hours 16 minutes,2022-03-15,New York,Atlanta,762.0
F3494628,214,21:17,23:41,2 hours 24 minutes,2022-03-15,New York,Atlanta,760.0
F3499345,230,11:23,14:01,2 hours 38 minutes,2022-03-15,New York,Atlanta,762.0
F3503673,312,07:53,10:11,2 hours 18 minutes,2022-03-15,New York,Atlanta,762.0
F3507738,223,18:48,21:30,2 hours 42 minutes,2022-03-15,New York,Atlanta,760.0
F3513277,275,16:33,19:09,2 hours 36 minutes,2022-03-15,New York,Atlanta,760.0
F3513551,288,08:21,10:39,2 hours 18 minutes,2022-03-15,New York,Atlanta,760.0
F3536626,266,11:17,13:38,2 hours 21 minutes,2022-03-15,New York,Atlanta,762.0
F3563953,187,10:34,12:59,2 hours 25 minutes,2022-03-15,New York,Atlanta,762.0
F3759056,207,15:43,18:28,2 hours 45 minutes,2022-03-15,New York,Atlanta,760.0
F3771615,305,05:24,07:37,2 hours 13 minutes,2022-03-15,New York,Atlanta,760.0
F3779256,299,19:57,22:22,2 hours 25 minutes,2022-03-15,New York,Atlanta,762.0
F3781227,169,16:56,19:38,2 hours 42 minutes,2022-03-15,New York,Atlanta,762.0
F3781532,241,05:55,08:06,2 hours 11 minutes,2022-03-15,New York,Atlanta,760.0
F3781794,372,09:46,11:59,2 hours 13 minutes,2022-03-15,New York,Atlanta,762.0
F3782277,206,05:55,08:15,2 hours 20 minutes,2022-03-15,New York,Atlanta,762.0
F4002127,167,17:52,20:32,2 hours 40 minutes,2022-03-15,New York,Atlanta,762.0
F4002128,360,06:43,09:04,2 hours 21 minutes,2022-03-15,New York,Atlanta,762.0
F4002129,169,15:33,18:05,2 hours 32 minutes,2022-03-15,New York,Atlanta,762.0
F4002130,214,10:30,12:51,2 hours 21 minutes,2022-03-15,New York,Atlanta,762.0
F4049614,298,21:10,23:46,2 hours 36 minutes,2022-03-15,New York,Atlanta,762.0
F4053140,288,13:55,16:41,2 hours 46 minutes,2022-03-15,New York,Atlanta,762.0
F4053580,214,12:01,14:46,2 hours 45 minutes,2022-03-15,New York,Atlanta,762.0
F4056697,295,05:57,08:40,2 hours 43 minutes,2022-03-15,New York,Atlanta,762.0
F4056860,183,08:01,10:35,2 hours 34 minutes,2022-03-15,New York,Atlanta,762.0
F4061199,203,18:00,20:46,2 hours 46 minutes,2022-03-15,New York,Atlanta,762.0
F3833129,94,08:05,09:28,1 hours 23 minutes,2022-03-09,Bemidji,Minneapolis,199.0
F3833131,60,17:57,18:58,1 hours 1 minutes,2022-03-09,Bemidji,Minneapolis,199.0
F3642719,158,06:34,09:34,2 hours 0 minutes,2022-03-19,Des Moines,Detroit,534.0
F3653926,210,14:10,16:44,1 hours 34 minutes,2022-03-19,Des Moines,Detroit,534.0
F3809480,195,08:57,11:37,1 hours 40 minutes,2022-03-03,San Francisco,Boise,522.0
F3809542,150,16:02,18:35,1 hours 33 minutes,2022-03-03,San Francisco,Boise,522.0
F3809622,198,12:56,15:35,1 hours 39 minutes,2022-03-03,San Francisco,Boise,522.0
F3809637,196,19:37,22:07,1 hours 30 minutes,2022-03-03,San Francisco,Boise,522.0
F3819092,193,17:25,19:57,1 hours 32 minutes,2022-03-03,San Francisco,Boise,522.0
F3819119,203,08:48,11:27,1 hours 39 minutes,2022-03-03,San Francisco,Boise,522.0
F3633542,89,15:06,16:23,1 hours 17 minutes,2022-03-10,Washington,Buffalo,296.0
F3791081,62,10:06,11:44,1 hours 38 minutes,2022-03-10,Washington,Buffalo,296.0
F3791370,93,21:57,23:07,1 hours 10 minutes,2022-03-10,Washington,Buffalo,296.0
F3888271,82,22:36,23:47,1 hours 11 minutes,2022-03-10,Washington,Buffalo,283.0
F4039254,134,10:55,12:05,1 hours 10 minutes,2022-03-10,Washington,Buffalo,283.0
F3784239,95,17:27,18:44,1 hours 17 minutes,2022-03-16,White Plains,Washington,234.0
F3784867,107,15:25,16:44,1 hours 19 minutes,2022-03-16,White Plains,Washington,234.0
F3786073,62,22:00,23:18,1 hours 18 minutes,2022-03-16,White Plains,Washington,234.0
F3789626,60,07:36,08:53,1 hours 17 minutes,2022-03-16,White Plains,Washington,234.0
F3797270,107,05:59,07:02,1 hours 3 minutes,2022-03-16,White Plains,Washington,234.0
F3666666,528,16:11,19:42,5 hours 31 minutes,2022-03-02,San Juan,Dallas,2165.0
F3667549,100,06:59,07:57,0 hours 58 minutes,2022-03-04,Dallas,Houston,224.0
F3677083,70,22:21,23:24,1 hours 3 minutes,2022-03-04,Dallas,Houston,224.0
F3710115,87,20:52,21:50,0 hours 58 minutes,2022-03-04,Dallas,Houston,224.0
F3710231,73,19:10,20:17,1 hours 7 minutes,2022-03-04,Dallas,Houston,224.0
F3718919,98,11:00,12:10,1 hours 10 minutes,2022-03-04,Dallas,Houston,224.0
F3719033,109,14:21,15:24,1 hours 3 minutes,2022-03-04,Dallas,Houston,224.0
F3723201,102,08:25,09:24,0 hours 59 minutes,2022-03-04,Dallas,Houston,224.0
F3723603,100,17:05,18:13,1 hours 8 minutes,2022-03-04,Dallas,Houston,224.0
F3723692,65,12:37,13:56,1 hours 19 minutes,2022-03-04,Dallas,Houston,224.0
F3824211,98,14:20,15:40,1 hours 20 minutes,2022-03-04,Dallas,Houston,224.0
F3824242,102,12:04,13:04,1 hours 0 minutes,2022-03-04,Dallas,Houston,224.0
F3904685,67,06:53,08:03,1 hours 10 minutes,2022-03-04,Dallas,Houston,224.0
F3904919,88,18:50,19:58,1 hours 8 minutes,2022-03-04,Dallas,Houston,224.0
F3905064,52,15:45,16:47,1 hours 2 minutes,2022-03-04,Dallas,Houston,224.0
F3968138,100,07:57,08:58,1 hours 1 minutes,2022-03-04,Dallas,Houston,239.0
F3968139,75,10:04,11:26,1 hours 22 minutes,2022-03-04,Dallas,Houston,239.0
F3968140,71,11:29,12:27,0 hours 58 minutes,2022-03-04,Dallas,Houston,239.0
F3968141,66,14:21,15:20,0 hours 59 minutes,2022-03-04,Dallas,Houston,239.0
F3968142,62,16:15,17:21,1 hours 6 minutes,2022-03-04,Dallas,Houston,239.0
F3968143,64,17:41,18:39,0 hours 58 minutes,2022-03-04,Dallas,Houston,239.0
F3968144,72,19:41,20:50,1 hours 9 minutes,2022-03-04,Dallas,Houston,239.0
F3968145,73,20:15,21:13,0 hours 58 minutes,2022-03-04,Dallas,Houston,239.0
F3968146,93,06:27,07:26,0 hours 59 minutes,2022-03-04,Dallas,Houston,239.0
F3968147,98,20:39,21:36,0 hours 57 minutes,2022-03-04,Dallas,Houston,216.0
F3968148,69,18:02,19:12,1 hours 10 minutes,2022-03-04,Dallas,Houston,216.0
F3968149,75,06:58,07:53,0 hours 55 minutes,2022-03-04,Dallas,Houston,216.0
F3968150,87,10:58,12:19,1 hours 21 minutes,2022-03-04,Dallas,Houston,216.0
F3968151,62,14:35,15:58,1 hours 23 minutes,2022-03-04,Dallas,Houston,216.0
F3977261,100,09:08,10:20,1 hours 12 minutes,2022-03-04,Dallas,Houston,216.0
F4039055,79,09:33,10:34,1 hours 1 minutes,2022-03-04,Dallas,Houston,224.0
F4045555,72,10:39,11:51,1 hours 12 minutes,2022-03-04,Dallas,Houston,247.0
F4046234,112,19:23,20:26,1 hours 3 minutes,2022-03-04,Dallas,Houston,247.0
F4047169,113,14:32,15:44,1 hours 12 minutes,2022-03-04,Dallas,Houston,247.0
F4047541,58,08:33,09:43,1 hours 10 minutes,2022-03-04,Dallas,Houston,247.0
F4048130,73,22:29,23:28,0 hours 59 minutes,2022-03-04,Dallas,Houston,247.0
F3828380,63,10:32,11:30,0 hours 58 minutes,2022-03-06,Houston,Austin,140.0
F3901145,48,18:03,18:52,0 hours 49 minutes,2022-03-06,Houston,Austin,140.0
F3901291,40,12:16,13:10,0 hours 54 minutes,2022-03-06,Houston,Austin,140.0
F3901348,56,20:22,21:19,0 hours 57 minutes,2022-03-06,Houston,Austin,140.0
F3901363,66,16:23,17:15,0 hours 52 minutes,2022-03-06,Houston,Austin,140.0
F3901829,61,09:24,10:08,0 hours 44 minutes,2022-03-06,Houston,Austin,140.0
F3994763,59,19:03,19:50,0 hours 47 minutes,2022-03-06,Houston,Austin,148.0
F3994764,61,00:43,01:22,0 hours 39 minutes,2022-03-06,Houston,Austin,148.0
F3994765,57,08:47,09:31,0 hours 44 minutes,2022-03-06,Houston,Austin,148.0
F3994766,72,16:31,17:18,0 hours 47 minutes,2022-03-06,Houston,Austin,148.0
F3994767,57,12:58,13:39,0 hours 41 minutes,2022-03-06,Houston,Austin,148.0
F4039883,49,14:23,15:25,1 hours 2 minutes,2022-03-06,Houston,Austin,140.0
F3692954,470,09:15,15:48,4 hours 33 minutes,2022-03-08,Austin,San Juan,2146.0
F3584379,1822,09:40,22:20,7 hours 40 minutes,2022-03-23,Honolulu,Austin,3764.0
F3596653,156,12:09,13:46,1 hours 37 minutes,2022-03-27,Corpus Christi,Dallas,354.0
F3597488,87,16:23,17:47,1 hours 24 minutes,2022-03-27,Corpus Christi,Dallas,354.0
F3597648,112,19:53,21:25,1 hours 32 minutes,2022-03-27,Corpus Christi,Dallas,354.0
F3605546,84,06:22,07:44,1 hours 22 minutes,2022-03-27,Corpus Christi,Dallas,354.0
F3608612,91,10:29,11:48,1 hours 19 minutes,2022-03-27,Corpus Christi,Dallas,354.0
F3656823,1091,11:46,15:09,8 hours 23 minutes,2022-03-29,Dallas,Honolulu,3784.0
F3657330,1358,09:02,12:06,8 hours 4 minutes,2022-03-29,Dallas,Honolulu,3784.0
F3726834,852,19:29,22:05,5 hours 36 minutes,2022-03-17,Miami,San Diego,2267.0
F3951071,133,21:16,22:36,1 hours 20 minutes,2022-03-19,San Diego,Oakland,446.0
F3951072,214,22:46,00:05,1 hours 19 minutes,2022-03-19,San Diego,Oakland,446.0
F3951073,171,19:08,20:29,1 hours 21 minutes,2022-03-19,San Diego,Oakland,446.0
F3951074,210,17:10,18:32,1 hours 22 minutes,2022-03-19,San Diego,Oakland,446.0
F3951075,205,10:35,12:02,1 hours 27 minutes,2022-03-19,San Diego,Oakland,446.0
F3951076,209,22:13,23:39,1 hours 26 minutes,2022-03-19,San Diego,Oakland,446.0
F3615008,135,07:06,08:31,1 hours 25 minutes,2022-03-21,Oakland,Los Angeles,337.0
F3830954,129,07:10,08:33,1 hours 23 minutes,2022-03-21,Oakland,Los Angeles,337.0
F3830980,126,15:57,17:14,1 hours 17 minutes,2022-03-21,Oakland,Los Angeles,337.0
F3845093,106,11:40,13:05,1 hours 25 minutes,2022-03-21,Oakland,Los Angeles,337.0
F3980269,113,09:38,10:54,1 hours 16 minutes,2022-03-21,Oakland,Los Angeles,337.0
F3980270,74,10:29,11:44,1 hours 15 minutes,2022-03-21,Oakland,Los Angeles,337.0
F3980271,160,09:16,10:19,1 hours 3 minutes,2022-03-21,Oakland,Los Angeles,337.0
F3980272,129,21:41,22:45,1 hours 4 minutes,2022-03-21,Oakland,Los Angeles,337.0
F3980273,99,14:40,15:49,1 hours 9 minutes,2022-03-21,Oakland,Los Angeles,337.0
F3980274,130,20:28,21:40,1 hours 12 minutes,2022-03-21,Oakland,Los Angeles,337.0
F3980275,161,18:40,19:47,1 hours 7 minutes,2022-03-21,Oakland,Los Angeles,337.0
F3658896,627,00:12,07:52,4 hours 40 minutes,2022-03-23,Los Angeles,Miami,2342.0
F3659477,524,22:18,05:51,4 hours 33 minutes,2022-03-23,Los Angeles,Miami,2342.0
F3663838,469,09:13,16:59,4 hours 46 minutes,2022-03-23,Los Angeles,Miami,2342.0
F3666066,1150,15:18,23:21,5 hours 3 minutes,2022-03-23,Los Angeles,Miami,2342.0
F3712087,1074,12:55,20:40,4 hours 45 minutes,2022-03-23,Los Angeles,Miami,2342.0
F3712629,497,07:11,14:48,4 hours 37 minutes,2022-03-23,Los Angeles,Miami,2342.0
F3776906,1029,11:55,19:35,4 hours 40 minutes,2022-03-23,Los Angeles,Miami,2342.0
F3859090,183,12:46,14:26,1 hours 40 minutes,2022-03-04,Sacramento,Portland,479.0
F3859113,169,09:39,11:19,1 hours 40 minutes,2022-03-04,Sacramento,Portland,479.0
F3970367,134,20:50,22:09,1 hours 19 minutes,2022-03-04,Sacramento,Portland,479.0
F3970368,147,10:13,11:36,1 hours 23 minutes,2022-03-04,Sacramento,Portland,479.0
F3859577,54,16:09,17:04,0 hours 55 minutes,2022-03-06,Portland,Medford,222.0
F3491381,116,18:54,20:01,1 hours 7 minutes,2022-03-27,Atlanta,Charleston,259.0
F3502083,87,20:50,21:55,1 hours 5 minutes,2022-03-27,Atlanta,Charleston,259.0
F3505835,103,08:27,09:36,1 hours 9 minutes,2022-03-27,Atlanta,Charleston,259.0
F3506251,123,12:06,13:05,0 hours 59 minutes,2022-03-27,Atlanta,Charleston,259.0
F3512319,127,15:12,16:21,1 hours 9 minutes,2022-03-27,Atlanta,Charleston,259.0
F3512526,121,09:57,11:17,1 hours 20 minutes,2022-03-27,Atlanta,Charleston,259.0
F3521942,90,23:57,01:06,1 hours 9 minutes,2022-03-27,Atlanta,Charleston,259.0
F3553323,95,21:41,22:50,1 hours 9 minutes,2022-03-27,Atlanta,Charleston,259.0
F3638521,142,20:50,22:11,1 hours 21 minutes,2022-03-27,Atlanta,Charleston,363.0
F3648178,150,10:08,11:25,1 hours 17 minutes,2022-03-27,Atlanta,Charleston,363.0
F3655835,174,16:16,17:40,1 hours 24 minutes,2022-03-27,Atlanta,Charleston,363.0
F3666350,64,14:25,15:29,1 hours 4 minutes,2022-03-23,Wilmington,Charlotte,185.0
F3783525,82,10:57,12:15,1 hours 18 minutes,2022-03-23,Wilmington,Charlotte,185.0
F3786899,78,16:10,17:42,1 hours 32 minutes,2022-03-23,Wilmington,Charlotte,185.0
F4053618,82,06:52,08:03,1 hours 11 minutes,2022-03-23,Wilmington,Charlotte,185.0
F3604428,221,16:20,17:41,2 hours 21 minutes,2022-03-25,Charlotte,Fayetteville,754.0
F3605849,261,21:07,22:29,2 hours 22 minutes,2022-03-25,Charlotte,Fayetteville,754.0
F3732887,53,09:17,10:21,1 hours 4 minutes,2022-03-25,Charlotte,Fayetteville,118.0
F3733117,42,07:24,08:25,1 hours 1 minutes,2022-03-25,Charlotte,Fayetteville,118.0
F3783446,34,18:34,19:22,0 hours 48 minutes,2022-03-25,Charlotte,Fayetteville,118.0
F3784173,34,22:49,23:40,0 hours 51 minutes,2022-03-25,Charlotte,Fayetteville,118.0
F3793892,250,08:54,10:11,2 hours 17 minutes,2022-03-25,Charlotte,Fayetteville,754.0
F3861743,129,12:29,14:11,1 hours 42 minutes,2022-03-15,Sacramento,Portland,479.0
F3861763,232,09:41,11:18,1 hours 37 minutes,2022-03-15,Sacramento,Portland,479.0
F4003505,138,14:25,15:52,1 hours 27 minutes,2022-03-15,Sacramento,Portland,479.0
F4003506,127,08:05,09:29,1 hours 24 minutes,2022-03-15,Sacramento,Portland,479.0
F4003507,184,20:10,21:31,1 hours 21 minutes,2022-03-15,Sacramento,Portland,479.0
F3862148,89,07:17,08:20,1 hours 3 minutes,2022-03-17,Portland,Medford,222.0
F3862190,76,17:35,18:51,1 hours 16 minutes,2022-03-17,Portland,Medford,222.0
F3803646,67,12:52,14:00,1 hours 8 minutes,2022-03-06,Yuma,Phoenix,160.0
F4044222,35,09:44,10:57,1 hours 13 minutes,2022-03-06,Yuma,Phoenix,160.0
F4047008,35,18:18,19:12,0 hours 54 minutes,2022-03-06,Yuma,Phoenix,160.0
F4047262,77,06:23,07:22,0 hours 59 minutes,2022-03-06,Yuma,Phoenix,160.0
F3934637,94,16:04,16:54,1 hours 50 minutes,2022-03-01,Erie,Chicago,398.0
F3499972,188,07:58,09:01,2 hours 3 minutes,2022-03-28,Salt Lake City,San Diego,626.0
F3523827,165,11:38,13:04,2 hours 26 minutes,2022-03-28,Salt Lake City,San Diego,626.0
F3539491,274,22:41,23:41,2 hours 0 minutes,2022-03-28,Salt Lake City,San Diego,626.0
F3551197,225,17:30,18:28,1 hours 58 minutes,2022-03-28,Salt Lake City,San Diego,626.0
F3554517,246,17:55,18:49,1 hours 54 minutes,2022-03-28,Salt Lake City,San Diego,626.0
F3820416,283,08:34,10:11,2 hours 37 minutes,2022-03-28,Salt Lake City,San Diego,626.0
F3959515,155,12:40,13:55,2 hours 15 minutes,2022-03-28,Salt Lake City,San Diego,626.0
F3494306,261,13:04,14:54,1 hours 50 minutes,2022-03-06,Seattle,San Francisco,679.0
F3523885,250,21:18,23:06,1 hours 48 minutes,2022-03-06,Seattle,San Francisco,679.0
F3738972,176,20:23,22:15,1 hours 52 minutes,2022-03-06,Seattle,San Francisco,679.0
F3738988,248,10:38,12:36,1 hours 58 minutes,2022-03-06,Seattle,San Francisco,679.0
F3739211,249,07:59,09:57,1 hours 58 minutes,2022-03-06,Seattle,San Francisco,679.0
F3739360,153,17:33,19:35,2 hours 2 minutes,2022-03-06,Seattle,San Francisco,679.0
F3739371,323,15:30,17:28,1 hours 58 minutes,2022-03-06,Seattle,San Francisco,679.0
F3739410,287,12:59,14:58,1 hours 59 minutes,2022-03-06,Seattle,San Francisco,679.0
F3816227,169,21:57,23:49,1 hours 52 minutes,2022-03-06,Seattle,San Francisco,679.0
F3829381,190,13:35,15:50,2 hours 15 minutes,2022-03-06,Seattle,San Francisco,679.0
F3831215,285,07:30,09:36,2 hours 6 minutes,2022-03-06,Seattle,San Francisco,679.0
F3835218,235,17:10,19:03,1 hours 53 minutes,2022-03-06,Seattle,San Francisco,679.0
F3900611,322,09:43,11:39,1 hours 56 minutes,2022-03-06,Seattle,San Francisco,679.0
F3900931,266,16:13,17:56,1 hours 43 minutes,2022-03-06,Seattle,San Francisco,679.0
F3901568,285,19:38,21:28,1 hours 50 minutes,2022-03-06,Seattle,San Francisco,679.0
F3500509,151,06:06,08:15,2 hours 9 minutes,2022-03-08,San Francisco,Seattle,679.0
F3740144,158,07:50,09:56,2 hours 6 minutes,2022-03-08,San Francisco,Seattle,679.0
F3740157,150,13:00,15:14,2 hours 14 minutes,2022-03-08,San Francisco,Seattle,679.0
F3740171,335,21:26,23:33,2 hours 7 minutes,2022-03-08,San Francisco,Seattle,679.0
F3740504,191,05:55,08:27,2 hours 32 minutes,2022-03-08,San Francisco,Seattle,679.0
F3740526,223,10:37,12:46,2 hours 9 minutes,2022-03-08,San Francisco,Seattle,679.0
F3740527,149,18:24,20:38,2 hours 14 minutes,2022-03-08,San Francisco,Seattle,679.0
F3740541,152,16:23,18:44,2 hours 21 minutes,2022-03-08,San Francisco,Seattle,679.0
F3740574,166,20:17,22:26,2 hours 9 minutes,2022-03-08,San Francisco,Seattle,679.0
F3740578,222,13:42,15:43,2 hours 1 minutes,2022-03-08,San Francisco,Seattle,679.0
F3781849,193,14:38,16:43,2 hours 5 minutes,2022-03-08,San Francisco,Seattle,679.0
F3805979,190,10:39,12:58,2 hours 19 minutes,2022-03-08,San Francisco,Seattle,679.0
F3828792,308,18:11,20:51,2 hours 40 minutes,2022-03-08,San Francisco,Seattle,679.0
F3890421,267,08:32,10:51,2 hours 19 minutes,2022-03-08,San Francisco,Seattle,679.0
F3890495,239,18:53,21:06,2 hours 13 minutes,2022-03-08,San Francisco,Seattle,679.0
F3890596,232,10:38,12:51,2 hours 13 minutes,2022-03-08,San Francisco,Seattle,679.0
F3891753,254,13:00,15:15,2 hours 15 minutes,2022-03-08,San Francisco,Seattle,679.0
F3891820,333,16:22,18:33,2 hours 11 minutes,2022-03-08,San Francisco,Seattle,679.0
F3613936,436,06:00,08:42,3 hours 42 minutes,2022-03-09,Milwaukee,Phoenix,1460.0
F3662141,395,06:44,09:34,3 hours 50 minutes,2022-03-09,Milwaukee,Phoenix,1460.0
F4020080,492,06:14,09:03,3 hours 49 minutes,2022-03-09,Milwaukee,Phoenix,1460.0
F4020081,397,10:36,13:22,3 hours 46 minutes,2022-03-09,Milwaukee,Phoenix,1460.0
F4020082,620,17:32,20:18,3 hours 46 minutes,2022-03-09,Milwaukee,Phoenix,1460.0
F3613907,575,10:06,14:21,3 hours 15 minutes,2022-03-11,Phoenix,Milwaukee,1460.0
F3683492,483,20:29,00:49,3 hours 20 minutes,2022-03-11,Phoenix,Milwaukee,1460.0
F3946354,434,09:39,13:48,3 hours 9 minutes,2022-03-11,Phoenix,Milwaukee,1460.0
F3946355,524,21:21,01:45,3 hours 24 minutes,2022-03-11,Phoenix,Milwaukee,1460.0
F3946356,382,16:34,20:54,3 hours 20 minutes,2022-03-11,Phoenix,Milwaukee,1460.0
F3878799,409,06:02,09:28,2 hours 26 minutes,2022-03-11,Kansas City,Newark,1092.0
F4072793,222,13:07,16:53,2 hours 46 minutes,2022-03-11,Kansas City,Newark,1092.0
F3876379,394,21:20,23:36,3 hours 16 minutes,2022-03-13,Newark,Kansas City,1092.0
F4073096,488,12:48,14:58,3 hours 10 minutes,2022-03-13,Newark,Kansas City,1092.0
F3668346,168,14:26,15:56,1 hours 30 minutes,2022-03-19,Boston,Washington,399.0
F3708386,150,09:26,10:59,1 hours 33 minutes,2022-03-19,Boston,Washington,399.0
F3708522,101,11:52,13:27,1 hours 35 minutes,2022-03-19,Boston,Washington,399.0
F3708843,128,17:35,19:18,1 hours 43 minutes,2022-03-19,Boston,Washington,399.0
F3709247,187,05:52,07:17,1 hours 25 minutes,2022-03-19,Boston,Washington,399.0
F3754995,141,07:02,08:34,1 hours 32 minutes,2022-03-19,Boston,Washington,399.0
F3755114,121,18:03,19:48,1 hours 45 minutes,2022-03-19,Boston,Washington,399.0
F3755372,153,08:50,10:19,1 hours 29 minutes,2022-03-19,Boston,Washington,399.0
F3757013,160,07:38,09:08,1 hours 30 minutes,2022-03-19,Boston,Washington,399.0
F3758107,178,18:58,21:06,2 hours 8 minutes,2022-03-19,Boston,Washington,399.0
F3758108,101,13:00,14:36,1 hours 36 minutes,2022-03-19,Boston,Washington,399.0
F3758528,135,20:14,21:58,1 hours 44 minutes,2022-03-19,Boston,Washington,399.0
F3761196,156,10:51,12:23,1 hours 32 minutes,2022-03-19,Boston,Washington,399.0
F3762526,165,16:29,18:10,1 hours 41 minutes,2022-03-19,Boston,Washington,399.0
F3762675,182,16:52,18:25,1 hours 33 minutes,2022-03-19,Boston,Washington,399.0
F3762956,130,16:08,17:51,1 hours 43 minutes,2022-03-19,Boston,Washington,399.0
F3899858,114,20:05,21:46,1 hours 41 minutes,2022-03-19,Boston,Washington,413.0
F3907116,149,18:03,19:44,1 hours 41 minutes,2022-03-19,Boston,Washington,413.0
F3907244,92,07:51,09:24,1 hours 33 minutes,2022-03-19,Boston,Washington,413.0
F4066728,173,09:31,11:11,1 hours 40 minutes,2022-03-19,Boston,Washington,399.0
F4066779,132,18:29,20:04,1 hours 35 minutes,2022-03-19,Boston,Washington,399.0
F4066808,173,14:31,16:21,1 hours 50 minutes,2022-03-19,Boston,Washington,399.0
F3668379,164,11:57,13:36,1 hours 39 minutes,2022-03-21,Washington,Boston,399.0
F3690040,79,14:54,16:20,1 hours 26 minutes,2022-03-21,Washington,Boston,399.0
F3700108,186,16:54,18:24,1 hours 30 minutes,2022-03-21,Washington,Boston,399.0
F3708178,131,21:56,23:16,1 hours 20 minutes,2022-03-21,Washington,Boston,399.0
F3708553,149,09:56,11:15,1 hours 19 minutes,2022-03-21,Washington,Boston,399.0
F3708643,83,18:01,19:24,1 hours 23 minutes,2022-03-21,Washington,Boston,399.0
F3708726,87,12:52,14:21,1 hours 29 minutes,2022-03-21,Washington,Boston,399.0
F3708788,107,16:00,17:34,1 hours 34 minutes,2022-03-21,Washington,Boston,399.0
F3708931,159,11:02,12:31,1 hours 29 minutes,2022-03-21,Washington,Boston,399.0
F3709012,182,13:52,15:25,1 hours 33 minutes,2022-03-21,Washington,Boston,399.0
F3709068,117,08:54,10:43,1 hours 49 minutes,2022-03-21,Washington,Boston,399.0
F3709369,145,07:54,09:22,1 hours 28 minutes,2022-03-21,Washington,Boston,399.0
F3754954,146,16:38,17:59,1 hours 21 minutes,2022-03-21,Washington,Boston,399.0
F3755004,155,08:24,09:52,1 hours 28 minutes,2022-03-21,Washington,Boston,399.0
F3755006,102,19:27,20:45,1 hours 18 minutes,2022-03-21,Washington,Boston,399.0
F3755007,121,13:28,14:50,1 hours 22 minutes,2022-03-21,Washington,Boston,399.0
F3757024,129,20:21,21:52,1 hours 31 minutes,2022-03-21,Washington,Boston,399.0
F3758124,147,18:22,19:47,1 hours 25 minutes,2022-03-21,Washington,Boston,399.0
F3758535,189,06:22,07:46,1 hours 24 minutes,2022-03-21,Washington,Boston,399.0
F3758780,109,12:58,14:18,1 hours 20 minutes,2022-03-21,Washington,Boston,399.0
F3759681,193,07:21,08:50,1 hours 29 minutes,2022-03-21,Washington,Boston,399.0
F3760882,150,11:20,12:38,1 hours 18 minutes,2022-03-21,Washington,Boston,399.0
F3761055,97,17:21,19:00,1 hours 39 minutes,2022-03-21,Washington,Boston,399.0
F3761334,111,16:50,18:08,1 hours 18 minutes,2022-03-21,Washington,Boston,399.0
F3761738,108,22:09,23:30,1 hours 21 minutes,2022-03-21,Washington,Boston,399.0
F3762392,107,10:01,11:26,1 hours 25 minutes,2022-03-21,Washington,Boston,399.0
F3762542,115,14:43,16:06,1 hours 23 minutes,2022-03-21,Washington,Boston,399.0
F3763651,170,10:32,11:58,1 hours 26 minutes,2022-03-21,Washington,Boston,399.0
F3897523,171,17:10,18:31,1 hours 21 minutes,2022-03-21,Washington,Boston,413.0
F3897542,171,10:35,12:00,1 hours 25 minutes,2022-03-21,Washington,Boston,413.0
F3897806,118,23:23,00:37,1 hours 14 minutes,2022-03-21,Washington,Boston,413.0
F4052708,179,05:56,07:30,1 hours 34 minutes,2022-03-21,Washington,Boston,399.0
F4067103,88,19:54,21:18,1 hours 24 minutes,2022-03-21,Washington,Boston,399.0
F4067112,161,09:26,10:59,1 hours 33 minutes,2022-03-21,Washington,Boston,399.0
F4067177,134,18:45,20:20,1 hours 35 minutes,2022-03-21,Washington,Boston,399.0
F4067214,106,06:17,07:40,1 hours 23 minutes,2022-03-21,Washington,Boston,399.0
F4067220,147,18:05,19:39,1 hours 34 minutes,2022-03-21,Washington,Boston,399.0
F4067232,176,14:47,16:20,1 hours 33 minutes,2022-03-21,Washington,Boston,399.0
F4067266,83,11:53,13:34,1 hours 41 minutes,2022-03-21,Washington,Boston,399.0
F3592083,71,18:16,19:32,1 hours 16 minutes,2022-03-06,Fort Smith,Dallas,227.0
F3596387,47,10:06,11:01,0 hours 55 minutes,2022-03-06,Fort Smith,Dallas,227.0
F3607538,82,15:59,17:00,1 hours 1 minutes,2022-03-06,Fort Smith,Dallas,227.0
F3803547,81,06:10,07:47,1 hours 37 minutes,2022-03-06,Fort Smith,Dallas,227.0
F3803665,110,12:22,13:22,1 hours 0 minutes,2022-03-06,Fort Smith,Dallas,227.0
F3592063,79,16:51,17:44,0 hours 53 minutes,2022-03-08,Dallas,Fort Smith,227.0
F3596360,87,08:37,09:38,1 hours 1 minutes,2022-03-08,Dallas,Fort Smith,227.0
F3802376,74,20:52,21:53,1 hours 1 minutes,2022-03-08,Dallas,Fort Smith,227.0
F3803396,85,10:35,11:42,1 hours 7 minutes,2022-03-08,Dallas,Fort Smith,227.0
F3598795,165,06:08,07:34,1 hours 26 minutes,2022-03-29,Columbus,Charlotte,347.0
F3630560,74,15:30,17:03,1 hours 33 minutes,2022-03-29,Columbus,Charlotte,347.0
F3631563,129,12:59,14:18,1 hours 19 minutes,2022-03-29,Columbus,Charlotte,295.0
F3717708,150,13:00,14:05,1 hours 5 minutes,2022-03-29,Columbus,Charlotte,347.0
F3788464,108,06:51,08:10,1 hours 19 minutes,2022-03-29,Columbus,Charlotte,295.0
F3793171,121,17:52,19:08,1 hours 16 minutes,2022-03-29,Columbus,Charlotte,347.0
F4054757,83,08:16,09:44,1 hours 28 minutes,2022-03-29,Columbus,Charlotte,347.0
F3601999,153,22:21,23:34,1 hours 13 minutes,2022-03-31,Charlotte,Columbus,347.0
F3630531,121,13:27,14:54,1 hours 27 minutes,2022-03-31,Charlotte,Columbus,347.0
F3635069,141,11:02,12:26,1 hours 24 minutes,2022-03-31,Charlotte,Columbus,295.0
F3717683,170,11:06,12:16,1 hours 10 minutes,2022-03-31,Charlotte,Columbus,347.0
F3783083,88,18:10,19:30,1 hours 20 minutes,2022-03-31,Charlotte,Columbus,347.0
F3788022,59,20:24,21:56,1 hours 32 minutes,2022-03-31,Charlotte,Columbus,295.0
F3793146,101,16:18,17:47,1 hours 29 minutes,2022-03-31,Charlotte,Columbus,347.0
F3796414,107,08:33,09:45,1 hours 12 minutes,2022-03-31,Charlotte,Columbus,347.0
F4049975,163,23:06,00:36,1 hours 30 minutes,2022-03-31,Charlotte,Columbus,347.0
F3579249,318,14:24,16:37,2 hours 13 minutes,2022-03-13,St. Petersburg,Cincinnati,776.0
F3580103,373,20:57,23:05,2 hours 8 minutes,2022-03-13,St. Petersburg,Cincinnati,776.0
F3575756,312,14:55,17:08,2 hours 13 minutes,2022-03-15,Cincinnati,St. Petersburg,776.0
F3799273,197,12:26,13:47,2 hours 21 minutes,2022-03-06,El Paso,Los Angeles,715.0
F3803627,209,17:51,19:20,2 hours 29 minutes,2022-03-06,El Paso,Los Angeles,715.0
F3994653,302,11:31,12:41,2 hours 10 minutes,2022-03-06,El Paso,Los Angeles,715.0
F3803472,272,14:12,17:08,1 hours 56 minutes,2022-03-08,Los Angeles,El Paso,715.0
F3804165,252,08:58,12:02,2 hours 4 minutes,2022-03-08,Los Angeles,El Paso,715.0
F4016603,253,08:01,10:48,1 hours 47 minutes,2022-03-08,Los Angeles,El Paso,715.0
F3598415,71,07:57,09:44,1 hours 47 minutes,2022-03-11,Wichita,Dallas,328.0
F3603079,130,10:54,12:26,1 hours 32 minutes,2022-03-11,Wichita,Dallas,328.0
F3609764,82,18:23,19:52,1 hours 29 minutes,2022-03-11,Wichita,Dallas,328.0
F3672058,99,12:34,14:22,1 hours 48 minutes,2022-03-11,Wichita,Dallas,328.0
F3678829,156,06:05,07:25,1 hours 20 minutes,2022-03-11,Wichita,Dallas,328.0
F3799152,68,16:58,18:31,1 hours 33 minutes,2022-03-11,Wichita,Dallas,328.0
F3588563,158,18:58,20:14,1 hours 16 minutes,2022-03-13,Dallas,Wichita,328.0
F3603051,147,08:59,10:17,1 hours 18 minutes,2022-03-13,Dallas,Wichita,328.0
F3609737,152,16:29,17:51,1 hours 22 minutes,2022-03-13,Dallas,Wichita,328.0
F3672029,99,10:18,11:45,1 hours 27 minutes,2022-03-13,Dallas,Wichita,328.0
F3678861,67,22:31,23:43,1 hours 12 minutes,2022-03-13,Dallas,Wichita,328.0
F3813618,86,14:30,15:50,1 hours 20 minutes,2022-03-13,Dallas,Wichita,328.0
F3805573,276,07:09,10:11,2 hours 2 minutes,2022-03-22,Burbank,Salt Lake City,574.0
F3805594,210,10:13,13:10,1 hours 57 minutes,2022-03-22,Burbank,Salt Lake City,574.0
F3805648,176,17:09,20:05,1 hours 56 minutes,2022-03-22,Burbank,Salt Lake City,574.0
F3805822,251,13:12,16:12,2 hours 0 minutes,2022-03-22,Burbank,Salt Lake City,574.0
F3981824,157,09:27,12:15,1 hours 48 minutes,2022-03-22,Burbank,Salt Lake City,574.0
F3806722,214,08:02,09:06,2 hours 4 minutes,2022-03-24,Salt Lake City,Burbank,574.0
F3806747,186,20:42,22:01,2 hours 19 minutes,2022-03-24,Salt Lake City,Burbank,574.0
F3806777,206,15:28,16:23,1 hours 55 minutes,2022-03-24,Salt Lake City,Burbank,574.0
F3806959,258,11:16,12:04,1 hours 48 minutes,2022-03-24,Salt Lake City,Burbank,574.0
F4011518,156,12:47,13:44,1 hours 57 minutes,2022-03-24,Salt Lake City,Burbank,574.0
F3896395,411,11:31,17:04,3 hours 33 minutes,2022-03-21,Santa Ana,Houston,1346.0
F3897369,512,13:16,18:28,3 hours 12 minutes,2022-03-21,Santa Ana,Houston,1346.0
F3897390,340,07:57,13:05,3 hours 8 minutes,2022-03-21,Santa Ana,Houston,1346.0
F3981143,463,09:21,14:32,3 hours 11 minutes,2022-03-21,Santa Ana,Houston,1357.0
F3886147,479,20:18,21:56,3 hours 38 minutes,2022-03-23,Houston,Santa Ana,1346.0
F3886573,543,10:14,11:50,3 hours 36 minutes,2022-03-23,Houston,Santa Ana,1346.0
F3893691,561,14:33,16:06,3 hours 33 minutes,2022-03-23,Houston,Santa Ana,1346.0
F3986111,387,15:52,17:14,3 hours 22 minutes,2022-03-23,Houston,Santa Ana,1357.0
F3556247,61,05:59,07:25,1 hours 26 minutes,2022-03-14,Sioux Falls,Minneapolis,196.0
F3635759,71,11:41,12:37,0 hours 56 minutes,2022-03-14,Sioux Falls,Minneapolis,196.0
F3637225,45,13:25,15:03,1 hours 38 minutes,2022-03-14,Sioux Falls,Minneapolis,196.0
F3848185,85,18:52,19:52,1 hours 0 minutes,2022-03-14,Sioux Falls,Minneapolis,196.0
F3850322,84,07:59,08:54,0 hours 55 minutes,2022-03-14,Sioux Falls,Minneapolis,196.0
F3637258,61,11:24,12:52,1 hours 28 minutes,2022-03-16,Minneapolis,Sioux Falls,196.0
F3655212,73,08:52,09:49,0 hours 57 minutes,2022-03-16,Minneapolis,Sioux Falls,196.0
F3779653,68,18:20,19:10,0 hours 50 minutes,2022-03-16,Minneapolis,Sioux Falls,196.0
F3806371,45,16:05,16:57,0 hours 52 minutes,2022-03-16,Minneapolis,Sioux Falls,196.0
F3829596,53,22:53,23:46,0 hours 53 minutes,2022-03-16,Minneapolis,Sioux Falls,196.0
F3836062,162,21:44,23:20,1 hours 36 minutes,2022-03-05,Detroit,Norfolk,529.0
F3849385,167,10:23,12:08,1 hours 45 minutes,2022-03-05,Detroit,Norfolk,529.0
F3847203,188,18:57,20:50,1 hours 53 minutes,2022-03-07,Norfolk,Detroit,529.0
F3848502,230,05:51,07:45,1 hours 54 minutes,2022-03-07,Norfolk,Detroit,529.0
F3848724,251,17:13,19:06,1 hours 53 minutes,2022-03-07,Norfolk,Detroit,529.0
F3498647,59,07:28,09:20,0 hours 52 minutes,2022-03-10,Panama City,Atlanta,240.0
F3520853,67,06:01,07:56,0 hours 55 minutes,2022-03-10,Panama City,Atlanta,240.0
F3521436,99,17:42,19:46,1 hours 4 minutes,2022-03-10,Panama City,Atlanta,240.0
F3523465,55,12:15,14:16,1 hours 1 minutes,2022-03-10,Panama City,Atlanta,240.0
F3541135,108,09:32,11:26,0 hours 54 minutes,2022-03-10,Panama City,Atlanta,240.0
F3545957,63,21:24,23:20,0 hours 56 minutes,2022-03-10,Panama City,Atlanta,240.0
F3557247,60,13:41,15:35,0 hours 54 minutes,2022-03-10,Panama City,Atlanta,240.0
F4022308,111,17:48,19:53,1 hours 5 minutes,2022-03-10,Panama City,Atlanta,240.0
F3500100,81,11:03,11:14,1 hours 11 minutes,2022-03-12,Atlanta,Panama City,240.0
F3521439,59,17:36,17:36,1 hours 0 minutes,2022-03-12,Atlanta,Panama City,240.0
F3541138,80,08:24,08:48,1 hours 24 minutes,2022-03-12,Atlanta,Panama City,240.0
F3545960,87,19:47,19:46,0 hours 59 minutes,2022-03-12,Atlanta,Panama City,240.0
F3555810,57,00:14,00:05,0 hours 51 minutes,2022-03-12,Atlanta,Panama City,240.0
F3557250,73,12:55,13:04,1 hours 9 minutes,2022-03-12,Atlanta,Panama City,240.0
F3947240,75,12:14,12:22,1 hours 8 minutes,2022-03-12,Atlanta,Panama City,240.0
F4045495,563,05:36,10:55,3 hours 19 minutes,2022-03-05,Bakersfield,Dallas,1271.0
F4046467,413,12:58,17:44,2 hours 46 minutes,2022-03-05,Bakersfield,Dallas,1271.0
F4046498,254,10:25,11:56,3 hours 31 minutes,2022-03-07,Dallas,Bakersfield,1271.0
F4048044,423,18:55,20:43,3 hours 48 minutes,2022-03-07,Dallas,Bakersfield,1271.0
F4072227,167,18:05,21:35,2 hours 30 minutes,2022-03-09,Milwaukee,Newark,725.0
F4072241,169,12:52,16:52,3 hours 0 minutes,2022-03-09,Milwaukee,Newark,725.0
F4072675,205,09:53,11:22,2 hours 29 minutes,2022-03-11,Newark,Milwaukee,725.0
F4072809,207,16:59,18:30,2 hours 31 minutes,2022-03-11,Newark,Milwaukee,725.0
F4072841,319,14:58,16:30,2 hours 32 minutes,2022-03-11,Newark,Milwaukee,725.0
F3729965,171,15:08,17:15,2 hours 7 minutes,2022-03-19,Rochester,Charlotte,573.0
F3789872,183,06:00,08:21,2 hours 21 minutes,2022-03-19,Rochester,Charlotte,573.0
F3791936,159,11:39,13:40,2 hours 1 minutes,2022-03-19,Rochester,Charlotte,573.0
F3728271,256,14:47,16:49,2 hours 2 minutes,2022-03-21,Charlotte,Rochester,573.0
F3787519,213,20:46,22:51,2 hours 5 minutes,2022-03-21,Charlotte,Rochester,573.0
F3791907,214,09:08,11:04,1 hours 56 minutes,2022-03-21,Charlotte,Rochester,573.0
F3602096,104,17:42,20:05,1 hours 23 minutes,2022-03-16,Chicago,Cincinnati,264.0
F3809999,77,10:47,13:14,1 hours 27 minutes,2022-03-16,Chicago,Cincinnati,264.0
F3816027,69,10:36,12:47,1 hours 11 minutes,2022-03-16,Chicago,Cincinnati,264.0
F3925828,131,08:28,10:38,1 hours 10 minutes,2022-03-16,Chicago,Cincinnati,264.0
F4005769,65,13:59,15:50,0 hours 51 minutes,2022-03-16,Chicago,Cincinnati,249.0
F4005770,111,19:48,21:51,1 hours 3 minutes,2022-03-16,Chicago,Cincinnati,249.0
F4039408,58,15:31,17:40,1 hours 9 minutes,2022-03-16,Chicago,Cincinnati,264.0
F4074129,98,17:58,20:18,1 hours 20 minutes,2022-03-16,Chicago,Cincinnati,264.0
F3606065,66,06:48,07:11,1 hours 23 minutes,2022-03-18,Cincinnati,Chicago,264.0
F3735977,109,18:25,19:01,1 hours 36 minutes,2022-03-18,Cincinnati,Chicago,264.0
F3804876,97,14:08,14:37,1 hours 29 minutes,2022-03-18,Cincinnati,Chicago,264.0
F3825775,88,14:00,14:24,1 hours 24 minutes,2022-03-18,Cincinnati,Chicago,264.0
F3825776,119,18:16,18:47,1 hours 31 minutes,2022-03-18,Cincinnati,Chicago,264.0
F3908698,77,07:40,08:02,1 hours 22 minutes,2022-03-18,Cincinnati,Chicago,264.0
F3924713,94,11:07,11:32,1 hours 25 minutes,2022-03-18,Cincinnati,Chicago,264.0
F4026540,95,07:00,07:04,1 hours 4 minutes,2022-03-18,Cincinnati,Chicago,249.0
F4026541,50,20:42,20:45,1 hours 3 minutes,2022-03-18,Cincinnati,Chicago,249.0
F3800374,211,08:23,10:07,1 hours 44 minutes,2022-03-03,Roswell,Phoenix,433.0
F3800481,126,19:41,20:57,1 hours 16 minutes,2022-03-05,Phoenix,Roswell,433.0
F3641666,214,17:21,19:29,2 hours 8 minutes,2022-03-24,New York,Wilmington,500.0
F3651260,115,10:01,12:47,2 hours 46 minutes,2022-03-24,New York,Wilmington,500.0
F4051348,242,09:33,12:08,2 hours 35 minutes,2022-03-24,New York,Wilmington,500.0
F4059222,199,20:57,23:18,2 hours 21 minutes,2022-03-24,New York,Wilmington,500.0
F4060486,147,14:22,16:22,2 hours 0 minutes,2022-03-24,New York,Wilmington,500.0
F3641176,179,13:59,15:34,1 hours 35 minutes,2022-03-26,Wilmington,New York,500.0
F4050997,214,11:32,13:16,1 hours 44 minutes,2022-03-26,Wilmington,New York,500.0
F4057801,101,06:53,08:24,1 hours 31 minutes,2022-03-26,Wilmington,New York,500.0
F3968583,309,05:53,08:02,2 hours 9 minutes,2022-03-04,Spokane,Oakland,723.0
F3968584,165,15:54,17:59,2 hours 5 minutes,2022-03-04,Spokane,Oakland,723.0
F3995715,238,09:02,10:59,1 hours 57 minutes,2022-03-06,Oakland,Spokane,723.0
F3995716,255,19:30,21:34,2 hours 4 minutes,2022-03-06,Oakland,Spokane,723.0
F3911413,261,17:27,19:52,1 hours 25 minutes,2022-03-16,Denver,Kansas City,533.0
F3912615,190,09:58,12:31,1 hours 33 minutes,2022-03-16,Denver,Kansas City,533.0
F3912735,209,20:58,23:23,1 hours 25 minutes,2022-03-16,Denver,Kansas City,533.0
F4004774,188,23:43,02:45,2 hours 2 minutes,2022-03-16,Denver,Kansas City,533.0
F4004775,220,12:53,15:15,1 hours 22 minutes,2022-03-16,Denver,Kansas City,533.0
F4004776,169,09:14,11:35,1 hours 21 minutes,2022-03-16,Denver,Kansas City,533.0
F4004777,140,17:16,19:42,1 hours 26 minutes,2022-03-16,Denver,Kansas City,533.0
F4004778,132,22:54,01:33,1 hours 39 minutes,2022-03-16,Denver,Kansas City,533.0
F3908090,257,05:58,06:41,1 hours 43 minutes,2022-03-18,Kansas City,Denver,533.0
F3908307,257,13:44,14:24,1 hours 40 minutes,2022-03-18,Kansas City,Denver,533.0
F3908310,110,09:13,09:59,1 hours 46 minutes,2022-03-18,Kansas City,Denver,533.0
F4027743,228,18:05,18:38,1 hours 33 minutes,2022-03-18,Kansas City,Denver,533.0
F4027744,139,08:10,09:00,1 hours 50 minutes,2022-03-18,Kansas City,Denver,533.0
F4027745,257,05:30,06:13,1 hours 43 minutes,2022-03-18,Kansas City,Denver,533.0
F4027746,168,13:31,14:04,1 hours 33 minutes,2022-03-18,Kansas City,Denver,533.0
F4027747,161,10:01,10:37,1 hours 36 minutes,2022-03-18,Kansas City,Denver,533.0
F3602083,305,13:45,16:54,2 hours 9 minutes,2022-03-26,Des Moines,Charlotte,815.0
F3678605,348,08:06,10:58,1 hours 52 minutes,2022-03-26,Des Moines,Charlotte,815.0
F3797342,377,15:45,18:51,2 hours 6 minutes,2022-03-26,Des Moines,Charlotte,815.0
F3602055,276,11:18,12:53,2 hours 35 minutes,2022-03-28,Charlotte,Des Moines,815.0
F3686803,333,22:36,00:02,2 hours 26 minutes,2022-03-28,Charlotte,Des Moines,815.0
F3797313,188,13:28,15:12,2 hours 44 minutes,2022-03-28,Charlotte,Des Moines,815.0
F3845445,33,13:28,14:25,0 hours 57 minutes,2022-03-02,Minneapolis,La Crosse,119.0
F3845492,37,19:40,20:29,0 hours 49 minutes,2022-03-02,Minneapolis,La Crosse,119.0
F3835106,50,06:59,08:04,1 hours 5 minutes,2022-03-04,La Crosse,Minneapolis,119.0
F3850697,41,15:25,16:11,0 hours 46 minutes,2022-03-04,La Crosse,Minneapolis,119.0
F3954915,182,06:42,09:37,1 hours 55 minutes,2022-03-20,St. Louis,Baltimore,738.0
F3954916,363,18:33,21:26,1 hours 53 minutes,2022-03-20,St. Louis,Baltimore,738.0
F3981976,283,14:37,15:40,2 hours 3 minutes,2022-03-22,Baltimore,St. Louis,738.0
F3981977,188,19:35,20:49,2 hours 14 minutes,2022-03-22,Baltimore,St. Louis,738.0
F3760931,392,13:13,15:46,2 hours 33 minutes,2022-03-29,Jacksonville,Boston,1010.0
F4069181,408,18:15,20:54,2 hours 39 minutes,2022-03-29,Jacksonville,Boston,1010.0
F4069272,210,12:43,15:19,2 hours 36 minutes,2022-03-29,Jacksonville,Boston,1010.0
F3758178,344,08:59,11:58,2 hours 59 minutes,2022-03-31,Boston,Jacksonville,1010.0
F4069563,450,08:43,12:01,3 hours 18 minutes,2022-03-31,Boston,Jacksonville,1010.0
F4069699,224,15:57,19:05,3 hours 8 minutes,2022-03-31,Boston,Jacksonville,1010.0
F3734959,182,05:54,07:23,1 hours 29 minutes,2022-03-01,Wilmington,Philadelphia,413.0
F3734982,83,10:50,12:20,1 hours 30 minutes,2022-03-01,Wilmington,Philadelphia,413.0
F3731330,203,20:04,21:53,1 hours 49 minutes,2022-03-03,Philadelphia,Wilmington,413.0
F3735015,121,07:55,09:26,1 hours 31 minutes,2022-03-03,Philadelphia,Wilmington,413.0
F3818649,264,08:49,13:27,2 hours 38 minutes,2022-03-12,San Diego,Austin,1164.0
F3818667,570,18:18,23:02,2 hours 44 minutes,2022-03-12,San Diego,Austin,1164.0
F3949850,246,18:33,22:56,2 hours 23 minutes,2022-03-12,San Diego,Austin,1164.0
F3949851,264,06:40,11:12,2 hours 32 minutes,2022-03-12,San Diego,Austin,1164.0
F3819015,505,06:57,08:11,3 hours 14 minutes,2022-03-14,Austin,San Diego,1164.0
F3819022,369,18:56,19:59,3 hours 3 minutes,2022-03-14,Austin,San Diego,1164.0
F3819028,247,14:15,15:23,3 hours 8 minutes,2022-03-14,Austin,San Diego,1164.0
F3976867,304,13:28,14:29,3 hours 1 minutes,2022-03-14,Austin,San Diego,1164.0
F3976868,366,06:33,07:24,2 hours 51 minutes,2022-03-14,Austin,San Diego,1164.0
F3976869,490,21:08,22:12,3 hours 4 minutes,2022-03-14,Austin,San Diego,1164.0
F3976870,392,16:05,17:01,2 hours 56 minutes,2022-03-14,Austin,San Diego,1164.0
F3857171,430,19:47,20:32,2 hours 45 minutes,2022-03-28,Houston,Tucson,936.0
F3957755,250,13:40,14:13,2 hours 33 minutes,2022-03-28,Houston,Tucson,945.0
F4041124,320,09:37,10:14,2 hours 37 minutes,2022-03-28,Houston,Tucson,936.0
F3812385,286,06:24,11:05,2 hours 41 minutes,2022-03-30,Tucson,Houston,936.0
F4041914,447,13:06,17:18,2 hours 12 minutes,2022-03-30,Tucson,Houston,936.0
F3730303,190,09:59,12:33,2 hours 34 minutes,2022-03-09,Philadelphia,Knoxville,554.0
F3788329,198,15:12,17:19,2 hours 7 minutes,2022-03-09,Philadelphia,Knoxville,554.0
F3731030,244,17:06,18:48,1 hours 42 minutes,2022-03-11,Knoxville,Philadelphia,554.0
F3795731,245,06:55,08:51,1 hours 56 minutes,2022-03-11,Knoxville,Philadelphia,554.0
F3808773,197,10:58,12:22,1 hours 24 minutes,2022-03-25,Salt Lake City,Helena,402.0
F3808843,131,21:03,22:23,1 hours 20 minutes,2022-03-25,Salt Lake City,Helena,402.0
F3807359,170,13:24,14:49,1 hours 25 minutes,2022-03-27,Helena,Salt Lake City,402.0
F3807464,187,05:43,06:56,1 hours 13 minutes,2022-03-27,Helena,Salt Lake City,402.0
F3590737,342,17:50,21:23,2 hours 33 minutes,2022-03-10,Chicago,Norfolk,717.0
F3887479,337,18:22,21:15,1 hours 53 minutes,2022-03-10,Chicago,Norfolk,717.0
F3942328,322,13:57,16:48,1 hours 51 minutes,2022-03-10,Chicago,Norfolk,704.0
F4072432,206,10:46,14:05,2 hours 19 minutes,2022-03-10,Chicago,Norfolk,717.0
F3595573,190,07:49,08:55,2 hours 6 minutes,2022-03-12,Norfolk,Chicago,717.0
F3877512,285,06:28,07:37,2 hours 9 minutes,2022-03-12,Norfolk,Chicago,717.0
F3577093,264,11:11,13:05,1 hours 54 minutes,2022-03-24,Los Angeles,Eugene,748.0
F3820263,263,13:28,15:37,2 hours 9 minutes,2022-03-24,Los Angeles,Eugene,748.0
F3855516,222,12:35,14:48,2 hours 13 minutes,2022-03-24,Los Angeles,Eugene,748.0
F3816521,337,16:20,18:30,2 hours 10 minutes,2022-03-26,Eugene,Los Angeles,748.0
F3854563,331,15:45,17:55,2 hours 10 minutes,2022-03-26,Eugene,Los Angeles,748.0
F3642723,211,06:31,09:10,1 hours 39 minutes,2022-03-23,Des Moines,Detroit,534.0
F3653928,224,14:10,16:51,1 hours 41 minutes,2022-03-23,Des Moines,Detroit,534.0
F3638957,126,15:55,16:37,1 hours 42 minutes,2022-03-25,Detroit,Des Moines,534.0
F3642004,232,20:50,21:31,1 hours 41 minutes,2022-03-25,Detroit,Des Moines,534.0
F3649713,136,08:39,09:26,1 hours 47 minutes,2022-03-25,Detroit,Des Moines,534.0
F3544390,467,09:53,12:40,3 hours 47 minutes,2022-03-06,Boston,New Orleans,1368.0
F3626307,620,21:36,00:18,3 hours 42 minutes,2022-03-06,Boston,New Orleans,1368.0
F3774321,292,10:39,13:10,3 hours 31 minutes,2022-03-06,Boston,New Orleans,1368.0
F3533122,359,13:45,17:37,2 hours 52 minutes,2022-03-08,New Orleans,Boston,1368.0
F3626317,395,06:04,09:46,2 hours 42 minutes,2022-03-08,New Orleans,Boston,1368.0
F3763927,645,14:18,18:12,2 hours 54 minutes,2022-03-08,New Orleans,Boston,1368.0
F3923306,228,16:27,18:11,1 hours 44 minutes,2022-03-20,Wilmington,Newark,488.0
F3923333,173,06:08,07:30,1 hours 22 minutes,2022-03-20,Wilmington,Newark,488.0
F3922049,186,13:41,15:18,1 hours 37 minutes,2022-03-22,Newark,Wilmington,488.0
F3922068,173,20:25,22:13,1 hours 48 minutes,2022-03-22,Newark,Wilmington,488.0
F3859050,132,16:17,18:43,1 hours 26 minutes,2022-03-04,Everett,Boise,419.0
F3859161,160,07:59,10:20,1 hours 21 minutes,2022-03-04,Everett,Boise,419.0
F3859513,196,19:25,19:48,1 hours 23 minutes,2022-03-06,Boise,Everett,419.0
F3859629,179,07:55,08:35,1 hours 40 minutes,2022-03-06,Boise,Everett,419.0
F3660993,226,04:52,07:46,1 hours 54 minutes,2022-03-10,New Orleans,Charlotte,651.0
F3672431,183,18:31,21:19,1 hours 48 minutes,2022-03-10,New Orleans,Charlotte,651.0
F3688187,241,09:23,12:04,1 hours 41 minutes,2022-03-10,New Orleans,Charlotte,651.0
F3688609,270,13:20,16:24,2 hours 4 minutes,2022-03-10,New Orleans,Charlotte,651.0
F3688720,143,16:47,19:26,1 hours 39 minutes,2022-03-10,New Orleans,Charlotte,651.0
F3712554,279,06:44,09:21,1 hours 37 minutes,2022-03-10,New Orleans,Charlotte,651.0
F3630462,323,10:57,12:14,2 hours 17 minutes,2022-03-12,Charlotte,New Orleans,651.0
F3630691,172,16:17,17:24,2 hours 7 minutes,2022-03-12,Charlotte,New Orleans,651.0
F3672405,167,17:25,18:23,1 hours 58 minutes,2022-03-12,Charlotte,New Orleans,651.0
F3681766,157,23:38,00:37,1 hours 59 minutes,2022-03-12,Charlotte,New Orleans,651.0
F3694147,179,22:53,23:44,1 hours 51 minutes,2022-03-12,Charlotte,New Orleans,651.0
F3551989,83,22:42,23:50,1 hours 8 minutes,2022-03-03,Salt Lake City,Bozeman,347.0
F3848287,74,11:17,12:29,1 hours 12 minutes,2022-03-03,Salt Lake City,Bozeman,347.0
F3848349,119,16:24,17:32,1 hours 8 minutes,2022-03-03,Salt Lake City,Bozeman,347.0
F3848802,162,09:21,10:34,1 hours 13 minutes,2022-03-03,Salt Lake City,Bozeman,347.0
F3500787,79,05:55,07:55,2 hours 0 minutes,2022-03-05,Bozeman,Salt Lake City,347.0
F3834620,137,13:15,14:46,1 hours 31 minutes,2022-03-05,Bozeman,Salt Lake City,347.0
F3836063,151,11:31,12:42,1 hours 11 minutes,2022-03-05,Bozeman,Salt Lake City,347.0
F3603805,265,09:27,11:08,1 hours 41 minutes,2022-03-02,Omaha,Dallas,583.0
F3603863,282,18:55,20:44,1 hours 49 minutes,2022-03-02,Omaha,Dallas,583.0
F3689609,142,15:26,17:14,1 hours 48 minutes,2022-03-02,Omaha,Dallas,583.0
F3725945,194,07:00,09:06,2 hours 6 minutes,2022-03-02,Omaha,Dallas,583.0
F3940294,267,14:37,16:23,1 hours 46 minutes,2022-03-02,Omaha,Dallas,586.0
F3603835,291,16:50,18:31,1 hours 41 minutes,2022-03-04,Dallas,Omaha,583.0
F3609521,139,07:06,08:43,1 hours 37 minutes,2022-03-04,Dallas,Omaha,583.0
F3672716,121,21:08,22:56,1 hours 48 minutes,2022-03-04,Dallas,Omaha,583.0
F3689580,157,12:32,14:07,1 hours 35 minutes,2022-03-04,Dallas,Omaha,583.0
F3968208,291,09:26,11:25,1 hours 59 minutes,2022-03-04,Dallas,Omaha,586.0
F3560769,212,20:31,22:21,1 hours 50 minutes,2022-03-07,Philadelphia,Charlotte,449.0
F3680402,189,05:53,07:46,1 hours 53 minutes,2022-03-07,Philadelphia,Charlotte,449.0
F3686011,98,13:46,15:41,1 hours 55 minutes,2022-03-07,Philadelphia,Charlotte,449.0
F3687164,153,09:40,11:26,1 hours 46 minutes,2022-03-07,Philadelphia,Charlotte,449.0
F3689270,92,04:54,06:29,1 hours 35 minutes,2022-03-07,Philadelphia,Charlotte,449.0
F3689803,167,15:49,17:27,1 hours 38 minutes,2022-03-07,Philadelphia,Charlotte,449.0
F3705735,206,17:51,20:04,2 hours 13 minutes,2022-03-07,Philadelphia,Charlotte,449.0
F3706602,157,19:46,21:30,1 hours 44 minutes,2022-03-07,Philadelphia,Charlotte,449.0
F3724984,136,07:57,09:44,1 hours 47 minutes,2022-03-07,Philadelphia,Charlotte,449.0
F3561417,194,21:45,23:10,1 hours 25 minutes,2022-03-09,Charlotte,Philadelphia,449.0
F3660362,107,08:56,10:24,1 hours 28 minutes,2022-03-09,Charlotte,Philadelphia,449.0
F3660965,102,18:46,20:07,1 hours 21 minutes,2022-03-09,Charlotte,Philadelphia,449.0
F3663348,91,07:05,08:40,1 hours 35 minutes,2022-03-09,Charlotte,Philadelphia,449.0
F3668585,168,20:16,21:35,1 hours 19 minutes,2022-03-09,Charlotte,Philadelphia,449.0
F3669896,108,11:17,12:53,1 hours 36 minutes,2022-03-09,Charlotte,Philadelphia,449.0
F3687418,103,16:55,18:18,1 hours 23 minutes,2022-03-09,Charlotte,Philadelphia,449.0
F3709692,209,22:42,00:08,1 hours 26 minutes,2022-03-09,Charlotte,Philadelphia,449.0
F3726710,206,13:08,14:39,1 hours 31 minutes,2022-03-09,Charlotte,Philadelphia,449.0
F3762324,87,20:57,22:06,1 hours 9 minutes,2022-03-05,Boston,Newark,200.0
F3903264,40,06:58,08:23,1 hours 25 minutes,2022-03-05,Boston,Newark,200.0
F3903502,98,11:57,13:08,1 hours 11 minutes,2022-03-05,Boston,Newark,200.0
F3903519,79,13:30,14:39,1 hours 9 minutes,2022-03-05,Boston,Newark,200.0
F4063468,41,06:27,07:41,1 hours 14 minutes,2022-03-05,Boston,Newark,200.0
F3647769,80,08:55,09:59,1 hours 4 minutes,2022-03-07,Newark,Boston,200.0
F3762614,83,07:10,08:15,1 hours 5 minutes,2022-03-07,Newark,Boston,200.0
F3892848,55,19:00,19:59,0 hours 59 minutes,2022-03-07,Newark,Boston,200.0
F3892860,76,14:19,15:16,0 hours 57 minutes,2022-03-07,Newark,Boston,200.0
F3892957,70,17:54,19:08,1 hours 14 minutes,2022-03-07,Newark,Boston,200.0
F3893194,42,06:48,07:52,1 hours 4 minutes,2022-03-07,Newark,Boston,200.0
F3893227,59,23:05,00:56,1 hours 51 minutes,2022-03-07,Newark,Boston,200.0
F3893245,89,07:28,08:31,1 hours 3 minutes,2022-03-07,Newark,Boston,200.0
F3893367,68,22:04,00:34,2 hours 30 minutes,2022-03-07,Newark,Boston,200.0
F3900329,58,16:36,17:35,0 hours 59 minutes,2022-03-07,Newark,Boston,200.0
F3900395,74,10:55,11:57,1 hours 2 minutes,2022-03-07,Newark,Boston,200.0
F4063754,95,16:46,17:55,1 hours 9 minutes,2022-03-07,Newark,Boston,200.0
F4063959,94,21:46,00:43,2 hours 57 minutes,2022-03-07,Newark,Boston,200.0
F3606255,310,20:59,22:15,2 hours 16 minutes,2022-03-07,Dallas,Grand Junction,773.0
F3800023,211,16:53,18:11,2 hours 18 minutes,2022-03-07,Dallas,Grand Junction,773.0
F3608074,270,06:05,09:06,2 hours 1 minutes,2022-03-09,Grand Junction,Dallas,773.0
F3804190,382,11:29,14:28,1 hours 59 minutes,2022-03-09,Grand Junction,Dallas,773.0
F3856933,209,11:20,14:00,1 hours 40 minutes,2022-03-28,Chicago,Johnstown,487.0
F3812113,212,09:44,10:24,1 hours 40 minutes,2022-03-30,Johnstown,Chicago,487.0
F3494217,190,09:28,12:06,1 hours 38 minutes,2022-03-05,Houston,Atlanta,689.0
F3500415,144,12:31,15:15,1 hours 44 minutes,2022-03-05,Houston,Atlanta,689.0
F3501119,173,16:50,19:34,1 hours 44 minutes,2022-03-05,Houston,Atlanta,689.0
F3504932,328,07:04,09:47,1 hours 43 minutes,2022-03-05,Houston,Atlanta,696.0
F3520600,217,12:20,15:07,1 hours 47 minutes,2022-03-05,Houston,Atlanta,696.0
F3539885,231,15:58,18:38,1 hours 40 minutes,2022-03-05,Houston,Atlanta,696.0
F3542446,190,07:04,09:53,1 hours 49 minutes,2022-03-05,Houston,Atlanta,689.0
F3542595,210,06:01,08:48,1 hours 47 minutes,2022-03-05,Houston,Atlanta,689.0
F3623641,306,18:57,21:49,1 hours 52 minutes,2022-03-05,Houston,Atlanta,689.0
F3971574,219,18:26,21:05,1 hours 39 minutes,2022-03-05,Houston,Atlanta,696.0
F3971575,264,07:23,10:07,1 hours 44 minutes,2022-03-05,Houston,Atlanta,696.0
F4039274,343,11:58,15:09,2 hours 11 minutes,2022-03-05,Houston,Atlanta,689.0
F4040023,169,10:06,13:01,1 hours 55 minutes,2022-03-05,Houston,Atlanta,689.0
F4040666,235,20:02,22:49,1 hours 47 minutes,2022-03-05,Houston,Atlanta,689.0
F4041169,156,18:03,21:04,2 hours 1 minutes,2022-03-05,Houston,Atlanta,689.0
F3495745,161,08:57,10:03,2 hours 6 minutes,2022-03-07,Atlanta,Houston,696.0
F3496498,312,10:19,11:21,2 hours 2 minutes,2022-03-07,Atlanta,Houston,689.0
F3501122,303,13:54,14:56,2 hours 2 minutes,2022-03-07,Atlanta,Houston,689.0
F3501697,141,21:42,22:48,2 hours 6 minutes,2022-03-07,Atlanta,Houston,696.0
F3516552,187,22:57,00:05,2 hours 8 minutes,2022-03-07,Atlanta,Houston,689.0
F3530332,268,15:20,16:27,2 hours 7 minutes,2022-03-07,Atlanta,Houston,696.0
F3546784,256,07:45,08:48,2 hours 3 minutes,2022-03-07,Atlanta,Houston,689.0
F3552055,343,20:06,21:09,2 hours 3 minutes,2022-03-07,Atlanta,Houston,689.0
F3555409,269,17:01,18:18,2 hours 17 minutes,2022-03-07,Atlanta,Houston,689.0
F3623674,171,17:01,18:19,2 hours 18 minutes,2022-03-07,Atlanta,Houston,689.0
F3996805,290,08:42,09:50,2 hours 8 minutes,2022-03-07,Atlanta,Houston,696.0
F3996806,147,19:07,20:18,2 hours 11 minutes,2022-03-07,Atlanta,Houston,696.0
F3996807,192,16:42,18:08,2 hours 26 minutes,2022-03-07,Atlanta,Houston,696.0
F4042442,296,20:39,21:52,2 hours 13 minutes,2022-03-07,Atlanta,Houston,689.0
F4042469,168,09:04,10:20,2 hours 16 minutes,2022-03-07,Atlanta,Houston,689.0
F4042601,326,11:51,13:07,2 hours 16 minutes,2022-03-07,Atlanta,Houston,689.0
F4042963,261,07:03,08:19,2 hours 16 minutes,2022-03-07,Atlanta,Houston,689.0
F4042966,329,15:26,16:46,2 hours 20 minutes,2022-03-07,Atlanta,Houston,689.0
F3760203,231,18:17,21:52,2 hours 35 minutes,2022-03-12,Nashville,Boston,942.0
F4065037,311,15:52,19:39,2 hours 47 minutes,2022-03-12,Nashville,Boston,942.0
F4065059,299,09:31,13:16,2 hours 45 minutes,2022-03-12,Nashville,Boston,942.0
F3763750,424,15:29,17:10,2 hours 41 minutes,2022-03-14,Boston,Nashville,942.0
F3977024,271,19:27,21:06,2 hours 39 minutes,2022-03-14,Boston,Nashville,942.0
F4065476,316,12:25,14:35,3 hours 10 minutes,2022-03-14,Boston,Nashville,942.0
F4065527,359,08:31,10:30,2 hours 59 minutes,2022-03-14,Boston,Nashville,942.0
F4065611,291,19:08,21:03,2 hours 55 minutes,2022-03-14,Boston,Nashville,942.0
F3632209,141,20:05,21:43,1 hours 38 minutes,2022-03-24,Gainesville,Charlotte,388.0
F3788893,102,06:06,07:38,1 hours 32 minutes,2022-03-24,Gainesville,Charlotte,388.0
F3795935,137,17:10,18:25,1 hours 15 minutes,2022-03-24,Gainesville,Charlotte,388.0
F3632195,83,18:05,19:39,1 hours 34 minutes,2022-03-26,Charlotte,Gainesville,388.0
F3790094,162,20:39,22:19,1 hours 40 minutes,2022-03-26,Charlotte,Gainesville,388.0
F3795906,99,12:50,14:10,1 hours 20 minutes,2022-03-26,Charlotte,Gainesville,388.0
F3800848,258,14:36,16:17,1 hours 41 minutes,2022-03-01,Fayetteville,Chicago,522.0
F3839995,125,07:53,09:44,1 hours 51 minutes,2022-03-01,Fayetteville,Chicago,522.0
F3840031,194,14:51,16:46,1 hours 55 minutes,2022-03-01,Fayetteville,Chicago,522.0
F4070108,210,11:47,13:23,1 hours 36 minutes,2022-03-01,Fayetteville,Chicago,522.0
F3590780,216,18:18,20:04,1 hours 46 minutes,2022-03-03,Chicago,Fayetteville,522.0
F3853411,244,13:55,15:39,1 hours 44 minutes,2022-03-03,Chicago,Fayetteville,522.0
F3853415,168,20:00,21:51,1 hours 51 minutes,2022-03-03,Chicago,Fayetteville,522.0
F4070627,157,09:31,11:13,1 hours 42 minutes,2022-03-03,Chicago,Fayetteville,522.0
F3490357,219,10:22,12:17,1 hours 55 minutes,2022-03-05,Miami,Atlanta,594.0
F3491943,144,08:05,10:05,2 hours 0 minutes,2022-03-05,Miami,Atlanta,594.0
F3501429,236,14:07,15:59,1 hours 52 minutes,2022-03-05,Miami,Atlanta,594.0
F3503808,187,06:55,09:07,2 hours 12 minutes,2022-03-05,Miami,Atlanta,594.0
F3524595,125,05:52,07:44,1 hours 52 minutes,2022-03-05,Miami,Atlanta,594.0
F3539986,163,12:22,14:22,2 hours 0 minutes,2022-03-05,Miami,Atlanta,594.0
F3540736,130,16:48,18:37,1 hours 49 minutes,2022-03-05,Miami,Atlanta,594.0
F3549332,242,19:43,21:29,1 hours 46 minutes,2022-03-05,Miami,Atlanta,594.0
F3559666,281,20:22,22:31,2 hours 9 minutes,2022-03-05,Miami,Atlanta,594.0
F3599670,123,12:55,14:44,1 hours 49 minutes,2022-03-05,Miami,Atlanta,594.0
F3610530,153,14:04,15:51,1 hours 47 minutes,2022-03-05,Miami,Atlanta,594.0
F3621395,131,15:35,17:28,1 hours 53 minutes,2022-03-05,Miami,Atlanta,594.0
F3682563,162,21:26,23:11,1 hours 45 minutes,2022-03-05,Miami,Atlanta,594.0
F3699081,181,19:25,21:20,1 hours 55 minutes,2022-03-05,Miami,Atlanta,594.0
F3699143,172,08:46,10:48,2 hours 2 minutes,2022-03-05,Miami,Atlanta,594.0
F3703941,290,15:48,17:40,1 hours 52 minutes,2022-03-05,Miami,Atlanta,594.0
F3712186,154,22:26,00:15,1 hours 49 minutes,2022-03-05,Miami,Atlanta,594.0
F3972304,134,06:25,08:24,1 hours 59 minutes,2022-03-05,Miami,Atlanta,594.0
F3972305,268,16:01,17:53,1 hours 52 minutes,2022-03-05,Miami,Atlanta,594.0
F3491718,227,23:39,01:26,1 hours 47 minutes,2022-03-07,Atlanta,Miami,594.0
F3493849,130,07:08,09:01,1 hours 53 minutes,2022-03-07,Atlanta,Miami,594.0
F3495914,234,19:44,21:33,1 hours 49 minutes,2022-03-07,Atlanta,Miami,594.0
F3514794,287,16:31,18:22,1 hours 51 minutes,2022-03-07,Atlanta,Miami,594.0
F3515494,160,08:56,10:41,1 hours 45 minutes,2022-03-07,Atlanta,Miami,594.0
F3533069,239,11:53,13:39,1 hours 46 minutes,2022-03-07,Atlanta,Miami,594.0
F3540739,225,13:45,15:35,1 hours 50 minutes,2022-03-07,Atlanta,Miami,594.0
F3560560,195,19:09,21:13,2 hours 4 minutes,2022-03-07,Atlanta,Miami,594.0
F3621428,287,12:30,14:15,1 hours 45 minutes,2022-03-07,Atlanta,Miami,594.0
F3686891,240,14:22,16:18,1 hours 56 minutes,2022-03-07,Atlanta,Miami,594.0
F3699114,247,11:52,13:34,1 hours 42 minutes,2022-03-07,Atlanta,Miami,594.0
F3699230,280,08:16,10:09,1 hours 53 minutes,2022-03-07,Atlanta,Miami,594.0
F3701579,181,05:43,07:29,1 hours 46 minutes,2022-03-07,Atlanta,Miami,594.0
F3703912,128,18:42,20:39,1 hours 57 minutes,2022-03-07,Atlanta,Miami,594.0
F3721314,231,06:55,08:42,1 hours 47 minutes,2022-03-07,Atlanta,Miami,594.0
F3996831,248,21:57,23:44,1 hours 47 minutes,2022-03-07,Atlanta,Miami,594.0
F3996832,227,14:23,16:04,1 hours 41 minutes,2022-03-07,Atlanta,Miami,594.0
F3996833,165,11:29,13:12,1 hours 43 minutes,2022-03-07,Atlanta,Miami,594.0
F3491768,126,21:31,22:44,1 hours 13 minutes,2022-03-26,Minneapolis,St. Louis,448.0
F3829871,113,07:58,09:25,1 hours 27 minutes,2022-03-26,Minneapolis,St. Louis,448.0
F3829919,109,13:09,14:35,1 hours 26 minutes,2022-03-26,Minneapolis,St. Louis,448.0
F3498453,95,10:11,11:48,1 hours 37 minutes,2022-03-28,St. Louis,Minneapolis,448.0
F3557598,194,07:23,08:52,1 hours 29 minutes,2022-03-28,St. Louis,Minneapolis,448.0
F3807911,126,20:00,21:57,1 hours 57 minutes,2022-03-28,St. Louis,Minneapolis,448.0
F3808023,158,15:15,16:47,1 hours 32 minutes,2022-03-28,St. Louis,Minneapolis,448.0
F3959734,155,20:48,22:14,1 hours 26 minutes,2022-03-28,St. Louis,Minneapolis,448.0
F3959735,186,08:50,10:21,1 hours 31 minutes,2022-03-28,St. Louis,Minneapolis,448.0
F3802095,381,17:31,18:04,2 hours 33 minutes,2022-03-20,Tulsa,Phoenix,935.0
F3955082,191,10:28,11:06,2 hours 38 minutes,2022-03-20,Tulsa,Phoenix,935.0
F3813482,338,12:34,16:58,2 hours 24 minutes,2022-03-22,Phoenix,Tulsa,935.0
F3984033,463,12:50,17:02,2 hours 12 minutes,2022-03-22,Phoenix,Tulsa,935.0
F3730507,63,13:06,14:37,1 hours 31 minutes,2022-03-20,Charlotte,Charlottesville,245.0
F3731068,111,20:23,21:31,1 hours 8 minutes,2022-03-20,Charlotte,Charlottesville,245.0
F3731181,82,16:22,17:46,1 hours 24 minutes,2022-03-20,Charlotte,Charlottesville,245.0
F3733380,101,22:41,23:58,1 hours 17 minutes,2022-03-20,Charlotte,Charlottesville,245.0
F3735397,53,18:07,19:26,1 hours 19 minutes,2022-03-20,Charlotte,Charlottesville,245.0
F3790711,99,10:38,11:42,1 hours 4 minutes,2022-03-20,Charlotte,Charlottesville,245.0
F3730480,93,15:01,16:18,1 hours 17 minutes,2022-03-22,Charlottesville,Charlotte,245.0
F3730803,56,08:24,09:39,1 hours 15 minutes,2022-03-22,Charlottesville,Charlotte,245.0
F3731154,107,18:05,19:15,1 hours 10 minutes,2022-03-22,Charlottesville,Charlotte,245.0
F3735647,53,06:26,07:38,1 hours 12 minutes,2022-03-22,Charlottesville,Charlotte,245.0
F3790687,64,12:27,13:46,1 hours 19 minutes,2022-03-22,Charlottesville,Charlotte,245.0
F3731475,104,17:17,18:36,1 hours 19 minutes,2022-03-01,Boston,Syracuse,265.0
F3762166,101,21:37,22:44,1 hours 7 minutes,2022-03-01,Boston,Syracuse,265.0
F3731504,79,18:49,19:55,1 hours 6 minutes,2022-03-03,Syracuse,Boston,265.0
F3760962,88,06:48,08:19,1 hours 31 minutes,2022-03-03,Syracuse,Boston,265.0
F3499055,211,21:29,22:48,1 hours 19 minutes,2022-03-02,Minneapolis,St. Louis,448.0
F3556814,223,15:44,17:00,1 hours 16 minutes,2022-03-02,Minneapolis,St. Louis,448.0
F3831674,213,09:08,10:34,1 hours 26 minutes,2022-03-02,Minneapolis,St. Louis,448.0
F3940111,94,12:43,13:57,1 hours 14 minutes,2022-03-02,Minneapolis,St. Louis,448.0
F3556819,108,18:22,19:46,1 hours 24 minutes,2022-03-04,St. Louis,Minneapolis,448.0
F3557574,129,06:01,07:31,1 hours 30 minutes,2022-03-04,St. Louis,Minneapolis,448.0
F3850474,164,15:45,17:20,1 hours 35 minutes,2022-03-04,St. Louis,Minneapolis,448.0
F3850525,125,11:24,13:04,1 hours 40 minutes,2022-03-04,St. Louis,Minneapolis,448.0
F3970518,132,08:36,09:58,1 hours 22 minutes,2022-03-04,St. Louis,Minneapolis,448.0
F3500445,58,13:06,14:00,0 hours 54 minutes,2022-03-06,Knoxville,Atlanta,152.0
F3525727,58,05:24,06:14,0 hours 50 minutes,2022-03-06,Knoxville,Atlanta,152.0
F3541809,59,16:04,16:52,0 hours 48 minutes,2022-03-06,Knoxville,Atlanta,152.0
F3546783,52,18:12,18:57,0 hours 45 minutes,2022-03-06,Knoxville,Atlanta,152.0
F3636207,37,06:29,07:17,0 hours 48 minutes,2022-03-06,Knoxville,Atlanta,152.0
F3645557,41,10:04,10:50,0 hours 46 minutes,2022-03-06,Knoxville,Atlanta,152.0
F3647743,34,08:45,09:38,0 hours 53 minutes,2022-03-06,Knoxville,Atlanta,152.0
F3528823,73,13:57,14:41,0 hours 44 minutes,2022-03-08,Atlanta,Knoxville,152.0
F3537357,53,23:03,23:53,0 hours 50 minutes,2022-03-08,Atlanta,Knoxville,152.0
F3556173,56,10:58,11:44,0 hours 46 minutes,2022-03-08,Atlanta,Knoxville,152.0
F3642770,59,17:57,18:49,0 hours 52 minutes,2022-03-08,Atlanta,Knoxville,152.0
F3645528,63,08:11,08:59,0 hours 48 minutes,2022-03-08,Atlanta,Knoxville,152.0
F3651335,34,21:00,21:49,0 hours 49 minutes,2022-03-08,Atlanta,Knoxville,152.0
F3491756,125,21:31,22:51,1 hours 20 minutes,2022-03-14,Minneapolis,St. Louis,448.0
F3498428,183,07:55,09:30,1 hours 35 minutes,2022-03-14,Minneapolis,St. Louis,448.0
F3848018,126,16:28,17:45,1 hours 17 minutes,2022-03-14,Minneapolis,St. Louis,448.0
F3850151,104,12:57,14:19,1 hours 22 minutes,2022-03-14,Minneapolis,St. Louis,448.0
F3978950,119,17:08,18:25,1 hours 17 minutes,2022-03-14,Minneapolis,St. Louis,448.0
F3498433,142,10:12,11:37,1 hours 25 minutes,2022-03-16,St. Louis,Minneapolis,448.0
F3557586,92,06:03,07:27,1 hours 24 minutes,2022-03-16,St. Louis,Minneapolis,448.0
F3806211,204,18:49,20:13,1 hours 24 minutes,2022-03-16,St. Louis,Minneapolis,448.0
F4007024,219,20:49,22:04,1 hours 15 minutes,2022-03-16,St. Louis,Minneapolis,448.0
F4007025,204,08:49,10:11,1 hours 22 minutes,2022-03-16,St. Louis,Minneapolis,448.0
F3666567,373,13:29,18:41,3 hours 12 minutes,2022-03-15,San Francisco,Dallas,1464.0
F3677329,609,11:28,16:38,3 hours 10 minutes,2022-03-15,San Francisco,Dallas,1464.0
F3679856,374,07:59,13:16,3 hours 17 minutes,2022-03-15,San Francisco,Dallas,1464.0
F3702852,630,05:56,11:30,3 hours 34 minutes,2022-03-15,San Francisco,Dallas,1464.0
F3705390,384,14:19,19:40,3 hours 21 minutes,2022-03-15,San Francisco,Dallas,1464.0
F3727358,631,00:59,06:15,3 hours 16 minutes,2022-03-15,San Francisco,Dallas,1464.0
F3817357,299,08:46,14:14,3 hours 28 minutes,2022-03-15,San Francisco,Dallas,1476.0
F3838196,401,10:49,16:12,3 hours 23 minutes,2022-03-15,San Francisco,Dallas,1464.0
F3661637,445,23:00,00:36,3 hours 36 minutes,2022-03-17,Dallas,San Francisco,1464.0
F3666538,652,10:36,12:21,3 hours 45 minutes,2022-03-17,Dallas,San Francisco,1464.0
F3673066,297,15:31,17:28,3 hours 57 minutes,2022-03-17,Dallas,San Francisco,1464.0
F3677300,551,08:33,10:19,3 hours 46 minutes,2022-03-17,Dallas,San Francisco,1464.0
F3677621,501,20:16,22:01,3 hours 45 minutes,2022-03-17,Dallas,San Francisco,1464.0
F3712512,468,13:26,15:31,4 hours 5 minutes,2022-03-17,Dallas,San Francisco,1464.0
F3717531,595,18:13,19:58,3 hours 45 minutes,2022-03-17,Dallas,San Francisco,1464.0
F3816923,566,16:24,18:39,4 hours 15 minutes,2022-03-17,Dallas,San Francisco,1476.0
F3826901,501,07:06,09:24,4 hours 18 minutes,2022-03-17,Dallas,San Francisco,1464.0
F3607479,196,13:53,16:47,1 hours 54 minutes,2022-03-05,Chicago,Newark,719.0
F3659364,337,15:11,18:02,1 hours 51 minutes,2022-03-05,Chicago,Newark,719.0
F3682763,272,17:33,20:23,1 hours 50 minutes,2022-03-05,Chicago,Newark,719.0
F3691889,225,10:23,13:18,1 hours 55 minutes,2022-03-05,Chicago,Newark,719.0
F3695931,287,21:00,00:17,2 hours 17 minutes,2022-03-05,Chicago,Newark,719.0
F3800498,336,05:58,09:11,2 hours 13 minutes,2022-03-05,Chicago,Newark,719.0
F3902299,328,14:13,17:06,1 hours 53 minutes,2022-03-05,Chicago,Newark,719.0
F3902372,259,05:57,08:55,1 hours 58 minutes,2022-03-05,Chicago,Newark,719.0
F3902377,270,20:52,00:18,2 hours 26 minutes,2022-03-05,Chicago,Newark,719.0
F3902403,319,07:13,10:08,1 hours 55 minutes,2022-03-05,Chicago,Newark,719.0
F3902429,228,18:23,21:14,1 hours 51 minutes,2022-03-05,Chicago,Newark,719.0
F3902590,231,10:48,14:01,2 hours 13 minutes,2022-03-05,Chicago,Newark,719.0
F3903203,159,08:53,12:07,2 hours 14 minutes,2022-03-05,Chicago,Newark,719.0
F3903526,273,12:40,15:38,1 hours 58 minutes,2022-03-05,Chicago,Newark,719.0
F3609570,144,13:06,14:28,2 hours 22 minutes,2022-03-07,Newark,Chicago,719.0
F3691860,348,14:04,15:31,2 hours 27 minutes,2022-03-07,Newark,Chicago,719.0
F3708247,323,07:21,08:55,2 hours 34 minutes,2022-03-07,Newark,Chicago,719.0
F3724591,356,05:22,07:06,2 hours 44 minutes,2022-03-07,Newark,Chicago,719.0
F3799953,334,10:01,11:36,2 hours 35 minutes,2022-03-07,Newark,Chicago,719.0
F3892517,165,11:40,13:04,2 hours 24 minutes,2022-03-07,Newark,Chicago,719.0
F3892855,316,15:12,16:38,2 hours 26 minutes,2022-03-07,Newark,Chicago,719.0
F3893042,345,10:04,11:34,2 hours 30 minutes,2022-03-07,Newark,Chicago,719.0
F3893059,191,18:53,20:31,2 hours 38 minutes,2022-03-07,Newark,Chicago,719.0
F3893103,159,00:05,01:46,2 hours 41 minutes,2022-03-07,Newark,Chicago,719.0
F3893162,236,17:23,18:51,2 hours 28 minutes,2022-03-07,Newark,Chicago,719.0
F3893168,319,06:08,07:45,2 hours 37 minutes,2022-03-07,Newark,Chicago,719.0
F3900317,154,10:26,11:51,2 hours 25 minutes,2022-03-07,Newark,Chicago,719.0
F3900391,174,13:50,15:14,2 hours 24 minutes,2022-03-07,Newark,Chicago,719.0
F3757495,423,15:05,17:57,2 hours 52 minutes,2022-03-07,Boston,Jacksonville,1010.0
F3759940,480,09:46,12:35,2 hours 49 minutes,2022-03-07,Boston,Jacksonville,1010.0
F4063776,438,08:40,11:39,2 hours 59 minutes,2022-03-07,Boston,Jacksonville,1010.0
F4063905,311,15:22,18:22,3 hours 0 minutes,2022-03-07,Boston,Jacksonville,1010.0
F3759945,244,15:28,17:39,2 hours 11 minutes,2022-03-09,Jacksonville,Boston,1010.0
F3762338,248,11:32,13:42,2 hours 10 minutes,2022-03-09,Jacksonville,Boston,1010.0
F4064416,257,18:41,22:13,3 hours 32 minutes,2022-03-09,Jacksonville,Boston,1010.0
F4064510,325,12:41,15:06,2 hours 25 minutes,2022-03-09,Jacksonville,Boston,1010.0
F3806845,164,15:38,17:04,1 hours 26 minutes,2022-03-24,Elmira,Detroit,332.0
F3806847,131,05:52,07:12,1 hours 20 minutes,2022-03-24,Elmira,Detroit,332.0
F3832299,114,14:50,16:18,1 hours 28 minutes,2022-03-26,Detroit,Elmira,332.0
F3832301,132,20:52,22:00,1 hours 8 minutes,2022-03-26,Detroit,Elmira,332.0
F4044847,224,15:40,17:59,2 hours 19 minutes,2022-03-09,Peoria,Dallas,672.0
F4045888,312,08:31,11:12,2 hours 41 minutes,2022-03-09,Peoria,Dallas,672.0
F4044818,308,14:12,16:00,1 hours 48 minutes,2022-03-11,Dallas,Peoria,672.0
F4047717,138,21:48,23:28,1 hours 40 minutes,2022-03-11,Dallas,Peoria,672.0
F3852890,307,14:02,15:06,2 hours 4 minutes,2022-03-12,Tucson,San Francisco,751.0
F3852933,190,18:37,19:43,2 hours 6 minutes,2022-03-12,Tucson,San Francisco,751.0
F3853055,346,08:10,09:14,2 hours 4 minutes,2022-03-12,Tucson,San Francisco,751.0
F3811018,309,09:58,12:00,2 hours 2 minutes,2022-03-14,San Francisco,Tucson,751.0
F3811029,247,20:58,23:04,2 hours 6 minutes,2022-03-14,San Francisco,Tucson,751.0
F3494088,248,14:27,17:12,1 hours 45 minutes,2022-03-13,Milwaukee,Atlanta,669.0
F3502100,275,05:58,09:12,2 hours 14 minutes,2022-03-13,Milwaukee,Atlanta,669.0
F3534527,314,19:17,22:04,1 hours 47 minutes,2022-03-13,Milwaukee,Atlanta,669.0
F3553094,156,10:50,13:41,1 hours 51 minutes,2022-03-13,Milwaukee,Atlanta,669.0
F3553713,257,07:15,10:16,2 hours 1 minutes,2022-03-13,Milwaukee,Atlanta,669.0
F3975389,168,17:33,20:24,1 hours 51 minutes,2022-03-13,Milwaukee,Atlanta,669.0
F3494091,168,12:26,13:11,1 hours 45 minutes,2022-03-15,Atlanta,Milwaukee,669.0
F3536977,199,17:52,18:53,2 hours 1 minutes,2022-03-15,Atlanta,Milwaukee,669.0
F3548507,197,00:20,01:03,1 hours 43 minutes,2022-03-15,Atlanta,Milwaukee,669.0
F3553097,136,09:15,10:02,1 hours 47 minutes,2022-03-15,Atlanta,Milwaukee,669.0
F4000498,202,21:16,22:21,2 hours 5 minutes,2022-03-15,Atlanta,Milwaukee,669.0
F4044470,187,12:31,15:00,1 hours 29 minutes,2022-03-08,Santa Barbara,Phoenix,455.0
F4044941,162,06:16,08:46,1 hours 30 minutes,2022-03-08,Santa Barbara,Phoenix,455.0
F4043609,180,18:31,19:06,1 hours 35 minutes,2022-03-10,Phoenix,Santa Barbara,455.0
F4044447,223,13:01,13:24,1 hours 23 minutes,2022-03-10,Phoenix,Santa Barbara,455.0
F4048207,180,21:26,21:55,1 hours 29 minutes,2022-03-10,Phoenix,Santa Barbara,455.0
F3601950,194,15:07,16:39,1 hours 32 minutes,2022-03-01,Washington,Cincinnati,411.0
F3604380,115,19:51,21:19,1 hours 28 minutes,2022-03-01,Washington,Cincinnati,411.0
F3605379,90,09:56,11:35,1 hours 39 minutes,2022-03-01,Washington,Cincinnati,411.0
F3644699,165,08:57,10:37,1 hours 40 minutes,2022-03-01,Washington,Cincinnati,411.0
F3645823,164,20:50,22:15,1 hours 25 minutes,2022-03-01,Washington,Cincinnati,411.0
F3652578,94,13:47,15:25,1 hours 38 minutes,2022-03-01,Washington,Cincinnati,411.0
F3934196,131,11:07,12:41,1 hours 34 minutes,2022-03-01,Washington,Cincinnati,388.0
F4042200,192,17:12,18:43,1 hours 31 minutes,2022-03-01,Washington,Cincinnati,388.0
F3588750,113,12:23,13:44,1 hours 21 minutes,2022-03-03,Cincinnati,Washington,411.0
F3601925,130,17:32,18:53,1 hours 21 minutes,2022-03-03,Cincinnati,Washington,411.0
F3604176,82,06:34,07:53,1 hours 19 minutes,2022-03-03,Cincinnati,Washington,411.0
F3639492,135,18:00,19:26,1 hours 26 minutes,2022-03-03,Cincinnati,Washington,411.0
F3644670,156,06:27,08:13,1 hours 46 minutes,2022-03-03,Cincinnati,Washington,411.0
F3649774,162,11:27,12:43,1 hours 16 minutes,2022-03-03,Cincinnati,Washington,411.0
F3933181,83,14:36,16:05,1 hours 29 minutes,2022-03-03,Cincinnati,Washington,388.0
F4041850,130,08:12,09:27,1 hours 15 minutes,2022-03-03,Cincinnati,Washington,388.0
F3824380,191,17:16,19:11,1 hours 55 minutes,2022-03-04,Memphis,Houston,468.0
F3904223,96,06:56,08:27,1 hours 31 minutes,2022-03-04,Memphis,Houston,468.0
F3932423,225,11:47,13:46,1 hours 59 minutes,2022-03-04,Memphis,Houston,468.0
F3969446,190,06:35,08:06,1 hours 31 minutes,2022-03-04,Memphis,Houston,484.0
F3844020,123,14:35,16:17,1 hours 42 minutes,2022-03-06,Houston,Memphis,468.0
F3901463,200,21:26,22:49,1 hours 23 minutes,2022-03-06,Houston,Memphis,468.0
F3931396,172,09:34,11:08,1 hours 34 minutes,2022-03-06,Houston,Memphis,468.0
F3650994,55,17:46,17:36,0 hours 50 minutes,2022-03-07,Atlanta,Montgomery,147.0
F3651390,55,12:46,12:39,0 hours 53 minutes,2022-03-07,Atlanta,Montgomery,147.0
F3655073,44,21:04,20:57,0 hours 53 minutes,2022-03-07,Atlanta,Montgomery,147.0
F3656603,57,08:53,08:39,0 hours 46 minutes,2022-03-07,Atlanta,Montgomery,147.0
F3646685,63,06:47,08:48,1 hours 1 minutes,2022-03-09,Montgomery,Atlanta,147.0
F3651023,36,18:25,20:25,1 hours 0 minutes,2022-03-09,Montgomery,Atlanta,147.0
F3651423,54,13:29,15:28,0 hours 59 minutes,2022-03-09,Montgomery,Atlanta,147.0
F3656630,66,09:33,11:29,0 hours 56 minutes,2022-03-09,Montgomery,Atlanta,147.0
F3925390,68,06:52,08:04,1 hours 12 minutes,2022-03-16,Baton Rouge,Houston,253.0
F3925394,107,14:03,15:08,1 hours 5 minutes,2022-03-16,Baton Rouge,Houston,253.0
F3925398,109,09:22,10:35,1 hours 13 minutes,2022-03-16,Baton Rouge,Houston,253.0
F3925405,88,12:01,13:09,1 hours 8 minutes,2022-03-16,Baton Rouge,Houston,253.0
F3925687,94,16:53,18:08,1 hours 15 minutes,2022-03-16,Baton Rouge,Houston,253.0
F3924245,106,19:56,21:11,1 hours 15 minutes,2022-03-18,Houston,Baton Rouge,253.0
F3924431,102,17:02,18:06,1 hours 4 minutes,2022-03-18,Houston,Baton Rouge,253.0
F3924493,93,09:59,11:36,1 hours 37 minutes,2022-03-18,Houston,Baton Rouge,253.0
F3924507,84,17:35,18:48,1 hours 13 minutes,2022-03-18,Houston,Baton Rouge,253.0
F3924519,95,12:17,13:29,1 hours 12 minutes,2022-03-18,Houston,Baton Rouge,253.0
F3739495,152,08:18,09:29,2 hours 11 minutes,2022-03-07,Seattle,Ketchikan,680.0
F3739502,316,15:38,16:46,2 hours 8 minutes,2022-03-07,Seattle,Ketchikan,680.0
F3739508,140,18:39,19:40,2 hours 1 minutes,2022-03-07,Seattle,Ketchikan,680.0
F3740634,136,09:02,11:48,1 hours 46 minutes,2022-03-09,Ketchikan,Seattle,680.0
F3740640,197,13:31,16:13,1 hours 42 minutes,2022-03-09,Ketchikan,Seattle,680.0
F3740647,288,17:38,20:31,1 hours 53 minutes,2022-03-09,Ketchikan,Seattle,680.0
F3708006,285,09:28,13:12,2 hours 44 minutes,2022-03-01,Phoenix,New Orleans,1300.0
F3937223,608,15:24,19:02,2 hours 38 minutes,2022-03-01,Phoenix,New Orleans,1300.0
F3701999,387,18:05,20:39,3 hours 34 minutes,2022-03-03,New Orleans,Phoenix,1300.0
F3966303,518,13:04,15:31,3 hours 27 minutes,2022-03-03,New Orleans,Phoenix,1300.0
F3562088,235,18:41,22:11,2 hours 30 minutes,2022-03-11,Sacramento,Denver,909.0
F3878621,288,05:41,08:59,2 hours 18 minutes,2022-03-11,Sacramento,Denver,909.0
F3878663,191,16:06,19:26,2 hours 20 minutes,2022-03-11,Sacramento,Denver,909.0
F3878780,393,08:48,12:08,2 hours 20 minutes,2022-03-11,Sacramento,Denver,909.0
F3878911,355,13:03,16:25,2 hours 22 minutes,2022-03-11,Sacramento,Denver,909.0
F3946870,351,18:37,22:20,2 hours 43 minutes,2022-03-11,Sacramento,Denver,909.0
F3946871,374,09:53,13:14,2 hours 21 minutes,2022-03-11,Sacramento,Denver,909.0
F3946872,321,15:35,18:52,2 hours 17 minutes,2022-03-11,Sacramento,Denver,909.0
F3946873,189,05:15,08:53,2 hours 38 minutes,2022-03-11,Sacramento,Denver,909.0
F3875717,371,13:35,14:59,2 hours 24 minutes,2022-03-13,Denver,Sacramento,909.0
F3876408,198,19:26,20:54,2 hours 28 minutes,2022-03-13,Denver,Sacramento,909.0
F3876706,450,20:58,22:24,2 hours 26 minutes,2022-03-13,Denver,Sacramento,909.0
F3876748,356,08:05,09:34,2 hours 29 minutes,2022-03-13,Denver,Sacramento,909.0
F3974260,215,07:21,08:52,2 hours 31 minutes,2022-03-13,Denver,Sacramento,909.0
F3974261,290,10:29,12:01,2 hours 32 minutes,2022-03-13,Denver,Sacramento,909.0
F3974262,185,01:01,02:26,2 hours 25 minutes,2022-03-13,Denver,Sacramento,909.0
F3974263,329,14:02,15:23,2 hours 21 minutes,2022-03-13,Denver,Sacramento,909.0
F3686702,148,20:24,21:45,1 hours 21 minutes,2022-03-18,Phoenix,Los Angeles,370.0
F3688054,74,14:43,16:23,1 hours 40 minutes,2022-03-18,Phoenix,Los Angeles,370.0
F3692197,74,09:56,11:23,1 hours 27 minutes,2022-03-18,Phoenix,Los Angeles,370.0
F3703234,134,17:53,19:11,1 hours 18 minutes,2022-03-18,Phoenix,Los Angeles,370.0
F3724818,101,06:20,07:45,1 hours 25 minutes,2022-03-18,Phoenix,Los Angeles,370.0
F3726897,151,07:40,09:01,1 hours 21 minutes,2022-03-18,Phoenix,Los Angeles,370.0
F3835421,135,10:12,11:42,1 hours 30 minutes,2022-03-18,Phoenix,Los Angeles,370.0
F3835475,127,20:01,21:20,1 hours 19 minutes,2022-03-18,Phoenix,Los Angeles,370.0
F3835627,100,14:59,16:20,1 hours 21 minutes,2022-03-18,Phoenix,Los Angeles,370.0
F3835803,167,05:57,07:33,1 hours 36 minutes,2022-03-18,Phoenix,Los Angeles,370.0
F3835823,135,17:53,19:14,1 hours 21 minutes,2022-03-18,Phoenix,Los Angeles,370.0
F3841901,133,16:25,17:47,1 hours 22 minutes,2022-03-18,Phoenix,Los Angeles,370.0
F3841942,160,11:14,12:37,1 hours 23 minutes,2022-03-18,Phoenix,Los Angeles,370.0
F3909158,168,05:56,07:25,1 hours 29 minutes,2022-03-18,Phoenix,Los Angeles,370.0
F4028490,111,16:19,17:30,1 hours 11 minutes,2022-03-18,Phoenix,Los Angeles,370.0
F4028491,95,19:39,20:51,1 hours 12 minutes,2022-03-18,Phoenix,Los Angeles,370.0
F4028492,133,05:22,06:46,1 hours 24 minutes,2022-03-18,Phoenix,Los Angeles,370.0
F4028493,124,09:41,11:01,1 hours 20 minutes,2022-03-18,Phoenix,Los Angeles,370.0
F4028494,143,14:21,15:30,1 hours 9 minutes,2022-03-18,Phoenix,Los Angeles,370.0
F4028495,93,22:43,23:51,1 hours 8 minutes,2022-03-18,Phoenix,Los Angeles,370.0
F3676122,178,10:58,12:21,1 hours 23 minutes,2022-03-20,Los Angeles,Phoenix,370.0
F3683053,166,18:50,20:06,1 hours 16 minutes,2022-03-20,Los Angeles,Phoenix,370.0
F3685370,114,12:33,13:56,1 hours 23 minutes,2022-03-20,Los Angeles,Phoenix,370.0
F3695116,137,16:39,18:04,1 hours 25 minutes,2022-03-20,Los Angeles,Phoenix,370.0
F3697305,98,18:02,19:41,1 hours 39 minutes,2022-03-20,Los Angeles,Phoenix,370.0
F3705487,143,05:59,07:28,1 hours 29 minutes,2022-03-20,Los Angeles,Phoenix,370.0
F3845618,140,08:02,09:25,1 hours 23 minutes,2022-03-20,Los Angeles,Phoenix,370.0
F3845672,132,17:15,18:38,1 hours 23 minutes,2022-03-20,Los Angeles,Phoenix,370.0
F3845823,137,12:51,14:10,1 hours 19 minutes,2022-03-20,Los Angeles,Phoenix,370.0
F3846007,114,20:13,21:27,1 hours 14 minutes,2022-03-20,Los Angeles,Phoenix,370.0
F3847710,147,15:42,17:08,1 hours 26 minutes,2022-03-20,Los Angeles,Phoenix,370.0
F3852410,182,07:56,09:17,1 hours 21 minutes,2022-03-20,Los Angeles,Phoenix,370.0
F3852431,181,14:21,15:38,1 hours 17 minutes,2022-03-20,Los Angeles,Phoenix,370.0
F3898240,83,20:26,21:46,1 hours 20 minutes,2022-03-20,Los Angeles,Phoenix,370.0
F3953340,161,18:49,20:02,1 hours 13 minutes,2022-03-20,Los Angeles,Phoenix,370.0
F3953341,136,22:57,00:17,1 hours 20 minutes,2022-03-20,Los Angeles,Phoenix,370.0
F3953342,103,20:07,21:34,1 hours 27 minutes,2022-03-20,Los Angeles,Phoenix,370.0
F3953343,119,05:00,06:07,1 hours 7 minutes,2022-03-20,Los Angeles,Phoenix,370.0
F3953344,118,09:29,10:43,1 hours 14 minutes,2022-03-20,Los Angeles,Phoenix,370.0
F3953345,178,13:46,15:01,1 hours 15 minutes,2022-03-20,Los Angeles,Phoenix,370.0
F3822245,202,17:26,20:04,1 hours 38 minutes,2022-03-04,Denver,Oklahoma City,495.0
F3824175,119,13:52,16:37,1 hours 45 minutes,2022-03-04,Denver,Oklahoma City,495.0
F3840547,231,11:19,13:52,1 hours 33 minutes,2022-03-04,Denver,Oklahoma City,495.0
F3840699,138,20:31,23:11,1 hours 40 minutes,2022-03-04,Denver,Oklahoma City,495.0
F3968424,208,10:23,12:52,1 hours 29 minutes,2022-03-04,Denver,Oklahoma City,495.0
F3968425,232,13:41,16:16,1 hours 35 minutes,2022-03-04,Denver,Oklahoma City,495.0
F3560276,140,16:10,16:55,1 hours 45 minutes,2022-03-06,Oklahoma City,Denver,495.0
F3821304,246,06:34,07:37,2 hours 3 minutes,2022-03-06,Oklahoma City,Denver,495.0
F3821713,199,19:09,20:25,2 hours 16 minutes,2022-03-06,Oklahoma City,Denver,495.0
F3825693,220,12:06,12:57,1 hours 51 minutes,2022-03-06,Oklahoma City,Denver,495.0
F3844029,236,09:33,10:44,2 hours 11 minutes,2022-03-06,Oklahoma City,Denver,495.0
F3995800,145,06:16,06:54,1 hours 38 minutes,2022-03-06,Oklahoma City,Denver,495.0
F3995801,171,17:28,18:07,1 hours 39 minutes,2022-03-06,Oklahoma City,Denver,495.0
F3488478,1175,12:25,20:51,5 hours 26 minutes,2022-03-26,Honolulu,Los Angeles,2556.0
F3582569,919,14:37,23:04,5 hours 27 minutes,2022-03-26,Honolulu,Los Angeles,2556.0
F3582631,1267,21:23,05:40,5 hours 17 minutes,2022-03-26,Honolulu,Los Angeles,2556.0
F3582797,727,07:54,16:18,5 hours 24 minutes,2022-03-26,Honolulu,Los Angeles,2556.0
F3657387,1205,21:47,06:15,5 hours 28 minutes,2022-03-26,Honolulu,Los Angeles,2556.0
F3657418,811,12:31,20:54,5 hours 23 minutes,2022-03-26,Honolulu,Los Angeles,2556.0
F3719291,1221,06:56,15:23,5 hours 27 minutes,2022-03-26,Honolulu,Los Angeles,2556.0
F3751404,924,15:15,23:46,5 hours 31 minutes,2022-03-26,Honolulu,Los Angeles,2556.0
F3778689,538,21:42,05:47,5 hours 5 minutes,2022-03-26,Honolulu,Los Angeles,2556.0
F3779873,1134,07:20,15:46,5 hours 26 minutes,2022-03-26,Honolulu,Los Angeles,2556.0
F3881973,1197,15:22,23:52,5 hours 30 minutes,2022-03-26,Honolulu,Los Angeles,2556.0
F3882167,826,13:16,21:32,5 hours 16 minutes,2022-03-26,Honolulu,Los Angeles,2556.0
F3882174,1269,08:27,16:41,5 hours 14 minutes,2022-03-26,Honolulu,Los Angeles,2556.0
F3882471,885,22:11,06:06,4 hours 55 minutes,2022-03-26,Honolulu,Los Angeles,2556.0
F4031671,642,07:15,15:39,5 hours 24 minutes,2022-03-26,Honolulu,Los Angeles,2556.0
F4031672,569,16:36,00:48,5 hours 12 minutes,2022-03-26,Honolulu,Los Angeles,2556.0
F3488049,1100,08:02,11:00,5 hours 58 minutes,2022-03-28,Los Angeles,Honolulu,2556.0
F3582540,1043,07:00,09:58,5 hours 58 minutes,2022-03-28,Los Angeles,Honolulu,2556.0
F3582602,974,09:56,12:48,5 hours 52 minutes,2022-03-28,Los Angeles,Honolulu,2556.0
F3582768,839,17:55,20:45,5 hours 50 minutes,2022-03-28,Los Angeles,Honolulu,2556.0
F3656986,1092,07:59,11:03,6 hours 4 minutes,2022-03-28,Los Angeles,Honolulu,2556.0
F3657360,860,15:09,17:43,5 hours 34 minutes,2022-03-28,Los Angeles,Honolulu,2556.0
F3657890,1157,18:30,21:09,5 hours 39 minutes,2022-03-28,Los Angeles,Honolulu,2556.0
F3752645,1255,12:48,15:35,5 hours 47 minutes,2022-03-28,Los Angeles,Honolulu,2556.0
F3778660,1192,13:26,16:16,5 hours 50 minutes,2022-03-28,Los Angeles,Honolulu,2556.0
F3782153,784,17:19,19:58,5 hours 39 minutes,2022-03-28,Los Angeles,Honolulu,2556.0
F3872227,658,13:41,16:20,5 hours 39 minutes,2022-03-28,Los Angeles,Honolulu,2556.0
F3872310,1090,10:45,13:33,5 hours 48 minutes,2022-03-28,Los Angeles,Honolulu,2556.0
F3872355,1187,16:45,19:23,5 hours 38 minutes,2022-03-28,Los Angeles,Honolulu,2556.0
F3872359,1106,09:00,11:54,5 hours 54 minutes,2022-03-28,Los Angeles,Honolulu,2556.0
F3958072,687,06:59,09:53,5 hours 54 minutes,2022-03-28,Los Angeles,Honolulu,2556.0
F3958073,1241,13:47,16:27,5 hours 40 minutes,2022-03-28,Los Angeles,Honolulu,2556.0
F3843424,308,13:19,15:26,2 hours 7 minutes,2022-03-26,Denver,Great Falls,623.0
F3843425,244,18:54,21:03,2 hours 9 minutes,2022-03-26,Denver,Great Falls,623.0
F3843427,161,11:26,13:33,2 hours 7 minutes,2022-03-26,Denver,Great Falls,623.0
F3856778,167,06:43,08:31,1 hours 48 minutes,2022-03-28,Great Falls,Denver,623.0
F3857142,141,14:30,16:27,1 hours 57 minutes,2022-03-28,Great Falls,Denver,623.0
F3857349,272,15:58,18:15,2 hours 17 minutes,2022-03-28,Great Falls,Denver,623.0
F4077300,46,10:52,11:44,0 hours 52 minutes,2022-03-29,Albany,Newark,143.0
F4077302,62,05:39,06:38,0 hours 59 minutes,2022-03-29,Albany,Newark,143.0
F4077303,38,17:24,18:45,1 hours 21 minutes,2022-03-29,Albany,Newark,143.0
F4077969,30,16:07,17:12,1 hours 5 minutes,2022-03-31,Newark,Albany,143.0
F4078175,70,09:25,10:48,1 hours 23 minutes,2022-03-31,Newark,Albany,143.0
F3761622,134,07:38,09:26,1 hours 48 minutes,2022-03-29,Newark,Charleston,628.0
F3870429,203,15:59,17:50,1 hours 51 minutes,2022-03-29,Newark,Charleston,628.0
F3870595,156,07:18,09:17,1 hours 59 minutes,2022-03-29,Newark,Charleston,628.0
F4077339,200,14:11,16:52,2 hours 41 minutes,2022-03-29,Newark,Charleston,628.0
F4077475,284,09:58,11:59,2 hours 1 minutes,2022-03-29,Newark,Charleston,628.0
F4077585,291,19:58,22:12,2 hours 14 minutes,2022-03-29,Newark,Charleston,628.0
F3762867,177,11:29,13:15,1 hours 46 minutes,2022-03-31,Charleston,Newark,628.0
F3867768,279,11:46,13:27,1 hours 41 minutes,2022-03-31,Charleston,Newark,628.0
F3867784,258,07:00,09:05,2 hours 5 minutes,2022-03-31,Charleston,Newark,628.0
F4077916,255,05:44,07:51,2 hours 7 minutes,2022-03-31,Charleston,Newark,628.0
F4078020,146,15:56,17:45,1 hours 49 minutes,2022-03-31,Charleston,Newark,628.0
F3522268,370,22:29,00:16,1 hours 47 minutes,2022-03-14,Atlanta,Rochester,749.0
F3536755,219,10:50,12:44,1 hours 54 minutes,2022-03-14,Atlanta,Rochester,749.0
F3551443,364,15:23,17:20,1 hours 57 minutes,2022-03-14,Atlanta,Rochester,749.0
F3500364,307,18:20,20:30,2 hours 10 minutes,2022-03-16,Rochester,Atlanta,749.0
F3536760,236,13:20,15:27,2 hours 7 minutes,2022-03-16,Rochester,Atlanta,749.0
F3543502,280,08:14,10:27,2 hours 13 minutes,2022-03-16,Rochester,Atlanta,749.0
F3590789,254,17:33,19:19,1 hours 46 minutes,2022-03-13,Chicago,Fayetteville,522.0
F3598806,223,07:55,09:32,1 hours 37 minutes,2022-03-13,Chicago,Fayetteville,522.0
F3600304,140,15:00,16:34,1 hours 34 minutes,2022-03-13,Chicago,Fayetteville,522.0
F3822957,228,13:18,15:00,1 hours 42 minutes,2022-03-13,Chicago,Fayetteville,522.0
F3822962,256,20:07,22:04,1 hours 57 minutes,2022-03-13,Chicago,Fayetteville,522.0
F3927542,188,08:48,10:35,1 hours 47 minutes,2022-03-13,Chicago,Fayetteville,522.0
F3597527,226,10:09,11:53,1 hours 44 minutes,2022-03-15,Fayetteville,Chicago,522.0
F3600335,116,17:09,18:54,1 hours 45 minutes,2022-03-15,Fayetteville,Chicago,522.0
F3838205,148,14:35,16:32,1 hours 57 minutes,2022-03-15,Fayetteville,Chicago,522.0
F3838209,204,07:56,09:46,1 hours 50 minutes,2022-03-15,Fayetteville,Chicago,522.0
F4073789,121,11:43,13:21,1 hours 38 minutes,2022-03-15,Fayetteville,Chicago,522.0
F3659087,298,21:19,22:37,3 hours 18 minutes,2022-03-29,Dallas,Santa Ana,1205.0
F3667259,309,17:50,19:00,3 hours 10 minutes,2022-03-29,Dallas,Santa Ana,1205.0
F3674056,466,09:26,10:44,3 hours 18 minutes,2022-03-29,Dallas,Santa Ana,1205.0
F3678816,565,12:48,14:17,3 hours 29 minutes,2022-03-29,Dallas,Santa Ana,1205.0
F3686382,573,19:03,20:13,3 hours 10 minutes,2022-03-29,Dallas,Santa Ana,1205.0
F3705246,574,10:30,12:09,3 hours 39 minutes,2022-03-29,Dallas,Santa Ana,1205.0
F3708061,315,08:35,09:54,3 hours 19 minutes,2022-03-29,Dallas,Santa Ana,1205.0
F3960699,403,12:45,14:01,3 hours 16 minutes,2022-03-29,Dallas,Santa Ana,1216.0
F3672710,502,08:08,12:54,2 hours 46 minutes,2022-03-31,Santa Ana,Dallas,1205.0
F3673518,559,16:44,21:32,2 hours 48 minutes,2022-03-31,Santa Ana,Dallas,1205.0
F3674089,543,13:31,18:32,3 hours 1 minutes,2022-03-31,Santa Ana,Dallas,1205.0
F3675605,571,18:44,23:28,2 hours 44 minutes,2022-03-31,Santa Ana,Dallas,1205.0
F3679004,348,13:02,17:43,2 hours 41 minutes,2022-03-31,Santa Ana,Dallas,1205.0
F3686066,251,14:31,19:16,2 hours 45 minutes,2022-03-31,Santa Ana,Dallas,1205.0
F3708090,477,10:56,15:42,2 hours 46 minutes,2022-03-31,Santa Ana,Dallas,1205.0
F3716041,512,06:43,11:30,2 hours 47 minutes,2022-03-31,Santa Ana,Dallas,1205.0
F3992644,604,14:53,19:31,2 hours 38 minutes,2022-03-31,Santa Ana,Dallas,1216.0
F3889131,371,06:25,08:31,3 hours 6 minutes,2022-03-09,Raleigh,Houston,1042.0
F4042740,234,14:49,16:59,3 hours 10 minutes,2022-03-09,Raleigh,Houston,1042.0
F3826041,52,10:17,11:51,1 hours 34 minutes,2022-03-11,Houston,Austin,140.0
F3878940,35,15:28,16:17,0 hours 49 minutes,2022-03-11,Houston,Austin,140.0
F3879214,37,18:24,19:18,0 hours 54 minutes,2022-03-11,Houston,Austin,140.0
F3879376,47,12:12,13:10,0 hours 58 minutes,2022-03-11,Houston,Austin,140.0
F3879434,36,22:08,23:15,1 hours 7 minutes,2022-03-11,Houston,Austin,140.0
F3879449,51,16:23,17:35,1 hours 12 minutes,2022-03-11,Houston,Austin,140.0
F3944980,47,09:45,10:26,0 hours 41 minutes,2022-03-11,Houston,Austin,148.0
F3944981,63,11:08,11:56,0 hours 48 minutes,2022-03-11,Houston,Austin,148.0
F3944982,48,20:44,21:49,1 hours 5 minutes,2022-03-11,Houston,Austin,148.0
F3944983,71,16:14,17:53,1 hours 39 minutes,2022-03-11,Houston,Austin,148.0
F3944984,46,00:36,01:27,0 hours 51 minutes,2022-03-11,Houston,Austin,148.0
F4043000,56,07:58,08:49,0 hours 51 minutes,2022-03-11,Houston,Austin,140.0
F3593712,256,19:55,23:32,2 hours 37 minutes,2022-03-13,Austin,Raleigh,1162.0
F3597613,241,08:32,12:08,2 hours 36 minutes,2022-03-13,Austin,Raleigh,1162.0
F3635395,321,13:30,17:21,2 hours 51 minutes,2022-03-13,Austin,Raleigh,1162.0
F3973343,330,15:10,18:34,2 hours 24 minutes,2022-03-13,Austin,Raleigh,1162.0
F3608130,242,17:46,19:33,1 hours 47 minutes,2022-03-03,St. Louis,Dallas,550.0
F3679581,193,16:05,18:01,1 hours 56 minutes,2022-03-03,St. Louis,Dallas,550.0
F3709409,274,11:39,13:27,1 hours 48 minutes,2022-03-03,St. Louis,Dallas,550.0
F3711509,177,05:31,07:07,1 hours 36 minutes,2022-03-03,St. Louis,Dallas,550.0
F3715498,117,13:28,15:04,1 hours 36 minutes,2022-03-03,St. Louis,Dallas,550.0
F3716910,113,07:11,08:54,1 hours 43 minutes,2022-03-03,St. Louis,Dallas,550.0
F3935427,136,06:00,07:34,1 hours 34 minutes,2022-03-03,St. Louis,Dallas,546.0
F3967300,244,08:55,10:27,1 hours 32 minutes,2022-03-03,St. Louis,Dallas,546.0
F3967301,140,21:44,23:24,1 hours 40 minutes,2022-03-03,St. Louis,Dallas,546.0
F3967302,158,15:11,16:49,1 hours 38 minutes,2022-03-03,St. Louis,Dallas,546.0
F3967303,207,17:36,19:10,1 hours 34 minutes,2022-03-03,St. Louis,Dallas,546.0
F3667550,81,07:02,08:10,1 hours 8 minutes,2022-03-05,Dallas,Houston,224.0
F3677084,83,22:22,23:17,0 hours 55 minutes,2022-03-05,Dallas,Houston,224.0
F3710116,89,20:52,21:57,1 hours 5 minutes,2022-03-05,Dallas,Houston,224.0
F3710232,48,19:08,20:09,1 hours 1 minutes,2022-03-05,Dallas,Houston,224.0
F3718920,76,10:17,11:21,1 hours 4 minutes,2022-03-05,Dallas,Houston,224.0
F3719034,92,14:58,15:57,0 hours 59 minutes,2022-03-05,Dallas,Houston,224.0
F3723604,64,17:22,19:05,1 hours 43 minutes,2022-03-05,Dallas,Houston,224.0
F3723693,72,12:20,13:32,1 hours 12 minutes,2022-03-05,Dallas,Houston,224.0
F3842466,81,12:01,13:14,1 hours 13 minutes,2022-03-05,Dallas,Houston,224.0
F3903055,110,06:55,08:01,1 hours 6 minutes,2022-03-05,Dallas,Houston,224.0
F3903256,63,17:21,19:12,1 hours 51 minutes,2022-03-05,Dallas,Houston,224.0
F3903380,74,14:19,15:26,1 hours 7 minutes,2022-03-05,Dallas,Houston,224.0
F3971171,103,08:28,09:31,1 hours 3 minutes,2022-03-05,Dallas,Houston,239.0
F3971172,80,10:55,11:54,0 hours 59 minutes,2022-03-05,Dallas,Houston,239.0
F3971173,55,13:57,14:55,0 hours 58 minutes,2022-03-05,Dallas,Houston,239.0
F3971174,65,16:27,17:30,1 hours 3 minutes,2022-03-05,Dallas,Houston,239.0
F3971175,112,20:53,21:46,0 hours 53 minutes,2022-03-05,Dallas,Houston,239.0
F3971176,105,06:38,07:35,0 hours 57 minutes,2022-03-05,Dallas,Houston,239.0
F3971177,48,14:55,15:55,1 hours 0 minutes,2022-03-05,Dallas,Houston,216.0
F3971178,73,20:08,20:59,0 hours 51 minutes,2022-03-05,Dallas,Houston,216.0
F4038844,100,15:10,16:16,1 hours 6 minutes,2022-03-05,Dallas,Houston,224.0
F4039056,83,09:39,10:45,1 hours 6 minutes,2022-03-05,Dallas,Houston,224.0
F4046235,73,19:07,20:25,1 hours 18 minutes,2022-03-05,Dallas,Houston,247.0
F4047170,111,14:31,15:33,1 hours 2 minutes,2022-03-05,Dallas,Houston,247.0
F4047542,107,08:34,09:41,1 hours 7 minutes,2022-03-05,Dallas,Houston,247.0
F4048131,72,22:26,23:30,1 hours 4 minutes,2022-03-05,Dallas,Houston,247.0
F3836672,290,07:41,09:41,2 hours 0 minutes,2022-03-07,Houston,St. Louis,667.0
F3930798,294,09:56,12:08,2 hours 12 minutes,2022-03-07,Houston,St. Louis,667.0
F3930861,257,13:11,15:05,1 hours 54 minutes,2022-03-07,Houston,St. Louis,667.0
F3998035,317,07:59,09:42,1 hours 43 minutes,2022-03-07,Houston,St. Louis,687.0
F3998036,246,18:48,20:31,1 hours 43 minutes,2022-03-07,Houston,St. Louis,687.0
F4042253,133,20:16,22:02,1 hours 46 minutes,2022-03-07,Houston,St. Louis,667.0
F3566869,218,17:35,19:52,2 hours 17 minutes,2022-03-22,Cleveland,Orlando,895.0
F3566873,287,13:10,15:54,2 hours 44 minutes,2022-03-22,Cleveland,Orlando,895.0
F3566959,377,05:50,08:44,2 hours 54 minutes,2022-03-22,Cleveland,Orlando,895.0
F3614313,401,12:03,14:26,2 hours 23 minutes,2022-03-22,Cleveland,Orlando,895.0
F3625694,253,07:36,09:53,2 hours 17 minutes,2022-03-22,Cleveland,Orlando,895.0
F3627371,360,19:40,22:28,2 hours 48 minutes,2022-03-22,Cleveland,Orlando,895.0
F3894626,294,17:55,20:20,2 hours 25 minutes,2022-03-22,Cleveland,Orlando,895.0
F3896060,278,19:03,21:24,2 hours 21 minutes,2022-03-22,Cleveland,Orlando,895.0
F3564743,259,17:21,19:56,2 hours 35 minutes,2022-03-17,Las Vegas,Portland,763.0
F3616697,285,10:23,12:45,2 hours 22 minutes,2022-03-17,Las Vegas,Portland,763.0
F3620448,177,17:11,19:26,2 hours 15 minutes,2022-03-17,Las Vegas,Portland,763.0
F3622877,348,21:33,23:52,2 hours 19 minutes,2022-03-17,Las Vegas,Portland,763.0
F3745772,231,18:37,21:04,2 hours 27 minutes,2022-03-17,Las Vegas,Portland,763.0
F3745798,323,07:03,09:29,2 hours 26 minutes,2022-03-17,Las Vegas,Portland,763.0
F3745800,291,10:11,12:32,2 hours 21 minutes,2022-03-17,Las Vegas,Portland,763.0
F3862189,360,13:47,16:10,2 hours 23 minutes,2022-03-17,Las Vegas,Portland,763.0
F3862300,184,16:26,18:49,2 hours 23 minutes,2022-03-17,Las Vegas,Portland,763.0
F4023960,255,10:06,12:21,2 hours 15 minutes,2022-03-17,Las Vegas,Portland,763.0
F4023961,303,21:30,23:44,2 hours 14 minutes,2022-03-17,Las Vegas,Portland,763.0
F3862722,98,07:19,08:20,1 hours 1 minutes,2022-03-19,Portland,Medford,222.0
F3572368,189,11:08,12:49,1 hours 41 minutes,2022-03-21,Medford,Las Vegas,600.0
F3654223,114,12:54,14:18,1 hours 24 minutes,2022-03-18,Binghamton,Detroit,378.0
F3638823,23,16:11,16:49,0 hours 38 minutes,2022-03-21,Detroit,Lansing,74.0
F3654631,29,22:53,23:38,0 hours 45 minutes,2022-03-21,Detroit,Lansing,74.0
F3656081,27,10:08,10:44,0 hours 36 minutes,2022-03-21,Detroit,Lansing,74.0
F3736604,719,18:57,22:12,6 hours 15 minutes,2022-03-02,Orlando,San Francisco,2446.0
F3914343,631,18:48,21:37,5 hours 49 minutes,2022-03-02,Orlando,San Francisco,2446.0
F3915148,736,08:30,11:27,5 hours 57 minutes,2022-03-02,Orlando,San Francisco,2446.0
F3737982,134,18:24,19:54,1 hours 30 minutes,2022-03-04,San Francisco,San Diego,447.0
F3818118,123,11:41,13:12,1 hours 31 minutes,2022-03-04,San Francisco,San Diego,447.0
F3818119,177,14:29,15:55,1 hours 26 minutes,2022-03-04,San Francisco,San Diego,447.0
F3818127,180,20:42,22:05,1 hours 23 minutes,2022-03-04,San Francisco,San Diego,447.0
F3818130,140,06:24,07:57,1 hours 33 minutes,2022-03-04,San Francisco,San Diego,447.0
F3903564,94,10:50,12:21,1 hours 31 minutes,2022-03-04,San Francisco,San Diego,447.0
F3903593,94,19:05,20:35,1 hours 30 minutes,2022-03-04,San Francisco,San Diego,447.0
F3904035,201,13:24,14:49,1 hours 25 minutes,2022-03-04,San Francisco,San Diego,447.0
F3904162,116,22:00,23:24,1 hours 24 minutes,2022-03-04,San Francisco,San Diego,447.0
F3904929,141,08:36,10:16,1 hours 40 minutes,2022-03-04,San Francisco,San Diego,447.0
F3905114,132,16:44,18:17,1 hours 33 minutes,2022-03-04,San Francisco,San Diego,447.0
F3970210,188,10:27,11:53,1 hours 26 minutes,2022-03-04,San Francisco,San Diego,447.0
F3970211,94,15:51,17:07,1 hours 16 minutes,2022-03-04,San Francisco,San Diego,447.0
F3970212,119,06:00,07:30,1 hours 30 minutes,2022-03-04,San Francisco,San Diego,447.0
F3739208,595,07:55,15:11,4 hours 16 minutes,2022-03-06,San Diego,Orlando,2149.0
F3565890,549,10:47,13:32,2 hours 45 minutes,2022-03-20,Fort Myers,Buffalo,1144.0
F3567589,531,11:26,15:28,4 hours 2 minutes,2022-03-24,Syracuse,Fort Myers,1186.0
F3661793,184,06:08,07:45,1 hours 37 minutes,2022-03-13,Harrisburg,Charlotte,413.0
F3688148,135,09:45,11:12,1 hours 27 minutes,2022-03-13,Harrisburg,Charlotte,413.0
F3728369,124,16:13,18:29,2 hours 16 minutes,2022-03-13,Harrisburg,Charlotte,413.0
F3728400,154,08:28,10:22,1 hours 54 minutes,2022-03-13,Harrisburg,Charlotte,413.0
F3784394,122,16:56,18:29,1 hours 33 minutes,2022-03-13,Harrisburg,Charlotte,413.0
F3785060,182,19:49,21:16,1 hours 27 minutes,2022-03-13,Harrisburg,Charlotte,413.0
F3605839,289,18:12,19:24,2 hours 12 minutes,2022-03-15,Charlotte,Fayetteville,754.0
F3732877,43,09:29,10:29,1 hours 0 minutes,2022-03-15,Charlotte,Fayetteville,118.0
F3783436,54,18:15,19:11,0 hours 56 minutes,2022-03-15,Charlotte,Fayetteville,118.0
F3793883,173,08:53,10:24,2 hours 31 minutes,2022-03-15,Charlotte,Fayetteville,754.0
F3583896,568,13:32,20:51,5 hours 19 minutes,2022-03-09,Kahului,San Diego,2541.0
F3740981,1071,15:56,23:06,5 hours 10 minutes,2022-03-09,Kahului,San Diego,2541.0
F4020247,673,14:20,21:25,5 hours 5 minutes,2022-03-09,Kahului,San Diego,2541.0
F3819146,176,07:14,08:49,1 hours 35 minutes,2022-03-10,San Diego,Sacramento,480.0
F3819167,239,11:54,13:32,1 hours 38 minutes,2022-03-10,San Diego,Sacramento,480.0
F3819180,133,21:17,23:22,2 hours 5 minutes,2022-03-10,San Diego,Sacramento,480.0
F3819181,234,13:50,15:23,1 hours 33 minutes,2022-03-10,San Diego,Sacramento,480.0
F3943114,109,10:12,11:47,1 hours 35 minutes,2022-03-10,San Diego,Sacramento,480.0
F3943115,103,20:22,21:48,1 hours 26 minutes,2022-03-10,San Diego,Sacramento,480.0
F3943116,128,15:46,17:14,1 hours 28 minutes,2022-03-10,San Diego,Sacramento,480.0
F3943117,148,11:19,12:48,1 hours 29 minutes,2022-03-10,San Diego,Sacramento,480.0
F3943118,179,18:40,20:07,1 hours 27 minutes,2022-03-10,San Diego,Sacramento,480.0
F3943119,109,06:25,08:02,1 hours 37 minutes,2022-03-10,San Diego,Sacramento,480.0
F3943120,192,08:00,09:25,1 hours 25 minutes,2022-03-10,San Diego,Sacramento,480.0
F3943121,226,09:09,10:36,1 hours 27 minutes,2022-03-10,San Diego,Sacramento,480.0
F3943122,136,18:08,19:42,1 hours 34 minutes,2022-03-10,San Diego,Sacramento,480.0
F3583931,727,09:45,12:33,5 hours 48 minutes,2022-03-13,Sacramento,Kahului,2404.0
F3976360,955,13:03,15:26,5 hours 23 minutes,2022-03-13,Sacramento,Kahului,2404.0
F3630773,156,13:40,15:45,2 hours 5 minutes,2022-03-11,Washington,Grand Rapids,524.0
F3796342,203,15:46,17:16,1 hours 30 minutes,2022-03-15,Lansing,Washington,479.0
F3634369,75,22:18,23:33,1 hours 15 minutes,2022-03-17,Washington,Rochester,296.0
F3788232,83,10:16,11:40,1 hours 24 minutes,2022-03-17,Washington,Rochester,296.0
F3791964,130,16:08,17:51,1 hours 43 minutes,2022-03-17,Washington,Rochester,296.0
F3925105,105,17:44,18:47,1 hours 3 minutes,2022-03-17,Washington,Rochester,288.0
F3925314,59,11:33,12:44,1 hours 11 minutes,2022-03-17,Washington,Rochester,288.0
F3925387,136,22:14,23:37,1 hours 23 minutes,2022-03-17,Washington,Rochester,288.0
F3633522,137,18:05,19:14,1 hours 9 minutes,2022-03-21,Buffalo,Washington,296.0
F3634971,144,11:45,12:48,1 hours 3 minutes,2022-03-21,Buffalo,Washington,296.0
F3791466,147,05:18,06:37,1 hours 19 minutes,2022-03-21,Buffalo,Washington,296.0
F3897899,71,07:56,09:22,1 hours 26 minutes,2022-03-21,Buffalo,Washington,283.0
F4075176,76,14:29,15:37,1 hours 8 minutes,2022-03-21,Buffalo,Washington,283.0
F3595577,339,08:18,09:23,2 hours 5 minutes,2022-03-16,Norfolk,Chicago,717.0
F3911722,339,06:25,07:33,2 hours 8 minutes,2022-03-16,Norfolk,Chicago,717.0
F4006231,343,17:24,18:17,1 hours 53 minutes,2022-03-16,Norfolk,Chicago,704.0
F4074053,257,13:05,14:11,2 hours 6 minutes,2022-03-16,Norfolk,Chicago,717.0
F3761536,488,17:16,19:58,2 hours 42 minutes,2022-03-08,Fort Lauderdale,White Plains,1097.0
F3770056,296,11:13,13:58,2 hours 45 minutes,2022-03-08,Fort Lauderdale,White Plains,1097.0
F3771387,475,07:33,10:24,2 hours 51 minutes,2022-03-08,Fort Lauderdale,White Plains,1097.0
F3497311,345,07:11,10:25,3 hours 14 minutes,2022-03-12,New York,Fort Lauderdale,1076.0
F3514515,278,03:11,06:06,2 hours 55 minutes,2022-03-12,New York,Fort Lauderdale,1069.0
F3516798,421,16:06,19:49,3 hours 43 minutes,2022-03-12,New York,Fort Lauderdale,1069.0
F3522303,392,13:50,18:08,4 hours 18 minutes,2022-03-12,New York,Fort Lauderdale,1076.0
F3525514,522,15:32,20:09,4 hours 37 minutes,2022-03-12,New York,Fort Lauderdale,1069.0
F3546405,235,07:10,10:12,3 hours 2 minutes,2022-03-12,New York,Fort Lauderdale,1069.0
F3554599,499,20:42,23:40,2 hours 58 minutes,2022-03-12,New York,Fort Lauderdale,1076.0
F3616906,372,05:43,08:39,2 hours 56 minutes,2022-03-12,New York,Fort Lauderdale,1076.0
F3627271,393,13:07,16:36,3 hours 29 minutes,2022-03-12,New York,Fort Lauderdale,1076.0
F3628115,333,23:29,02:28,2 hours 59 minutes,2022-03-12,New York,Fort Lauderdale,1076.0
F3628693,219,10:52,15:22,4 hours 30 minutes,2022-03-12,New York,Fort Lauderdale,1076.0
F3754811,271,23:41,02:33,2 hours 52 minutes,2022-03-12,New York,Fort Lauderdale,1076.0
F3755608,439,15:12,18:33,3 hours 21 minutes,2022-03-12,New York,Fort Lauderdale,1069.0
F3756454,368,19:07,23:45,4 hours 38 minutes,2022-03-12,New York,Fort Lauderdale,1069.0
F3765610,231,22:44,01:50,3 hours 6 minutes,2022-03-12,New York,Fort Lauderdale,1076.0
F3766086,333,06:24,09:26,3 hours 2 minutes,2022-03-12,New York,Fort Lauderdale,1069.0
F3767169,259,21:19,00:53,3 hours 34 minutes,2022-03-12,New York,Fort Lauderdale,1069.0
F3768197,373,05:58,08:54,2 hours 56 minutes,2022-03-12,New York,Fort Lauderdale,1076.0
F3768721,497,13:05,16:45,3 hours 40 minutes,2022-03-12,New York,Fort Lauderdale,1069.0
F3772015,354,15:35,19:03,3 hours 28 minutes,2022-03-12,New York,Fort Lauderdale,1069.0
F3772383,526,17:07,22:02,4 hours 55 minutes,2022-03-12,New York,Fort Lauderdale,1076.0
F3774413,495,21:43,01:17,3 hours 34 minutes,2022-03-12,New York,Fort Lauderdale,1069.0
F3777519,293,11:59,15:42,3 hours 43 minutes,2022-03-12,New York,Fort Lauderdale,1069.0
F3635131,80,07:21,08:24,1 hours 3 minutes,2022-03-14,Charlotte,Wilmington,185.0
F3666312,62,12:54,13:40,0 hours 46 minutes,2022-03-14,Charlotte,Wilmington,185.0
F3783487,70,09:15,10:22,1 hours 7 minutes,2022-03-14,Charlotte,Wilmington,185.0
F3786862,61,14:30,15:25,0 hours 55 minutes,2022-03-14,Charlotte,Wilmington,185.0
F4050362,40,16:36,17:54,1 hours 18 minutes,2022-03-14,Charlotte,Wilmington,185.0
F4056588,57,22:17,23:05,0 hours 48 minutes,2022-03-14,Charlotte,Wilmington,185.0
F4061640,81,18:14,19:31,1 hours 17 minutes,2022-03-14,Charlotte,Wilmington,185.0
F3496626,326,13:51,15:56,2 hours 5 minutes,2022-03-27,Cincinnati,Fort Myers,879.0
F3568766,359,15:32,17:47,2 hours 15 minutes,2022-03-27,Cincinnati,Fort Myers,879.0
F3569068,385,09:54,12:13,2 hours 19 minutes,2022-03-27,Cincinnati,Fort Myers,879.0
F3569690,39,17:48,19:24,1 hours 36 minutes,2022-03-29,Fort Myers,Orlando,133.0
F3962605,60,17:04,17:47,0 hours 43 minutes,2022-03-29,Fort Myers,Orlando,133.0
F3505316,318,21:29,00:17,2 hours 48 minutes,2022-03-31,Orlando,Cincinnati,757.0
F3516602,347,12:22,14:20,1 hours 58 minutes,2022-03-31,Orlando,Cincinnati,757.0
F3570550,377,12:01,14:03,2 hours 2 minutes,2022-03-31,Orlando,Cincinnati,757.0
F3570677,285,06:05,08:15,2 hours 10 minutes,2022-03-31,Orlando,Cincinnati,757.0
F3991349,326,09:30,11:28,1 hours 58 minutes,2022-03-31,Orlando,Cincinnati,757.0
F3499584,494,20:49,00:44,2 hours 55 minutes,2022-03-20,Minneapolis,Fort Myers,1416.0
F3510301,567,08:49,13:10,3 hours 21 minutes,2022-03-20,Minneapolis,Fort Myers,1416.0
F3519706,656,11:33,15:38,3 hours 5 minutes,2022-03-20,Minneapolis,Fort Myers,1416.0
F3521579,403,06:06,10:43,3 hours 37 minutes,2022-03-20,Minneapolis,Fort Myers,1416.0
F3546653,605,07:27,11:36,3 hours 9 minutes,2022-03-20,Minneapolis,Fort Myers,1416.0
F3552577,589,14:22,18:22,3 hours 0 minutes,2022-03-20,Minneapolis,Fort Myers,1416.0
F3622638,582,17:35,21:34,2 hours 59 minutes,2022-03-20,Minneapolis,Fort Myers,1416.0
F3782239,599,15:31,19:35,3 hours 4 minutes,2022-03-20,Minneapolis,Fort Myers,1416.0
F3566721,43,15:16,16:20,1 hours 4 minutes,2022-03-22,Fort Myers,Orlando,133.0
F3984141,65,17:29,18:17,0 hours 48 minutes,2022-03-22,Fort Myers,Orlando,133.0
F3491171,557,16:39,19:02,3 hours 23 minutes,2022-03-24,Orlando,Minneapolis,1310.0
F3511038,409,06:27,08:29,3 hours 2 minutes,2022-03-24,Orlando,Minneapolis,1310.0
F3534273,448,11:13,14:14,4 hours 1 minutes,2022-03-24,Orlando,Minneapolis,1310.0
F3535955,547,19:19,21:24,3 hours 5 minutes,2022-03-24,Orlando,Minneapolis,1310.0
F3542522,555,14:11,16:15,3 hours 4 minutes,2022-03-24,Orlando,Minneapolis,1310.0
F3542862,584,20:58,23:00,3 hours 2 minutes,2022-03-24,Orlando,Minneapolis,1310.0
F3547978,368,07:40,09:53,3 hours 13 minutes,2022-03-24,Orlando,Minneapolis,1310.0
F3567765,416,22:11,00:28,3 hours 17 minutes,2022-03-24,Orlando,Minneapolis,1310.0
F3619970,338,17:18,20:03,3 hours 45 minutes,2022-03-24,Orlando,Minneapolis,1310.0
F3564574,207,15:00,16:12,2 hours 12 minutes,2022-03-17,Denver,San Diego,853.0
F3564711,232,22:49,00:20,2 hours 31 minutes,2022-03-17,Denver,San Diego,853.0
F3909722,350,08:33,09:58,2 hours 25 minutes,2022-03-17,Denver,San Diego,853.0
F3909794,200,20:47,22:09,2 hours 22 minutes,2022-03-17,Denver,San Diego,853.0
F3910450,339,13:31,14:54,2 hours 23 minutes,2022-03-17,Denver,San Diego,853.0
F3910734,211,16:30,17:46,2 hours 16 minutes,2022-03-17,Denver,San Diego,853.0
F3910876,240,19:42,21:00,2 hours 18 minutes,2022-03-17,Denver,San Diego,853.0
F3911037,416,11:38,13:20,2 hours 42 minutes,2022-03-17,Denver,San Diego,853.0
F4023417,227,05:43,07:48,3 hours 5 minutes,2022-03-17,Denver,San Diego,853.0
F4023418,219,15:31,16:41,2 hours 10 minutes,2022-03-17,Denver,San Diego,853.0
F4023419,401,08:00,09:27,2 hours 27 minutes,2022-03-17,Denver,San Diego,853.0
F4023420,244,17:42,18:55,2 hours 13 minutes,2022-03-17,Denver,San Diego,853.0
F4023421,241,11:18,12:40,2 hours 22 minutes,2022-03-17,Denver,San Diego,853.0
F3811816,36,10:52,11:42,0 hours 50 minutes,2022-03-19,San Diego,Los Angeles,109.0
F3811838,44,06:31,07:28,0 hours 57 minutes,2022-03-19,San Diego,Los Angeles,109.0
F3831795,27,06:12,07:12,1 hours 0 minutes,2022-03-19,San Diego,Los Angeles,109.0
F3701955,190,12:37,16:00,2 hours 23 minutes,2022-03-21,Los Angeles,Denver,862.0
F3801849,336,20:33,23:53,2 hours 20 minutes,2022-03-21,Los Angeles,Denver,862.0
F3830689,238,20:14,23:35,2 hours 21 minutes,2022-03-21,Los Angeles,Denver,862.0
F3830896,384,08:40,12:11,2 hours 31 minutes,2022-03-21,Los Angeles,Denver,862.0
F3830906,288,14:14,17:36,2 hours 22 minutes,2022-03-21,Los Angeles,Denver,862.0
F3896639,188,16:10,19:25,2 hours 15 minutes,2022-03-21,Los Angeles,Denver,862.0
F3896791,200,20:18,23:38,2 hours 20 minutes,2022-03-21,Los Angeles,Denver,862.0
F3897280,254,13:02,16:20,2 hours 18 minutes,2022-03-21,Los Angeles,Denver,862.0
F3897414,381,08:50,12:13,2 hours 23 minutes,2022-03-21,Los Angeles,Denver,862.0
F3897419,428,11:02,14:22,2 hours 20 minutes,2022-03-21,Los Angeles,Denver,862.0
F3897789,274,05:28,08:52,2 hours 24 minutes,2022-03-21,Los Angeles,Denver,862.0
F3897839,269,14:35,17:56,2 hours 21 minutes,2022-03-21,Los Angeles,Denver,862.0
F3897846,413,06:58,10:53,2 hours 55 minutes,2022-03-21,Los Angeles,Denver,862.0
F3956829,400,21:45,01:08,2 hours 23 minutes,2022-03-21,Los Angeles,Denver,862.0
F3956830,179,05:05,08:27,2 hours 22 minutes,2022-03-21,Los Angeles,Denver,862.0
F3956831,234,17:12,20:28,2 hours 16 minutes,2022-03-21,Los Angeles,Denver,862.0
F3956832,338,11:55,15:17,2 hours 22 minutes,2022-03-21,Los Angeles,Denver,862.0
F3726832,853,19:05,21:30,5 hours 25 minutes,2022-03-15,Miami,San Diego,2267.0
F3836612,24,06:11,07:17,1 hours 6 minutes,2022-03-17,San Diego,Los Angeles,109.0
F3837403,53,11:36,12:20,0 hours 44 minutes,2022-03-17,San Diego,Los Angeles,109.0
F3837427,46,06:36,07:30,0 hours 54 minutes,2022-03-17,San Diego,Los Angeles,109.0
F3658892,706,23:56,07:28,4 hours 32 minutes,2022-03-19,Los Angeles,Miami,2342.0
F3659473,1071,22:25,05:44,4 hours 19 minutes,2022-03-19,Los Angeles,Miami,2342.0
F3663834,1108,09:12,17:01,4 hours 49 minutes,2022-03-19,Los Angeles,Miami,2342.0
F3666062,840,15:26,22:41,4 hours 15 minutes,2022-03-19,Los Angeles,Miami,2342.0
F3712083,1145,13:27,21:03,4 hours 36 minutes,2022-03-19,Los Angeles,Miami,2342.0
F3712625,938,07:11,14:55,4 hours 44 minutes,2022-03-19,Los Angeles,Miami,2342.0
F3773732,666,11:53,19:51,4 hours 58 minutes,2022-03-19,Los Angeles,Miami,2342.0
F3645611,58,07:00,08:03,1 hours 3 minutes,2022-03-29,Traverse City,Detroit,207.0
F3648773,92,14:07,15:04,0 hours 57 minutes,2022-03-29,Traverse City,Detroit,207.0
F3650452,55,10:14,11:14,1 hours 0 minutes,2022-03-29,Traverse City,Detroit,207.0
F3490226,218,10:05,11:30,1 hours 25 minutes,2022-03-31,Detroit,Philadelphia,453.0
F3547398,213,22:47,00:29,1 hours 42 minutes,2022-03-31,Detroit,Philadelphia,453.0
F3787991,161,06:20,07:48,1 hours 28 minutes,2022-03-31,Detroit,Philadelphia,453.0
F3791760,135,12:46,14:22,1 hours 36 minutes,2022-03-31,Detroit,Philadelphia,453.0
F3834129,160,07:11,08:43,1 hours 32 minutes,2022-03-31,Detroit,Philadelphia,453.0
F3852260,96,17:46,20:09,2 hours 23 minutes,2022-03-31,Detroit,Philadelphia,453.0
F4059681,100,17:39,19:55,2 hours 16 minutes,2022-03-31,Detroit,Philadelphia,453.0
F3491415,500,11:20,13:59,2 hours 39 minutes,2022-03-25,Seattle,San Diego,1050.0
F3493831,404,07:30,10:18,2 hours 48 minutes,2022-03-25,Seattle,San Diego,1050.0
F3538979,393,19:21,22:25,3 hours 4 minutes,2022-03-25,Seattle,San Diego,1050.0
F3548482,375,15:24,17:57,2 hours 33 minutes,2022-03-25,Seattle,San Diego,1050.0
F3750592,383,13:36,16:22,2 hours 46 minutes,2022-03-25,Seattle,San Diego,1050.0
F3750648,212,05:53,08:46,2 hours 53 minutes,2022-03-25,Seattle,San Diego,1050.0
F3750680,352,18:47,21:32,2 hours 45 minutes,2022-03-25,Seattle,San Diego,1050.0
F3750871,343,09:50,12:35,2 hours 45 minutes,2022-03-25,Seattle,San Diego,1050.0
F3750872,521,21:32,00:18,2 hours 46 minutes,2022-03-25,Seattle,San Diego,1050.0
F3750879,263,15:52,18:34,2 hours 42 minutes,2022-03-25,Seattle,San Diego,1050.0
F3750930,467,08:34,11:17,2 hours 43 minutes,2022-03-25,Seattle,San Diego,1050.0
F3750959,390,14:40,17:20,2 hours 40 minutes,2022-03-25,Seattle,San Diego,1050.0
F3820133,217,21:24,22:51,1 hours 27 minutes,2022-03-27,San Diego,Sacramento,480.0
F3820157,150,18:31,20:07,1 hours 36 minutes,2022-03-27,San Diego,Sacramento,480.0
F3820218,230,07:11,08:48,1 hours 37 minutes,2022-03-27,San Diego,Sacramento,480.0
F3820391,204,13:50,15:23,1 hours 33 minutes,2022-03-27,San Diego,Sacramento,480.0
F4036719,231,10:12,11:37,1 hours 25 minutes,2022-03-27,San Diego,Sacramento,480.0
F4036720,143,20:20,21:41,1 hours 21 minutes,2022-03-27,San Diego,Sacramento,480.0
F4036721,147,15:48,17:09,1 hours 21 minutes,2022-03-27,San Diego,Sacramento,480.0
F4036722,190,11:02,12:24,1 hours 22 minutes,2022-03-27,San Diego,Sacramento,480.0
F4036723,186,18:42,20:06,1 hours 24 minutes,2022-03-27,San Diego,Sacramento,480.0
F4036724,149,06:24,07:58,1 hours 34 minutes,2022-03-27,San Diego,Sacramento,480.0
F4036725,137,08:00,09:29,1 hours 29 minutes,2022-03-27,San Diego,Sacramento,480.0
F4036726,146,09:10,10:33,1 hours 23 minutes,2022-03-27,San Diego,Sacramento,480.0
F4036727,195,18:24,19:45,1 hours 21 minutes,2022-03-27,San Diego,Sacramento,480.0
F3753020,157,08:06,10:19,2 hours 13 minutes,2022-03-29,Sacramento,Seattle,605.0
F3753176,222,20:39,22:25,1 hours 46 minutes,2022-03-29,Sacramento,Seattle,605.0
F3753312,198,06:29,08:34,2 hours 5 minutes,2022-03-29,Sacramento,Seattle,605.0
F3753396,222,14:37,16:22,1 hours 45 minutes,2022-03-29,Sacramento,Seattle,605.0
F3753415,275,11:15,13:08,1 hours 53 minutes,2022-03-29,Sacramento,Seattle,605.0
F3809271,302,10:30,12:34,2 hours 4 minutes,2022-03-29,Sacramento,Seattle,605.0
F3809351,271,17:45,19:46,2 hours 1 minutes,2022-03-29,Sacramento,Seattle,605.0
F3820908,203,17:34,19:47,2 hours 13 minutes,2022-03-29,Sacramento,Seattle,605.0
F3851792,195,12:42,14:37,1 hours 55 minutes,2022-03-29,Sacramento,Seattle,605.0
F3851919,139,07:04,09:08,2 hours 4 minutes,2022-03-29,Sacramento,Seattle,605.0
F3962971,178,11:54,13:38,1 hours 44 minutes,2022-03-29,Sacramento,Seattle,605.0
F3962972,275,17:44,19:24,1 hours 40 minutes,2022-03-29,Sacramento,Seattle,605.0
F3962973,299,08:34,10:28,1 hours 54 minutes,2022-03-29,Sacramento,Seattle,605.0
F3618756,225,15:28,16:56,2 hours 28 minutes,2022-03-03,Tampa,Houston,787.0
F3905401,332,17:16,18:46,2 hours 30 minutes,2022-03-03,Tampa,Houston,787.0
F3905424,161,07:11,08:22,2 hours 11 minutes,2022-03-03,Tampa,Houston,787.0
F3905483,358,11:51,13:06,2 hours 15 minutes,2022-03-03,Tampa,Houston,787.0
F3906037,297,09:09,10:25,2 hours 16 minutes,2022-03-03,Tampa,Houston,787.0
F3906130,257,14:07,15:29,2 hours 22 minutes,2022-03-03,Tampa,Houston,787.0
F3967401,389,21:40,22:50,2 hours 10 minutes,2022-03-03,Tampa,Houston,781.0
F3967402,325,17:49,19:03,2 hours 14 minutes,2022-03-03,Tampa,Houston,781.0
F3967403,309,06:25,07:39,2 hours 14 minutes,2022-03-03,Tampa,Houston,781.0
F3667566,53,09:13,10:20,1 hours 7 minutes,2022-03-05,Houston,Dallas,224.0
F3673852,63,07:41,09:00,1 hours 19 minutes,2022-03-05,Houston,Dallas,224.0
F3718951,47,12:12,13:20,1 hours 8 minutes,2022-03-05,Houston,Dallas,224.0
F3719065,46,16:47,17:52,1 hours 5 minutes,2022-03-05,Houston,Dallas,224.0
F3723623,95,19:36,20:48,1 hours 12 minutes,2022-03-05,Houston,Dallas,224.0
F3723674,101,05:04,06:07,1 hours 3 minutes,2022-03-05,Houston,Dallas,224.0
F3723724,55,14:16,15:20,1 hours 4 minutes,2022-03-05,Houston,Dallas,224.0
F3726136,48,06:02,07:05,1 hours 3 minutes,2022-03-05,Houston,Dallas,224.0
F3839555,50,10:03,11:23,1 hours 20 minutes,2022-03-05,Houston,Dallas,224.0
F3902597,68,16:27,17:29,1 hours 2 minutes,2022-03-05,Houston,Dallas,224.0
F3903017,45,20:08,21:16,1 hours 8 minutes,2022-03-05,Houston,Dallas,224.0
F3903179,58,16:26,17:29,1 hours 3 minutes,2022-03-05,Houston,Dallas,224.0
F3971589,104,13:31,14:29,0 hours 58 minutes,2022-03-05,Houston,Dallas,239.0
F3971590,92,16:03,16:58,0 hours 55 minutes,2022-03-05,Houston,Dallas,239.0
F3971591,75,18:45,19:39,0 hours 54 minutes,2022-03-05,Houston,Dallas,239.0
F3971592,115,21:01,22:00,0 hours 59 minutes,2022-03-05,Houston,Dallas,239.0
F3971593,108,08:55,09:52,0 hours 57 minutes,2022-03-05,Houston,Dallas,239.0
F3971594,59,11:03,12:16,1 hours 13 minutes,2022-03-05,Houston,Dallas,239.0
F3971665,65,06:03,06:57,0 hours 54 minutes,2022-03-05,Houston,Dallas,216.0
F3971666,59,14:32,15:29,0 hours 57 minutes,2022-03-05,Houston,Dallas,216.0
F3971667,84,19:17,20:03,0 hours 46 minutes,2022-03-05,Houston,Dallas,216.0
F4039071,81,18:21,19:29,1 hours 8 minutes,2022-03-05,Houston,Dallas,224.0
F4039992,99,12:10,13:23,1 hours 13 minutes,2022-03-05,Houston,Dallas,224.0
F4044021,100,06:17,07:36,1 hours 19 minutes,2022-03-05,Houston,Dallas,247.0
F4045194,58,04:56,06:07,1 hours 11 minutes,2022-03-05,Houston,Dallas,247.0
F4047200,68,16:25,17:43,1 hours 18 minutes,2022-03-05,Houston,Dallas,247.0
F4047573,70,10:16,11:29,1 hours 13 minutes,2022-03-05,Houston,Dallas,247.0
F3560722,212,13:28,16:43,2 hours 15 minutes,2022-03-07,Dallas,Tampa,929.0
F3628378,446,19:18,22:41,2 hours 23 minutes,2022-03-07,Dallas,Tampa,929.0
F3675197,388,09:13,12:30,2 hours 17 minutes,2022-03-07,Dallas,Tampa,929.0
F3687040,446,10:16,13:37,2 hours 21 minutes,2022-03-07,Dallas,Tampa,929.0
F3690340,410,13:43,17:02,2 hours 19 minutes,2022-03-07,Dallas,Tampa,929.0
F3709264,282,15:16,18:39,2 hours 23 minutes,2022-03-07,Dallas,Tampa,929.0
F3711313,344,20:35,23:46,2 hours 11 minutes,2022-03-07,Dallas,Tampa,929.0
F3722849,204,18:40,21:59,2 hours 19 minutes,2022-03-07,Dallas,Tampa,929.0
F3727342,228,07:10,10:24,2 hours 14 minutes,2022-03-07,Dallas,Tampa,929.0
F3997549,187,20:03,23:16,2 hours 13 minutes,2022-03-07,Dallas,Tampa,917.0
F3997550,336,06:00,09:34,2 hours 34 minutes,2022-03-07,Dallas,Tampa,917.0
F3997551,304,12:59,16:12,2 hours 13 minutes,2022-03-07,Dallas,Tampa,917.0
F3686173,570,20:47,23:07,5 hours 20 minutes,2022-03-21,Charlotte,San Diego,2077.0
F3694638,619,08:54,10:40,4 hours 46 minutes,2022-03-21,Charlotte,San Diego,2077.0
F3843044,48,10:51,11:59,1 hours 8 minutes,2022-03-23,San Diego,Los Angeles,109.0
F3843069,37,06:35,07:36,1 hours 1 minutes,2022-03-23,San Diego,Los Angeles,109.0
F3844928,38,06:10,07:09,0 hours 59 minutes,2022-03-23,San Diego,Los Angeles,109.0
F3669488,1062,11:00,18:28,4 hours 28 minutes,2022-03-25,Los Angeles,Charlotte,2125.0
F3685631,428,23:48,07:21,4 hours 33 minutes,2022-03-25,Los Angeles,Charlotte,2125.0
F3693497,793,13:10,20:47,4 hours 37 minutes,2022-03-25,Los Angeles,Charlotte,2125.0
F3694551,599,07:15,14:35,4 hours 20 minutes,2022-03-25,Los Angeles,Charlotte,2125.0
F3706019,1015,09:02,16:36,4 hours 34 minutes,2022-03-25,Los Angeles,Charlotte,2125.0
F3719722,543,05:59,13:28,4 hours 29 minutes,2022-03-25,Los Angeles,Charlotte,2125.0
F3725361,426,22:17,05:35,4 hours 18 minutes,2022-03-25,Los Angeles,Charlotte,2125.0
F3597536,241,09:59,11:43,1 hours 44 minutes,2022-03-24,Fayetteville,Chicago,522.0
F3600344,196,17:48,20:02,2 hours 14 minutes,2022-03-24,Fayetteville,Chicago,522.0
F3605875,176,07:29,09:29,2 hours 0 minutes,2022-03-24,Fayetteville,Chicago,522.0
F3854391,231,14:36,16:27,1 hours 51 minutes,2022-03-24,Fayetteville,Chicago,522.0
F3854395,230,07:54,09:40,1 hours 46 minutes,2022-03-24,Fayetteville,Chicago,522.0
F4076186,132,11:41,13:40,1 hours 59 minutes,2022-03-24,Fayetteville,Chicago,522.0
F3942672,96,16:26,17:45,1 hours 19 minutes,2022-03-10,Ontario,Oakland,362.0
F3942673,139,20:51,22:25,1 hours 34 minutes,2022-03-10,Ontario,Oakland,362.0
F3942674,88,18:26,19:56,1 hours 30 minutes,2022-03-10,Ontario,Oakland,362.0
F3942675,172,07:14,08:25,1 hours 11 minutes,2022-03-10,Ontario,Oakland,362.0
F3942676,153,08:22,09:34,1 hours 12 minutes,2022-03-10,Ontario,Oakland,362.0
F3979767,106,21:27,22:32,1 hours 5 minutes,2022-03-14,San Jose,Ontario,333.0
F3979768,134,07:10,08:15,1 hours 5 minutes,2022-03-14,San Jose,Ontario,333.0
F3979769,153,11:39,12:41,1 hours 2 minutes,2022-03-14,San Jose,Ontario,333.0
F3979770,141,14:55,15:58,1 hours 3 minutes,2022-03-14,San Jose,Ontario,333.0
F3635155,79,09:04,10:12,1 hours 8 minutes,2022-03-17,Wilmington,Charlotte,185.0
F3666344,67,14:27,15:22,0 hours 55 minutes,2022-03-17,Wilmington,Charlotte,185.0
F3783519,74,11:55,12:59,1 hours 4 minutes,2022-03-17,Wilmington,Charlotte,185.0
F3786893,86,16:05,17:11,1 hours 6 minutes,2022-03-17,Wilmington,Charlotte,185.0
F4053612,75,06:54,08:08,1 hours 14 minutes,2022-03-17,Wilmington,Charlotte,185.0
F4061662,85,20:04,21:12,1 hours 8 minutes,2022-03-17,Wilmington,Charlotte,185.0
F3658036,152,21:35,23:19,1 hours 44 minutes,2022-03-19,Charlotte,Harrisburg,413.0
F3688129,189,07:31,08:54,1 hours 23 minutes,2022-03-19,Charlotte,Harrisburg,413.0
F3734130,93,00:22,01:39,1 hours 17 minutes,2022-03-19,Charlotte,Harrisburg,413.0
F3735343,110,16:00,17:30,1 hours 30 minutes,2022-03-19,Charlotte,Harrisburg,413.0
F3785041,84,19:11,20:58,1 hours 47 minutes,2022-03-19,Charlotte,Harrisburg,413.0
F3793967,115,14:51,16:08,1 hours 17 minutes,2022-03-19,Charlotte,Harrisburg,413.0
F3848344,95,15:52,17:01,1 hours 9 minutes,2022-03-03,Pittsburgh,Detroit,201.0
F3848989,53,12:30,13:30,1 hours 0 minutes,2022-03-03,Pittsburgh,Detroit,201.0
F3849022,43,18:42,19:47,1 hours 5 minutes,2022-03-03,Pittsburgh,Detroit,201.0
F4063061,85,06:13,07:32,1 hours 19 minutes,2022-03-03,Pittsburgh,Detroit,201.0
F3849453,40,14:18,15:14,0 hours 56 minutes,2022-03-05,Detroit,Alpena,198.0
F3644141,189,17:57,20:57,3 hours 0 minutes,2022-03-09,New York,Greensboro,461.0
F3646861,223,08:20,10:09,1 hours 49 minutes,2022-03-09,New York,Greensboro,461.0
F4050729,153,10:52,13:25,2 hours 33 minutes,2022-03-09,New York,Greensboro,461.0
F3787262,130,17:37,18:52,1 hours 15 minutes,2022-03-06,Washington,Wilmington,319.0
F3598537,302,05:52,09:12,2 hours 20 minutes,2022-03-10,Fayetteville,Washington,963.0
F3640451,129,16:24,18:53,1 hours 29 minutes,2022-03-06,Des Moines,Detroit,534.0
F3642706,190,06:25,08:57,1 hours 32 minutes,2022-03-06,Des Moines,Detroit,534.0
F3835205,258,10:21,12:49,1 hours 28 minutes,2022-03-06,Des Moines,Detroit,534.0
F3578265,251,13:10,15:29,2 hours 19 minutes,2022-03-03,St. Petersburg,Columbus,821.0
F3579969,227,11:45,14:04,2 hours 19 minutes,2022-03-07,Akron,St. Petersburg,899.0
F3600283,371,05:55,07:29,2 hours 34 minutes,2022-03-21,Lexington,Dallas,785.0
F3604630,186,15:12,17:00,2 hours 48 minutes,2022-03-21,Lexington,Dallas,785.0
F3840414,110,09:01,09:45,1 hours 44 minutes,2022-03-07,Amarillo,Denver,359.0
F3838405,180,16:30,19:32,2 hours 2 minutes,2022-03-16,Albuquerque,Houston,744.0
F3912816,366,07:44,10:48,2 hours 4 minutes,2022-03-16,Albuquerque,Houston,744.0
F3925674,353,12:08,15:14,2 hours 6 minutes,2022-03-16,Albuquerque,Houston,744.0
F4003791,175,06:38,09:30,1 hours 52 minutes,2022-03-16,Albuquerque,Houston,759.0
F4003792,378,16:33,19:27,1 hours 54 minutes,2022-03-16,Albuquerque,Houston,759.0
F3667573,102,09:39,11:10,1 hours 31 minutes,2022-03-18,Houston,Dallas,224.0
F3673865,53,07:43,09:11,1 hours 28 minutes,2022-03-18,Houston,Dallas,224.0
F3718964,83,12:13,13:24,1 hours 11 minutes,2022-03-18,Houston,Dallas,224.0
F3719078,70,17:10,18:19,1 hours 9 minutes,2022-03-18,Houston,Dallas,224.0
F3723240,62,10:32,12:09,1 hours 37 minutes,2022-03-18,Houston,Dallas,224.0
F3723630,82,20:55,22:03,1 hours 8 minutes,2022-03-18,Houston,Dallas,224.0
F3723737,72,15:06,16:13,1 hours 7 minutes,2022-03-18,Houston,Dallas,224.0
F3726149,93,05:48,08:16,2 hours 28 minutes,2022-03-18,Houston,Dallas,224.0
F3841902,54,10:07,12:08,2 hours 1 minutes,2022-03-18,Houston,Dallas,224.0
F3841903,98,12:11,13:29,1 hours 18 minutes,2022-03-18,Houston,Dallas,224.0
F3908377,46,14:23,15:29,1 hours 6 minutes,2022-03-18,Houston,Dallas,224.0
F3908867,46,22:35,23:31,0 hours 56 minutes,2022-03-18,Houston,Dallas,224.0
F3909052,75,16:47,17:51,1 hours 4 minutes,2022-03-18,Houston,Dallas,224.0
F4027157,115,09:30,10:30,1 hours 0 minutes,2022-03-18,Houston,Dallas,239.0
F4027158,73,08:33,09:33,1 hours 0 minutes,2022-03-18,Houston,Dallas,239.0
F4027159,111,10:32,11:29,0 hours 57 minutes,2022-03-18,Houston,Dallas,239.0
F4027160,77,13:58,15:02,1 hours 4 minutes,2022-03-18,Houston,Dallas,239.0
F4027161,79,14:33,15:40,1 hours 7 minutes,2022-03-18,Houston,Dallas,239.0
F4027162,118,17:48,18:57,1 hours 9 minutes,2022-03-18,Houston,Dallas,239.0
F4027163,67,18:49,19:52,1 hours 3 minutes,2022-03-18,Houston,Dallas,239.0
F4027164,65,23:56,00:46,0 hours 50 minutes,2022-03-18,Houston,Dallas,239.0
F4027165,116,05:59,06:55,0 hours 56 minutes,2022-03-18,Houston,Dallas,239.0
F4027272,78,18:11,19:19,1 hours 8 minutes,2022-03-18,Houston,Dallas,216.0
F4027273,52,05:34,06:26,0 hours 52 minutes,2022-03-18,Houston,Dallas,216.0
F4027274,87,13:30,14:42,1 hours 12 minutes,2022-03-18,Houston,Dallas,216.0
F4027275,71,08:09,09:13,1 hours 4 minutes,2022-03-18,Houston,Dallas,216.0
F4027276,52,21:48,22:45,0 hours 57 minutes,2022-03-18,Houston,Dallas,216.0
F4027277,57,18:56,20:10,1 hours 14 minutes,2022-03-18,Houston,Dallas,216.0
F4039940,98,18:15,19:39,1 hours 24 minutes,2022-03-18,Houston,Dallas,224.0
F4044034,90,06:20,07:47,1 hours 27 minutes,2022-03-18,Houston,Dallas,247.0
F4045201,122,04:54,06:07,1 hours 13 minutes,2022-03-18,Houston,Dallas,247.0
F4045587,69,12:26,13:38,1 hours 12 minutes,2022-03-18,Houston,Dallas,247.0
F4047213,67,16:20,17:33,1 hours 13 minutes,2022-03-18,Houston,Dallas,247.0
F4047586,84,10:10,11:20,1 hours 10 minutes,2022-03-18,Houston,Dallas,247.0
F3669342,210,10:49,11:38,1 hours 49 minutes,2022-03-20,Dallas,Albuquerque,569.0
F3670000,275,09:33,10:17,1 hours 44 minutes,2022-03-20,Dallas,Albuquerque,569.0
F3674901,250,19:04,19:56,1 hours 52 minutes,2022-03-20,Dallas,Albuquerque,569.0
F3697125,254,14:59,15:51,1 hours 52 minutes,2022-03-20,Dallas,Albuquerque,569.0
F3697183,216,13:14,14:01,1 hours 47 minutes,2022-03-20,Dallas,Albuquerque,569.0
F3726532,228,22:23,23:03,1 hours 40 minutes,2022-03-20,Dallas,Albuquerque,569.0
F3952281,251,22:46,23:28,1 hours 42 minutes,2022-03-20,Dallas,Albuquerque,580.0
F3952282,220,10:37,11:20,1 hours 43 minutes,2022-03-20,Dallas,Albuquerque,580.0
F3952283,222,20:39,21:24,1 hours 45 minutes,2022-03-20,Dallas,Albuquerque,580.0
F3952284,168,08:04,08:47,1 hours 43 minutes,2022-03-20,Dallas,Albuquerque,580.0
F3952285,183,15:18,16:11,1 hours 53 minutes,2022-03-20,Dallas,Albuquerque,580.0
F3729872,78,09:22,10:37,1 hours 15 minutes,2022-03-05,Philadelphia,Syracuse,228.0
F3732251,82,15:33,16:40,1 hours 7 minutes,2022-03-05,Philadelphia,Syracuse,228.0
F3734008,71,20:03,21:16,1 hours 13 minutes,2022-03-05,Philadelphia,Syracuse,228.0
F3526779,569,06:21,11:58,3 hours 37 minutes,2022-03-06,Denver,New York,1626.0
F3532163,724,06:24,12:20,3 hours 56 minutes,2022-03-06,Denver,New York,1620.0
F3543213,636,13:22,19:01,3 hours 39 minutes,2022-03-06,Denver,New York,1626.0
F3547817,489,19:06,00:44,3 hours 38 minutes,2022-03-06,Denver,New York,1620.0
F3765093,439,11:11,16:45,3 hours 34 minutes,2022-03-06,Denver,New York,1620.0
F3767468,414,00:10,05:32,3 hours 22 minutes,2022-03-06,Denver,New York,1626.0
F3771381,355,18:34,00:28,3 hours 54 minutes,2022-03-06,Denver,New York,1620.0
F3901086,469,19:08,00:41,3 hours 33 minutes,2022-03-06,Denver,New York,1620.0
F3901283,571,10:40,17:08,4 hours 28 minutes,2022-03-06,Denver,New York,1620.0
F3901304,496,18:07,23:45,3 hours 38 minutes,2022-03-06,Denver,New York,1620.0
F3901310,772,14:16,20:00,3 hours 44 minutes,2022-03-06,Denver,New York,1620.0
F3901767,504,12:00,17:46,3 hours 46 minutes,2022-03-06,Denver,New York,1620.0
F3901876,468,17:00,22:37,3 hours 37 minutes,2022-03-06,Denver,New York,1620.0
F3901913,369,07:29,13:19,3 hours 50 minutes,2022-03-06,Denver,New York,1620.0
F3994513,482,11:36,17:54,4 hours 18 minutes,2022-03-06,Denver,New York,1620.0
F3994514,642,06:05,11:53,3 hours 48 minutes,2022-03-06,Denver,New York,1620.0
F3994515,777,17:21,23:01,3 hours 40 minutes,2022-03-06,Denver,New York,1620.0
F3994516,669,13:44,19:33,3 hours 49 minutes,2022-03-06,Denver,New York,1620.0
F3638219,82,14:58,16:42,1 hours 44 minutes,2022-03-08,New York,Syracuse,209.0
F3641925,93,21:51,22:56,1 hours 5 minutes,2022-03-08,New York,Syracuse,198.0
F3642273,85,10:44,12:07,1 hours 23 minutes,2022-03-08,New York,Syracuse,198.0
F3653957,43,15:36,16:45,1 hours 9 minutes,2022-03-08,New York,Syracuse,198.0
F3654684,100,12:21,13:31,1 hours 10 minutes,2022-03-08,New York,Syracuse,209.0
F3763727,63,09:36,10:50,1 hours 14 minutes,2022-03-08,New York,Syracuse,209.0
F3888567,630,15:54,17:52,3 hours 58 minutes,2022-03-10,Syracuse,Denver,1492.0
F3528250,330,13:37,16:23,1 hours 46 minutes,2022-03-22,Seattle,Salt Lake City,689.0
F3528332,153,18:46,21:31,1 hours 45 minutes,2022-03-22,Seattle,Salt Lake City,689.0
F3530218,234,11:07,14:05,1 hours 58 minutes,2022-03-22,Seattle,Salt Lake City,689.0
F3530608,158,16:50,19:37,1 hours 47 minutes,2022-03-22,Seattle,Salt Lake City,689.0
F3533758,291,09:28,12:18,1 hours 50 minutes,2022-03-22,Seattle,Salt Lake City,689.0
F3534127,221,05:24,08:13,1 hours 49 minutes,2022-03-22,Seattle,Salt Lake City,689.0
F3748589,147,15:52,18:46,1 hours 54 minutes,2022-03-22,Seattle,Salt Lake City,689.0
F3748817,196,07:51,10:48,1 hours 57 minutes,2022-03-22,Seattle,Salt Lake City,689.0
F3819666,245,20:23,23:12,1 hours 49 minutes,2022-03-22,Seattle,Salt Lake City,689.0
F3863642,241,11:04,14:00,1 hours 56 minutes,2022-03-22,Seattle,Salt Lake City,689.0
F3880304,292,19:26,21:16,1 hours 50 minutes,2022-03-27,Denver,Missoula,679.0
F3880923,266,11:16,13:05,1 hours 49 minutes,2022-03-27,Denver,Missoula,679.0
F3823157,275,06:45,08:53,2 hours 8 minutes,2022-03-31,Great Falls,Denver,623.0
F3823518,277,14:21,16:20,1 hours 59 minutes,2022-03-31,Great Falls,Denver,623.0
F3823692,199,16:32,18:19,1 hours 47 minutes,2022-03-31,Great Falls,Denver,623.0
F3590790,140,17:35,19:15,1 hours 40 minutes,2022-03-14,Chicago,Fayetteville,522.0
F3600305,182,14:59,16:42,1 hours 43 minutes,2022-03-14,Chicago,Fayetteville,522.0
F3821974,127,19:58,22:02,2 hours 4 minutes,2022-03-14,Chicago,Fayetteville,522.0
F3821978,213,13:48,15:33,1 hours 45 minutes,2022-03-14,Chicago,Fayetteville,522.0
F4073496,166,08:51,10:45,1 hours 54 minutes,2022-03-14,Chicago,Fayetteville,522.0
F3601215,305,07:09,10:21,2 hours 12 minutes,2022-03-16,Fayetteville,Charlotte,754.0
F3732909,53,11:13,12:03,0 hours 50 minutes,2022-03-16,Fayetteville,Charlotte,118.0
F3793909,305,11:05,14:19,2 hours 14 minutes,2022-03-16,Fayetteville,Charlotte,754.0
F3795398,56,08:59,09:47,0 hours 48 minutes,2022-03-16,Fayetteville,Charlotte,118.0
F3661299,173,17:10,18:05,1 hours 55 minutes,2022-03-18,Charlotte,Chicago,599.0
F3664000,161,17:23,18:27,2 hours 4 minutes,2022-03-18,Charlotte,Chicago,599.0
F3668687,296,13:04,13:55,1 hours 51 minutes,2022-03-18,Charlotte,Chicago,599.0
F3669258,143,07:46,08:42,1 hours 56 minutes,2022-03-18,Charlotte,Chicago,599.0
F3681075,141,20:14,21:12,1 hours 58 minutes,2022-03-18,Charlotte,Chicago,599.0
F3704469,295,22:39,23:33,1 hours 54 minutes,2022-03-18,Charlotte,Chicago,599.0
F3707187,137,09:38,10:34,1 hours 56 minutes,2022-03-18,Charlotte,Chicago,599.0
F3722569,139,19:32,21:00,2 hours 28 minutes,2022-03-18,Charlotte,Chicago,599.0
F3722994,258,11:11,12:01,1 hours 50 minutes,2022-03-18,Charlotte,Chicago,599.0
F3825787,192,11:12,12:12,2 hours 0 minutes,2022-03-18,Charlotte,Chicago,599.0
F3825828,144,06:28,07:35,2 hours 7 minutes,2022-03-18,Charlotte,Chicago,599.0
F4026487,235,06:00,06:47,1 hours 47 minutes,2022-03-18,Charlotte,Chicago,584.0
F4026488,179,19:39,20:28,1 hours 49 minutes,2022-03-18,Charlotte,Chicago,584.0
F4074661,154,17:16,18:14,1 hours 58 minutes,2022-03-18,Charlotte,Chicago,599.0
F3565244,138,09:18,12:09,1 hours 51 minutes,2022-03-18,New Orleans,Orlando,551.0
F3625836,165,21:17,00:08,1 hours 51 minutes,2022-03-18,New Orleans,Orlando,551.0
F4028161,237,18:27,21:13,1 hours 46 minutes,2022-03-18,New Orleans,Orlando,551.0
F4028162,198,05:03,07:30,1 hours 27 minutes,2022-03-18,New Orleans,Orlando,551.0
F4028163,208,13:33,16:33,2 hours 0 minutes,2022-03-18,New Orleans,Orlando,551.0
F3566623,38,23:24,00:27,1 hours 3 minutes,2022-03-21,Orlando,Miami,192.0
F3621653,40,22:51,23:43,0 hours 52 minutes,2022-03-21,Orlando,Miami,192.0
F3670399,95,17:42,18:46,1 hours 4 minutes,2022-03-21,Orlando,Miami,192.0
F3679568,40,06:08,07:15,1 hours 7 minutes,2022-03-21,Orlando,Miami,192.0
F3682995,55,15:37,16:43,1 hours 6 minutes,2022-03-21,Orlando,Miami,192.0
F3686734,40,19:57,21:06,1 hours 9 minutes,2022-03-21,Orlando,Miami,192.0
F3710898,66,09:09,10:25,1 hours 16 minutes,2022-03-21,Orlando,Miami,192.0
F3714259,75,20:48,21:56,1 hours 8 minutes,2022-03-21,Orlando,Miami,192.0
F3718024,55,19:53,21:01,1 hours 8 minutes,2022-03-21,Orlando,Miami,192.0
F3721994,75,18:10,19:18,1 hours 8 minutes,2022-03-21,Orlando,Miami,192.0
F3595181,301,14:01,15:36,2 hours 35 minutes,2022-03-22,Miami,New Orleans,675.0
F3608652,305,08:28,09:27,1 hours 59 minutes,2022-03-22,Miami,New Orleans,675.0
F3658632,235,20:29,22:03,2 hours 34 minutes,2022-03-22,Miami,New Orleans,675.0
F3686088,196,16:33,18:06,2 hours 33 minutes,2022-03-22,Miami,New Orleans,675.0
F3721568,254,22:42,23:38,1 hours 56 minutes,2022-03-22,Miami,New Orleans,675.0
F3983544,306,19:15,20:35,2 hours 20 minutes,2022-03-22,Miami,New Orleans,675.0
F3641785,221,14:31,16:30,1 hours 59 minutes,2022-03-20,Knoxville,New York,648.0
F3653257,132,06:58,08:48,1 hours 50 minutes,2022-03-20,Knoxville,New York,648.0
F3639875,60,20:49,22:11,1 hours 22 minutes,2022-03-22,New York,Buffalo,301.0
F3641107,93,11:58,13:20,1 hours 22 minutes,2022-03-22,New York,Buffalo,292.0
F3643088,83,21:52,23:08,1 hours 16 minutes,2022-03-22,New York,Buffalo,292.0
F3647590,129,14:01,15:28,1 hours 27 minutes,2022-03-22,New York,Buffalo,292.0
F3649948,93,16:10,17:50,1 hours 40 minutes,2022-03-22,New York,Buffalo,292.0
F3651110,84,08:06,09:29,1 hours 23 minutes,2022-03-22,New York,Buffalo,292.0
F3651213,124,09:49,11:24,1 hours 35 minutes,2022-03-22,New York,Buffalo,301.0
F3651319,100,16:52,18:21,1 hours 29 minutes,2022-03-22,New York,Buffalo,301.0
F3755780,87,21:31,22:55,1 hours 24 minutes,2022-03-22,New York,Buffalo,301.0
F3759687,127,07:56,09:27,1 hours 31 minutes,2022-03-22,New York,Buffalo,301.0
F3762137,83,19:15,20:31,1 hours 16 minutes,2022-03-22,New York,Buffalo,301.0
F3545090,289,08:35,10:23,1 hours 48 minutes,2022-03-01,Minneapolis,Nashville,695.0
F3836171,211,19:48,21:35,1 hours 47 minutes,2022-03-01,Minneapolis,Nashville,695.0
F3849647,203,11:37,13:19,1 hours 42 minutes,2022-03-01,Minneapolis,Nashville,695.0
F3936832,199,06:46,08:28,1 hours 42 minutes,2022-03-01,Minneapolis,Nashville,695.0
F3637015,162,08:40,11:01,2 hours 21 minutes,2022-03-03,New York,Savannah,722.0
F3640010,147,14:54,17:15,2 hours 21 minutes,2022-03-03,New York,Savannah,722.0
F3645362,220,18:02,20:23,2 hours 21 minutes,2022-03-03,New York,Savannah,722.0
F3649159,234,14:49,17:01,2 hours 12 minutes,2022-03-03,New York,Savannah,718.0
F3651770,194,09:31,11:49,2 hours 18 minutes,2022-03-03,New York,Savannah,718.0
F3756075,314,09:30,11:45,2 hours 15 minutes,2022-03-03,New York,Savannah,722.0
F3765179,297,07:01,09:08,2 hours 7 minutes,2022-03-03,New York,Savannah,718.0
F3766467,174,15:57,18:12,2 hours 15 minutes,2022-03-03,New York,Savannah,718.0
F3494685,93,14:13,15:15,1 hours 2 minutes,2022-03-05,Savannah,Atlanta,214.0
F3495880,89,12:31,13:33,1 hours 2 minutes,2022-03-05,Savannah,Atlanta,214.0
F3500062,91,09:12,10:15,1 hours 3 minutes,2022-03-05,Savannah,Atlanta,214.0
F3504773,85,17:25,18:25,1 hours 0 minutes,2022-03-05,Savannah,Atlanta,214.0
F3523890,58,05:59,07:14,1 hours 15 minutes,2022-03-05,Savannah,Atlanta,214.0
F3488431,193,16:04,18:17,2 hours 13 minutes,2022-03-07,Atlanta,New York,762.0
F3488611,326,23:29,01:31,2 hours 2 minutes,2022-03-07,Atlanta,New York,762.0
F3488760,281,00:34,02:29,1 hours 55 minutes,2022-03-07,Atlanta,New York,762.0
F3489115,277,21:21,23:46,2 hours 25 minutes,2022-03-07,Atlanta,New York,760.0
F3489352,337,15:50,18:05,2 hours 15 minutes,2022-03-07,Atlanta,New York,760.0
F3490049,239,12:33,14:58,2 hours 25 minutes,2022-03-07,Atlanta,New York,762.0
F3506297,276,08:02,09:56,1 hours 54 minutes,2022-03-07,Atlanta,New York,762.0
F3506358,198,17:06,19:14,2 hours 8 minutes,2022-03-07,Atlanta,New York,762.0
F3513019,211,12:38,14:45,2 hours 7 minutes,2022-03-07,Atlanta,New York,760.0
F3513456,360,19:04,21:21,2 hours 17 minutes,2022-03-07,Atlanta,New York,760.0
F3533805,260,11:58,14:22,2 hours 24 minutes,2022-03-07,Atlanta,New York,762.0
F3537897,311,09:10,11:19,2 hours 9 minutes,2022-03-07,Atlanta,New York,762.0
F3539652,285,10:24,12:30,2 hours 6 minutes,2022-03-07,Atlanta,New York,760.0
F3544266,160,07:03,09:02,1 hours 59 minutes,2022-03-07,Atlanta,New York,762.0
F3759304,241,19:01,21:09,2 hours 8 minutes,2022-03-07,Atlanta,New York,760.0
F3765444,158,08:44,10:46,2 hours 2 minutes,2022-03-07,Atlanta,New York,760.0
F3779792,240,20:17,23:00,2 hours 43 minutes,2022-03-07,Atlanta,New York,762.0
F3780169,354,06:05,08:11,2 hours 6 minutes,2022-03-07,Atlanta,New York,762.0
F3781073,266,07:27,09:38,2 hours 11 minutes,2022-03-07,Atlanta,New York,760.0
F3781287,201,18:44,20:46,2 hours 2 minutes,2022-03-07,Atlanta,New York,762.0
F3781704,284,14:48,16:49,2 hours 1 minutes,2022-03-07,Atlanta,New York,762.0
F3782961,305,10:29,12:36,2 hours 7 minutes,2022-03-07,Atlanta,New York,762.0
F3996816,178,16:03,18:49,2 hours 46 minutes,2022-03-07,Atlanta,New York,762.0
F3996817,347,06:12,08:17,2 hours 5 minutes,2022-03-07,Atlanta,New York,762.0
F3996818,251,21:49,00:10,2 hours 21 minutes,2022-03-07,Atlanta,New York,762.0
F3996819,273,10:55,13:01,2 hours 6 minutes,2022-03-07,Atlanta,New York,762.0
F4049357,321,06:04,08:12,2 hours 8 minutes,2022-03-07,Atlanta,New York,762.0
F4053102,334,17:59,20:20,2 hours 21 minutes,2022-03-07,Atlanta,New York,762.0
F4053222,179,19:52,22:48,2 hours 56 minutes,2022-03-07,Atlanta,New York,762.0
F4061042,315,15:07,17:38,2 hours 31 minutes,2022-03-07,Atlanta,New York,762.0
F4061280,235,11:22,13:32,2 hours 10 minutes,2022-03-07,Atlanta,New York,762.0
F4061541,250,09:51,12:03,2 hours 12 minutes,2022-03-07,Atlanta,New York,762.0
F3542712,582,18:58,23:16,5 hours 18 minutes,2022-03-09,Boston,Dallas,1562.0
F3543928,400,06:32,10:23,4 hours 51 minutes,2022-03-09,Boston,Dallas,1562.0
F3662490,567,04:54,08:32,4 hours 38 minutes,2022-03-09,Boston,Dallas,1562.0
F3701881,665,15:53,19:44,4 hours 51 minutes,2022-03-09,Boston,Dallas,1562.0
F3712312,721,13:07,16:18,4 hours 11 minutes,2022-03-09,Boston,Dallas,1562.0
F3713187,438,14:30,18:28,4 hours 58 minutes,2022-03-09,Boston,Dallas,1562.0
F3725609,635,06:03,10:05,5 hours 2 minutes,2022-03-09,Boston,Dallas,1562.0
F3727406,387,07:49,11:34,4 hours 45 minutes,2022-03-09,Boston,Dallas,1562.0
F3759729,382,12:08,16:24,5 hours 16 minutes,2022-03-09,Boston,Dallas,1562.0
F3667553,45,07:06,08:21,1 hours 15 minutes,2022-03-11,Dallas,Houston,224.0
F3677087,54,22:37,23:44,1 hours 7 minutes,2022-03-11,Dallas,Houston,224.0
F3710122,45,20:55,22:00,1 hours 5 minutes,2022-03-11,Dallas,Houston,224.0
F3710238,103,19:04,20:18,1 hours 14 minutes,2022-03-11,Dallas,Houston,224.0
F3718926,91,10:18,11:24,1 hours 6 minutes,2022-03-11,Dallas,Houston,224.0
F3719040,85,14:49,15:58,1 hours 9 minutes,2022-03-11,Dallas,Houston,224.0
F3723207,80,08:33,09:42,1 hours 9 minutes,2022-03-11,Dallas,Houston,224.0
F3723607,82,18:23,19:27,1 hours 4 minutes,2022-03-11,Dallas,Houston,224.0
F3723699,106,12:23,13:48,1 hours 25 minutes,2022-03-11,Dallas,Houston,224.0
F3826061,101,14:18,15:33,1 hours 15 minutes,2022-03-11,Dallas,Houston,224.0
F3837722,110,12:19,13:25,1 hours 6 minutes,2022-03-11,Dallas,Houston,224.0
F3879640,65,06:58,08:27,1 hours 29 minutes,2022-03-11,Dallas,Houston,224.0
F3886662,63,18:13,19:25,1 hours 12 minutes,2022-03-11,Dallas,Houston,224.0
F3886805,83,15:42,16:54,1 hours 12 minutes,2022-03-11,Dallas,Houston,224.0
F3944443,49,08:00,09:10,1 hours 10 minutes,2022-03-11,Dallas,Houston,239.0
F3944444,76,11:47,12:53,1 hours 6 minutes,2022-03-11,Dallas,Houston,239.0
F3944445,60,14:33,15:45,1 hours 12 minutes,2022-03-11,Dallas,Houston,239.0
F3944446,63,15:49,16:56,1 hours 7 minutes,2022-03-11,Dallas,Houston,239.0
F3944447,90,19:45,20:47,1 hours 2 minutes,2022-03-11,Dallas,Houston,239.0
F3944449,81,20:17,21:21,1 hours 4 minutes,2022-03-11,Dallas,Houston,239.0
F3944450,79,21:36,23:01,1 hours 25 minutes,2022-03-11,Dallas,Houston,239.0
F3944451,81,06:34,07:37,1 hours 3 minutes,2022-03-11,Dallas,Houston,239.0
F3944453,87,07:58,08:57,0 hours 59 minutes,2022-03-11,Dallas,Houston,216.0
F3944454,96,06:09,07:00,0 hours 51 minutes,2022-03-11,Dallas,Houston,216.0
F3944455,64,11:39,12:49,1 hours 10 minutes,2022-03-11,Dallas,Houston,216.0
F3944456,68,14:56,16:07,1 hours 11 minutes,2022-03-11,Dallas,Houston,216.0
F3944457,62,21:15,22:16,1 hours 1 minutes,2022-03-11,Dallas,Houston,216.0
F4042937,100,09:38,11:10,1 hours 32 minutes,2022-03-11,Dallas,Houston,224.0
F4045560,103,11:02,12:08,1 hours 6 minutes,2022-03-11,Dallas,Houston,247.0
F4046241,98,19:48,20:55,1 hours 7 minutes,2022-03-11,Dallas,Houston,247.0
F4047176,81,15:36,16:42,1 hours 6 minutes,2022-03-11,Dallas,Houston,247.0
F4047548,97,08:32,09:48,1 hours 16 minutes,2022-03-11,Dallas,Houston,247.0
F4048134,108,22:28,23:42,1 hours 14 minutes,2022-03-11,Dallas,Houston,247.0
F3760206,341,17:34,22:08,3 hours 34 minutes,2022-03-13,Houston,Boston,1597.0
F3875582,701,09:48,14:22,3 hours 34 minutes,2022-03-13,Houston,Boston,1597.0
F3876249,323,16:39,21:07,3 hours 28 minutes,2022-03-13,Houston,Boston,1597.0
F3876309,749,19:06,23:28,3 hours 22 minutes,2022-03-13,Houston,Boston,1597.0
F3561923,372,19:27,22:58,2 hours 31 minutes,2022-03-10,Dallas,Orlando,985.0
F3620946,396,20:46,00:11,2 hours 25 minutes,2022-03-10,Dallas,Orlando,985.0
F3660239,273,15:37,18:55,2 hours 18 minutes,2022-03-10,Dallas,Orlando,985.0
F3669281,348,17:15,20:38,2 hours 23 minutes,2022-03-10,Dallas,Orlando,985.0
F3670721,283,08:56,12:38,2 hours 42 minutes,2022-03-10,Dallas,Orlando,985.0
F3677108,371,17:42,21:01,2 hours 19 minutes,2022-03-10,Dallas,Orlando,985.0
F3681679,271,14:44,18:23,2 hours 39 minutes,2022-03-10,Dallas,Orlando,985.0
F3709631,259,18:49,22:11,2 hours 22 minutes,2022-03-10,Dallas,Orlando,985.0
F3714809,210,20:56,00:15,2 hours 19 minutes,2022-03-10,Dallas,Orlando,985.0
F3722710,384,15:15,18:30,2 hours 15 minutes,2022-03-10,Dallas,Orlando,985.0
F4021960,217,07:16,10:59,2 hours 43 minutes,2022-03-10,Dallas,Orlando,973.0
F4021961,476,15:49,19:14,2 hours 25 minutes,2022-03-10,Dallas,Orlando,973.0
F4021962,261,09:27,12:48,2 hours 21 minutes,2022-03-10,Dallas,Orlando,973.0
F4021963,238,18:05,21:33,2 hours 28 minutes,2022-03-10,Dallas,Orlando,973.0
F4021964,254,19:45,23:02,2 hours 17 minutes,2022-03-10,Dallas,Orlando,973.0
F4021965,235,22:30,01:46,2 hours 16 minutes,2022-03-10,Dallas,Orlando,973.0
F3562567,70,18:10,19:17,1 hours 7 minutes,2022-03-12,Orlando,Miami,192.0
F3621644,84,02:51,03:55,1 hours 4 minutes,2022-03-12,Orlando,Miami,192.0
F3670390,71,18:50,20:12,1 hours 22 minutes,2022-03-12,Orlando,Miami,192.0
F3679559,71,06:08,07:11,1 hours 3 minutes,2022-03-12,Orlando,Miami,192.0
F3682986,47,16:30,17:42,1 hours 12 minutes,2022-03-12,Orlando,Miami,192.0
F3686725,46,18:55,19:58,1 hours 3 minutes,2022-03-12,Orlando,Miami,192.0
F3710889,78,09:08,10:11,1 hours 3 minutes,2022-03-12,Orlando,Miami,192.0
F3714250,80,22:02,23:09,1 hours 7 minutes,2022-03-12,Orlando,Miami,192.0
F3718015,75,19:59,21:24,1 hours 25 minutes,2022-03-12,Orlando,Miami,192.0
F3721985,90,07:12,08:12,1 hours 0 minutes,2022-03-12,Orlando,Miami,192.0
F3622355,331,19:18,22:03,3 hours 45 minutes,2022-03-14,Miami,Dallas,1121.0
F3668083,257,08:45,11:00,3 hours 15 minutes,2022-03-14,Miami,Dallas,1121.0
F3677525,254,10:08,12:12,3 hours 4 minutes,2022-03-14,Miami,Dallas,1121.0
F3677856,542,13:22,15:23,3 hours 1 minutes,2022-03-14,Miami,Dallas,1121.0
F3677886,420,18:15,21:05,3 hours 50 minutes,2022-03-14,Miami,Dallas,1121.0
F3694447,471,21:37,00:24,3 hours 47 minutes,2022-03-14,Miami,Dallas,1121.0
F3707358,552,05:09,07:35,3 hours 26 minutes,2022-03-14,Miami,Dallas,1121.0
F3710036,301,11:37,14:07,3 hours 30 minutes,2022-03-14,Miami,Dallas,1121.0
F3710860,399,19:47,22:32,3 hours 45 minutes,2022-03-14,Miami,Dallas,1121.0
F3726777,489,07:06,09:33,3 hours 27 minutes,2022-03-14,Miami,Dallas,1121.0
F3978900,400,12:31,14:36,3 hours 5 minutes,2022-03-14,Miami,Dallas,1109.0
F3978901,363,18:35,21:09,3 hours 34 minutes,2022-03-14,Miami,Dallas,1109.0
F3561733,319,09:53,13:13,3 hours 20 minutes,2022-03-10,Islip,Tampa,1034.0
F3561844,364,19:52,23:00,3 hours 8 minutes,2022-03-10,Islip,Tampa,1034.0
F3625998,54,08:00,09:01,1 hours 1 minutes,2022-03-12,Tampa,Fort Lauderdale,197.0
F3973059,47,09:44,10:56,1 hours 12 minutes,2022-03-12,Tampa,Fort Lauderdale,197.0
F3563384,500,20:25,23:06,2 hours 41 minutes,2022-03-14,Fort Lauderdale,Islip,1092.0
F3977879,219,21:34,00:03,2 hours 29 minutes,2022-03-14,Fort Lauderdale,Islip,1092.0
F3808429,41,08:06,09:11,1 hours 5 minutes,2022-03-28,Bemidji,Minneapolis,199.0
F3808430,89,17:52,18:38,0 hours 46 minutes,2022-03-28,Bemidji,Minneapolis,199.0
F3581043,394,11:49,15:24,2 hours 35 minutes,2022-03-30,Minneapolis,Knoxville,792.0
F3635163,42,08:58,10:01,1 hours 3 minutes,2022-03-27,Wilmington,Charlotte,185.0
F3666354,48,15:07,16:02,0 hours 55 minutes,2022-03-27,Wilmington,Charlotte,185.0
F3783529,85,11:00,12:02,1 hours 2 minutes,2022-03-27,Wilmington,Charlotte,185.0
F3786903,78,16:06,17:20,1 hours 14 minutes,2022-03-27,Wilmington,Charlotte,185.0
F4050019,63,05:11,06:08,0 hours 57 minutes,2022-03-27,Wilmington,Charlotte,185.0
F4053622,43,06:58,07:57,0 hours 59 minutes,2022-03-27,Wilmington,Charlotte,185.0
F4061670,40,20:02,21:11,1 hours 9 minutes,2022-03-27,Wilmington,Charlotte,185.0
F3671912,239,16:35,17:44,2 hours 9 minutes,2022-03-29,Charlotte,Milwaukee,651.0
F3787344,219,07:52,08:59,2 hours 7 minutes,2022-03-29,Charlotte,Milwaukee,651.0
F3697195,292,14:24,16:55,2 hours 31 minutes,2022-03-01,Key West,Charlotte,736.0
F3702473,246,18:25,20:42,2 hours 17 minutes,2022-03-01,Key West,Charlotte,736.0
F3715830,268,12:33,14:49,2 hours 16 minutes,2022-03-01,Key West,Charlotte,736.0
F3632060,25,11:11,12:02,0 hours 51 minutes,2022-03-03,Charlotte,Asheville,91.0
F3632297,26,17:58,18:58,1 hours 0 minutes,2022-03-03,Charlotte,Asheville,91.0
F3783581,40,07:19,08:01,0 hours 42 minutes,2022-03-03,Charlotte,Asheville,91.0
F3791332,40,20:35,21:34,0 hours 59 minutes,2022-03-03,Charlotte,Asheville,91.0
F3792661,34,16:43,17:38,0 hours 55 minutes,2022-03-03,Charlotte,Asheville,91.0
F3794805,37,22:42,23:31,0 hours 49 minutes,2022-03-03,Charlotte,Asheville,91.0
F3835050,113,21:01,22:17,1 hours 16 minutes,2022-03-04,Salt Lake City,Helena,402.0
F3850599,188,10:56,12:07,1 hours 11 minutes,2022-03-04,Salt Lake City,Helena,402.0
F3778341,95,05:33,07:48,2 hours 15 minutes,2022-03-08,Billings,Salt Lake City,387.0
F3806017,192,18:25,19:54,1 hours 29 minutes,2022-03-08,Billings,Salt Lake City,387.0
F3828929,167,12:17,13:49,1 hours 32 minutes,2022-03-08,Billings,Salt Lake City,387.0
F3879366,299,16:33,20:00,2 hours 27 minutes,2022-03-11,Houston,Fort Myers,861.0
F3879589,173,07:42,10:56,2 hours 14 minutes,2022-03-11,Houston,Fort Myers,861.0
F3886666,352,20:12,23:32,2 hours 20 minutes,2022-03-11,Houston,Fort Myers,861.0
F3562874,56,14:41,15:40,0 hours 59 minutes,2022-03-13,Fort Myers,Orlando,133.0
F3976007,49,16:42,17:26,0 hours 44 minutes,2022-03-13,Fort Myers,Orlando,133.0
F3611726,404,13:58,15:45,2 hours 47 minutes,2022-03-15,Orlando,Houston,854.0
F3614159,245,18:42,20:19,2 hours 37 minutes,2022-03-15,Orlando,Houston,854.0
F3614879,398,07:09,08:52,2 hours 43 minutes,2022-03-15,Orlando,Houston,854.0
F3873287,276,14:03,15:42,2 hours 39 minutes,2022-03-15,Orlando,Houston,854.0
F3873372,366,12:03,14:12,3 hours 9 minutes,2022-03-15,Orlando,Houston,854.0
F3912978,233,17:17,18:57,2 hours 40 minutes,2022-03-15,Orlando,Houston,854.0
F3913000,378,09:12,10:56,2 hours 44 minutes,2022-03-15,Orlando,Houston,854.0
F3913180,235,15:27,16:57,2 hours 30 minutes,2022-03-15,Orlando,Houston,854.0
F3913373,185,21:27,22:45,2 hours 18 minutes,2022-03-15,Orlando,Houston,854.0
F3913604,259,06:58,08:30,2 hours 32 minutes,2022-03-15,Orlando,Houston,854.0
F4002312,405,19:44,21:25,2 hours 41 minutes,2022-03-15,Orlando,Houston,849.0
F4002314,256,09:53,11:32,2 hours 39 minutes,2022-03-15,Orlando,Houston,849.0
F4002315,205,11:44,13:56,3 hours 12 minutes,2022-03-15,Orlando,Houston,849.0
F4002316,312,10:48,12:31,2 hours 43 minutes,2022-03-15,Orlando,Houston,854.0
F3644759,16,17:55,18:43,0 hours 48 minutes,2022-03-11,Rochester,Minneapolis,76.0
F3846919,21,05:53,06:26,0 hours 33 minutes,2022-03-11,Rochester,Minneapolis,76.0
F3846921,36,11:23,12:12,0 hours 49 minutes,2022-03-11,Rochester,Minneapolis,76.0
F3741933,1006,09:27,12:37,6 hours 10 minutes,2022-03-11,New York,San Diego,2446.0
F3741935,976,16:52,19:53,6 hours 1 minutes,2022-03-11,New York,San Diego,2446.0
F3774047,631,07:24,10:18,5 hours 54 minutes,2022-03-11,New York,San Diego,2446.0
F3776215,697,16:00,19:01,6 hours 1 minutes,2022-03-11,New York,San Diego,2446.0
F3778869,549,16:40,19:43,6 hours 3 minutes,2022-03-11,New York,San Diego,2446.0
F3779293,1021,08:30,11:33,6 hours 3 minutes,2022-03-11,New York,San Diego,2446.0
F3833499,28,06:14,07:07,0 hours 53 minutes,2022-03-13,San Diego,Los Angeles,109.0
F3839336,36,10:58,11:58,1 hours 0 minutes,2022-03-13,San Diego,Los Angeles,109.0
F3839360,22,06:31,07:21,0 hours 50 minutes,2022-03-13,San Diego,Los Angeles,109.0
F3506123,1220,11:28,19:35,5 hours 7 minutes,2022-03-15,Los Angeles,New York,2475.0
F3527814,1009,23:07,07:15,5 hours 8 minutes,2022-03-15,Los Angeles,New York,2475.0
F3533288,697,05:59,14:22,5 hours 23 minutes,2022-03-15,Los Angeles,New York,2475.0
F3656742,1054,07:56,16:36,5 hours 40 minutes,2022-03-15,Los Angeles,New York,2475.0
F3656804,1162,05:59,14:15,5 hours 16 minutes,2022-03-15,Los Angeles,New York,2475.0
F3656942,834,22:44,06:47,5 hours 3 minutes,2022-03-15,Los Angeles,New York,2475.0
F3657004,897,13:26,21:37,5 hours 11 minutes,2022-03-15,Los Angeles,New York,2475.0
F3657255,515,06:29,14:51,5 hours 22 minutes,2022-03-15,Los Angeles,New York,2475.0
F3657558,947,19:19,03:27,5 hours 8 minutes,2022-03-15,Los Angeles,New York,2475.0
F3657684,808,11:22,19:45,5 hours 23 minutes,2022-03-15,Los Angeles,New York,2475.0
F3657815,921,12:35,20:48,5 hours 13 minutes,2022-03-15,Los Angeles,New York,2475.0
F3658123,826,07:29,15:50,5 hours 21 minutes,2022-03-15,Los Angeles,New York,2475.0
F3756738,1196,15:23,23:36,5 hours 13 minutes,2022-03-15,Los Angeles,New York,2475.0
F3756799,707,14:07,22:23,5 hours 16 minutes,2022-03-15,Los Angeles,New York,2475.0
F3774188,726,12:45,20:59,5 hours 14 minutes,2022-03-15,Los Angeles,New York,2475.0
F3775237,584,00:52,09:40,5 hours 48 minutes,2022-03-15,Los Angeles,New York,2475.0
F3776080,1190,00:02,08:09,5 hours 7 minutes,2022-03-15,Los Angeles,New York,2475.0
F3776153,541,06:36,15:01,5 hours 25 minutes,2022-03-15,Los Angeles,New York,2475.0
F3776417,858,11:32,19:41,5 hours 9 minutes,2022-03-15,Los Angeles,New York,2475.0
F3776690,577,07:45,16:30,5 hours 45 minutes,2022-03-15,Los Angeles,New York,2475.0
F3776889,1151,16:29,00:36,5 hours 7 minutes,2022-03-15,Los Angeles,New York,2475.0
F3777082,709,08:46,17:13,5 hours 27 minutes,2022-03-15,Los Angeles,New York,2475.0
F3778458,968,13:33,21:22,4 hours 49 minutes,2022-03-15,Los Angeles,New York,2475.0
F3778489,689,07:49,16:08,5 hours 19 minutes,2022-03-15,Los Angeles,New York,2475.0
F3780531,509,09:34,17:45,5 hours 11 minutes,2022-03-15,Los Angeles,New York,2475.0
F3781908,818,16:37,00:34,4 hours 57 minutes,2022-03-15,Los Angeles,New York,2475.0
F3873505,1197,15:40,23:39,4 hours 59 minutes,2022-03-15,Los Angeles,New York,2475.0
F3873507,970,07:11,15:22,5 hours 11 minutes,2022-03-15,Los Angeles,New York,2475.0
F3649362,97,19:49,20:47,0 hours 58 minutes,2022-03-16,Minneapolis,Green Bay,252.0
F3652156,119,10:12,11:25,1 hours 13 minutes,2022-03-16,Minneapolis,Green Bay,252.0
F3847867,69,13:00,14:00,1 hours 0 minutes,2022-03-20,Rhinelander,Minneapolis,190.0
F3847878,69,08:08,09:14,1 hours 6 minutes,2022-03-20,Rhinelander,Minneapolis,190.0
F3800135,200,11:45,12:54,2 hours 9 minutes,2022-03-02,El Paso,Los Angeles,715.0
F3939080,287,11:16,12:14,1 hours 58 minutes,2022-03-02,El Paso,Los Angeles,715.0
F3738517,148,09:10,10:42,1 hours 32 minutes,2022-03-05,Los Angeles,San Francisco,337.0
F3738528,69,19:55,21:25,1 hours 30 minutes,2022-03-05,Los Angeles,San Francisco,337.0
F3766897,123,17:56,19:21,1 hours 25 minutes,2022-03-05,Los Angeles,San Francisco,337.0
F3800984,146,20:10,21:37,1 hours 27 minutes,2022-03-05,Los Angeles,San Francisco,337.0
F3803508,166,08:56,10:28,1 hours 32 minutes,2022-03-05,Los Angeles,San Francisco,337.0
F3803517,119,17:05,18:35,1 hours 30 minutes,2022-03-05,Los Angeles,San Francisco,337.0
F3808497,91,11:00,12:16,1 hours 16 minutes,2022-03-05,Los Angeles,San Francisco,337.0
F3817764,104,16:48,18:23,1 hours 35 minutes,2022-03-05,Los Angeles,San Francisco,337.0
F3817773,149,12:22,13:59,1 hours 37 minutes,2022-03-05,Los Angeles,San Francisco,337.0
F3817868,67,20:24,21:54,1 hours 30 minutes,2022-03-05,Los Angeles,San Francisco,337.0
F3834610,164,15:10,16:32,1 hours 22 minutes,2022-03-05,Los Angeles,San Francisco,337.0
F3834652,107,08:03,09:32,1 hours 29 minutes,2022-03-05,Los Angeles,San Francisco,337.0
F3834679,102,20:07,21:23,1 hours 16 minutes,2022-03-05,Los Angeles,San Francisco,337.0
F3836046,96,17:21,18:39,1 hours 18 minutes,2022-03-05,Los Angeles,San Francisco,337.0
F3849440,167,12:59,14:13,1 hours 14 minutes,2022-03-05,Los Angeles,San Francisco,337.0
F3902138,97,16:48,18:12,1 hours 24 minutes,2022-03-05,Los Angeles,San Francisco,337.0
F3902497,158,08:01,09:36,1 hours 35 minutes,2022-03-05,Los Angeles,San Francisco,337.0
F3902500,115,05:51,07:13,1 hours 22 minutes,2022-03-05,Los Angeles,San Francisco,337.0
F3902650,137,11:05,12:36,1 hours 31 minutes,2022-03-05,Los Angeles,San Francisco,337.0
F3902807,143,22:40,00:08,1 hours 28 minutes,2022-03-05,Los Angeles,San Francisco,337.0
F3903148,166,20:13,21:31,1 hours 18 minutes,2022-03-05,Los Angeles,San Francisco,337.0
F3968152,142,17:51,19:05,1 hours 14 minutes,2022-03-05,Los Angeles,San Francisco,337.0
F3971921,121,09:25,10:39,1 hours 14 minutes,2022-03-05,Los Angeles,San Francisco,337.0
F3971922,153,12:19,13:29,1 hours 10 minutes,2022-03-05,Los Angeles,San Francisco,337.0
F3660498,274,17:32,19:25,1 hours 53 minutes,2022-03-22,Syracuse,Charlotte,603.0
F3663868,140,05:15,07:08,1 hours 53 minutes,2022-03-22,Syracuse,Charlotte,603.0
F3675720,180,11:43,13:45,2 hours 2 minutes,2022-03-22,Syracuse,Charlotte,603.0
F3831733,96,08:08,09:40,1 hours 32 minutes,2022-03-06,Bemidji,Minneapolis,199.0
F3835304,53,18:05,19:08,1 hours 3 minutes,2022-03-06,Bemidji,Minneapolis,199.0
F3833857,28,21:36,22:16,0 hours 40 minutes,2022-03-08,Minneapolis,Brainerd,114.0
F3875583,415,11:39,16:43,3 hours 4 minutes,2022-03-13,Santa Ana,Houston,1346.0
F3876490,517,13:17,18:17,3 hours 0 minutes,2022-03-13,Santa Ana,Houston,1346.0
F3876510,293,07:51,12:48,2 hours 57 minutes,2022-03-13,Santa Ana,Houston,1346.0
F3976405,303,09:25,14:09,2 hours 44 minutes,2022-03-13,Santa Ana,Houston,1357.0
F3673862,64,07:42,08:58,1 hours 16 minutes,2022-03-15,Houston,Dallas,224.0
F3718961,61,12:16,13:34,1 hours 18 minutes,2022-03-15,Houston,Dallas,224.0
F3719075,96,17:57,19:17,1 hours 20 minutes,2022-03-15,Houston,Dallas,224.0
F3723237,69,10:22,11:34,1 hours 12 minutes,2022-03-15,Houston,Dallas,224.0
F3723734,79,14:23,15:39,1 hours 16 minutes,2022-03-15,Houston,Dallas,224.0
F3726146,90,06:07,07:10,1 hours 3 minutes,2022-03-15,Houston,Dallas,224.0
F3838120,51,10:10,11:38,1 hours 28 minutes,2022-03-15,Houston,Dallas,224.0
F3838121,89,12:12,13:39,1 hours 27 minutes,2022-03-15,Houston,Dallas,224.0
F3873174,101,20:11,21:11,1 hours 0 minutes,2022-03-15,Houston,Dallas,224.0
F3873356,48,16:39,17:59,1 hours 20 minutes,2022-03-15,Houston,Dallas,224.0
F3913430,45,14:19,15:23,1 hours 4 minutes,2022-03-15,Houston,Dallas,224.0
F4001679,97,07:01,07:58,0 hours 57 minutes,2022-03-15,Houston,Dallas,239.0
F4001680,68,08:37,09:28,0 hours 51 minutes,2022-03-15,Houston,Dallas,239.0
F4001681,49,10:46,11:41,0 hours 55 minutes,2022-03-15,Houston,Dallas,239.0
F4001682,108,12:27,13:50,1 hours 23 minutes,2022-03-15,Houston,Dallas,239.0
F4001683,86,14:36,15:41,1 hours 5 minutes,2022-03-15,Houston,Dallas,239.0
F4001684,57,16:58,17:51,0 hours 53 minutes,2022-03-15,Houston,Dallas,239.0
F4001685,101,18:34,19:32,0 hours 58 minutes,2022-03-15,Houston,Dallas,239.0
F4001686,114,20:01,20:57,0 hours 56 minutes,2022-03-15,Houston,Dallas,239.0
F4001687,56,22:24,23:26,1 hours 2 minutes,2022-03-15,Houston,Dallas,239.0
F4001688,80,05:57,06:51,0 hours 54 minutes,2022-03-15,Houston,Dallas,239.0
F4001784,93,18:31,19:41,1 hours 10 minutes,2022-03-15,Houston,Dallas,216.0
F4001785,72,05:37,06:29,0 hours 52 minutes,2022-03-15,Houston,Dallas,216.0
F4001786,56,20:11,21:38,1 hours 27 minutes,2022-03-15,Houston,Dallas,216.0
F4001787,55,13:46,14:43,0 hours 57 minutes,2022-03-15,Houston,Dallas,216.0
F4001788,84,21:42,22:32,0 hours 50 minutes,2022-03-15,Houston,Dallas,216.0
F4001789,74,08:14,09:24,1 hours 10 minutes,2022-03-15,Houston,Dallas,216.0
F4043006,110,18:13,19:32,1 hours 19 minutes,2022-03-15,Houston,Dallas,224.0
F4044031,122,06:17,07:24,1 hours 7 minutes,2022-03-15,Houston,Dallas,247.0
F4047210,95,16:20,17:30,1 hours 10 minutes,2022-03-15,Houston,Dallas,247.0
F4047583,66,10:28,11:37,1 hours 9 minutes,2022-03-15,Houston,Dallas,247.0
F3659075,463,21:16,22:17,3 hours 1 minutes,2022-03-17,Dallas,Santa Ana,1205.0
F3667247,505,17:56,19:07,3 hours 11 minutes,2022-03-17,Dallas,Santa Ana,1205.0
F3673491,532,15:13,16:24,3 hours 11 minutes,2022-03-17,Dallas,Santa Ana,1205.0
F3674044,346,09:37,10:34,2 hours 57 minutes,2022-03-17,Dallas,Santa Ana,1205.0
F3678804,360,12:33,13:42,3 hours 9 minutes,2022-03-17,Dallas,Santa Ana,1205.0
F3686370,353,19:33,20:56,3 hours 23 minutes,2022-03-17,Dallas,Santa Ana,1205.0
F3708051,277,08:38,09:48,3 hours 10 minutes,2022-03-17,Dallas,Santa Ana,1205.0
F3718763,566,11:17,12:29,3 hours 12 minutes,2022-03-17,Dallas,Santa Ana,1205.0
F4008019,411,12:56,14:30,3 hours 34 minutes,2022-03-17,Dallas,Santa Ana,1216.0
F3491376,87,19:24,20:31,1 hours 7 minutes,2022-03-22,Atlanta,Charleston,259.0
F3502078,59,21:07,22:07,1 hours 0 minutes,2022-03-22,Atlanta,Charleston,259.0
F3505825,59,08:27,09:23,0 hours 56 minutes,2022-03-22,Atlanta,Charleston,259.0
F3506246,88,12:08,13:00,0 hours 52 minutes,2022-03-22,Atlanta,Charleston,259.0
F3512309,53,15:22,16:24,1 hours 2 minutes,2022-03-22,Atlanta,Charleston,259.0
F3512516,86,09:56,11:01,1 hours 5 minutes,2022-03-22,Atlanta,Charleston,259.0
F3521937,117,22:53,00:06,1 hours 13 minutes,2022-03-22,Atlanta,Charleston,259.0
F3553318,61,17:40,18:38,0 hours 58 minutes,2022-03-22,Atlanta,Charleston,259.0
F3635676,129,11:50,12:53,1 hours 3 minutes,2022-03-22,Atlanta,Charleston,363.0
F3638516,134,20:50,22:17,1 hours 27 minutes,2022-03-22,Atlanta,Charleston,363.0
F4068416,56,13:22,14:33,1 hours 11 minutes,2022-03-26,Hilton Head,Atlanta,238.0
F4068498,96,17:09,18:21,1 hours 12 minutes,2022-03-26,Hilton Head,Atlanta,238.0
F3994010,57,20:31,21:37,1 hours 6 minutes,2022-03-06,Baltimore,Buffalo,281.0
F3994011,117,13:42,14:51,1 hours 9 minutes,2022-03-06,Baltimore,Buffalo,281.0
F3994012,68,22:09,23:10,1 hours 1 minutes,2022-03-06,Baltimore,Buffalo,281.0
F3640932,84,14:05,15:12,1 hours 7 minutes,2022-03-08,Buffalo,New York,292.0
F3644275,84,05:39,06:50,1 hours 11 minutes,2022-03-08,Buffalo,New York,301.0
F3646086,62,12:07,13:16,1 hours 9 minutes,2022-03-08,Buffalo,New York,301.0
F3647551,115,15:37,16:52,1 hours 15 minutes,2022-03-08,Buffalo,New York,292.0
F3649914,91,18:31,19:39,1 hours 8 minutes,2022-03-08,Buffalo,New York,292.0
F3651076,96,10:33,11:52,1 hours 19 minutes,2022-03-08,Buffalo,New York,292.0
F3652348,140,19:05,20:19,1 hours 14 minutes,2022-03-08,Buffalo,New York,301.0
F3654364,119,05:59,07:21,1 hours 22 minutes,2022-03-08,Buffalo,New York,292.0
F3757211,77,20:40,22:04,1 hours 24 minutes,2022-03-08,Buffalo,New York,301.0
F3758478,123,07:01,08:19,1 hours 18 minutes,2022-03-08,Buffalo,New York,301.0
F3763181,90,09:27,10:37,1 hours 10 minutes,2022-03-08,Buffalo,New York,301.0
F3651667,44,08:43,09:49,1 hours 6 minutes,2022-03-10,New York,Baltimore,184.0
F3652176,37,21:21,22:24,1 hours 3 minutes,2022-03-10,New York,Baltimore,184.0
F3656013,58,14:49,15:56,1 hours 7 minutes,2022-03-10,New York,Baltimore,184.0
F4022949,76,17:31,18:34,1 hours 3 minutes,2022-03-10,New York,Baltimore,185.0
F4022951,66,14:39,15:36,0 hours 57 minutes,2022-03-10,New York,Baltimore,185.0
F4049828,39,11:39,12:43,1 hours 4 minutes,2022-03-10,New York,Baltimore,184.0
F4052241,89,21:51,22:57,1 hours 6 minutes,2022-03-10,New York,Baltimore,184.0
F4055371,63,16:52,18:06,1 hours 14 minutes,2022-03-10,New York,Baltimore,184.0
F4059093,74,15:21,16:35,1 hours 14 minutes,2022-03-10,New York,Baltimore,184.0
F4059583,72,13:20,14:29,1 hours 9 minutes,2022-03-10,New York,Baltimore,184.0
F4061732,71,12:36,13:48,1 hours 12 minutes,2022-03-10,New York,Baltimore,184.0
F3522961,318,13:27,15:07,1 hours 40 minutes,2022-03-19,Atlanta,Grand Rapids,640.0
F3523984,304,10:05,11:55,1 hours 50 minutes,2022-03-19,Atlanta,Grand Rapids,640.0
F3528967,142,17:51,19:33,1 hours 42 minutes,2022-03-19,Atlanta,Grand Rapids,640.0
F3536056,170,21:44,23:22,1 hours 38 minutes,2022-03-19,Atlanta,Grand Rapids,640.0
F3497272,54,14:07,15:08,1 hours 1 minutes,2022-03-21,Grand Rapids,Detroit,120.0
F3522186,49,05:12,06:10,0 hours 58 minutes,2022-03-21,Grand Rapids,Detroit,120.0
F3540690,29,18:13,18:51,0 hours 38 minutes,2022-03-21,Grand Rapids,Detroit,120.0
F3545288,36,10:33,11:20,0 hours 47 minutes,2022-03-21,Grand Rapids,Detroit,120.0
F3487874,277,16:54,18:51,1 hours 57 minutes,2022-03-23,Detroit,Atlanta,594.0
F3488686,156,09:03,11:35,2 hours 32 minutes,2022-03-23,Detroit,Atlanta,594.0
F3489224,256,18:43,20:40,1 hours 57 minutes,2022-03-23,Detroit,Atlanta,594.0
F3506282,212,21:16,23:25,2 hours 9 minutes,2022-03-23,Detroit,Atlanta,594.0
F3619156,286,10:38,12:45,2 hours 7 minutes,2022-03-23,Detroit,Atlanta,594.0
F3625947,151,22:20,00:27,2 hours 7 minutes,2022-03-23,Detroit,Atlanta,594.0
F3777929,279,07:10,09:23,2 hours 13 minutes,2022-03-23,Detroit,Atlanta,594.0
F3778943,191,06:01,08:13,2 hours 12 minutes,2022-03-23,Detroit,Atlanta,594.0
F3781118,125,14:35,16:34,1 hours 59 minutes,2022-03-23,Detroit,Atlanta,594.0
F3782055,252,12:20,14:40,2 hours 20 minutes,2022-03-23,Detroit,Atlanta,594.0
F3666403,315,12:33,17:13,2 hours 40 minutes,2022-03-14,Phoenix,Kansas City,1044.0
F3682198,343,18:43,23:18,2 hours 35 minutes,2022-03-14,Phoenix,Kansas City,1044.0
F3979328,230,22:56,03:27,2 hours 31 minutes,2022-03-14,Phoenix,Kansas City,1044.0
F3979329,466,14:32,18:59,2 hours 27 minutes,2022-03-14,Phoenix,Kansas City,1044.0
F3979330,211,07:16,11:39,2 hours 23 minutes,2022-03-14,Phoenix,Kansas City,1044.0
F3979331,351,11:39,16:08,2 hours 29 minutes,2022-03-14,Phoenix,Kansas City,1044.0
F3979332,224,16:30,20:52,2 hours 22 minutes,2022-03-14,Phoenix,Kansas City,1044.0
F4005629,72,08:19,09:07,0 hours 48 minutes,2022-03-16,Kansas City,St. Louis,237.0
F4005630,82,18:54,19:40,0 hours 46 minutes,2022-03-16,Kansas City,St. Louis,237.0
F3613976,318,10:17,11:56,3 hours 39 minutes,2022-03-18,St. Louis,Phoenix,1262.0
F3681301,563,18:36,19:42,3 hours 6 minutes,2022-03-18,St. Louis,Phoenix,1262.0
F3726750,363,07:17,08:36,3 hours 19 minutes,2022-03-18,St. Louis,Phoenix,1262.0
F4029236,460,06:22,07:38,3 hours 16 minutes,2022-03-18,St. Louis,Phoenix,1262.0
F4029237,472,09:48,10:57,3 hours 9 minutes,2022-03-18,St. Louis,Phoenix,1262.0
F4029238,280,16:46,17:50,3 hours 4 minutes,2022-03-18,St. Louis,Phoenix,1262.0
F3783763,158,09:43,11:17,1 hours 34 minutes,2022-03-13,Charlotte,Daytona Beach,416.0
F3788308,142,20:42,22:12,1 hours 30 minutes,2022-03-13,Charlotte,Daytona Beach,416.0
F3791694,145,15:14,18:08,2 hours 54 minutes,2022-03-13,Charlotte,Daytona Beach,416.0
F3793512,156,13:16,14:50,1 hours 34 minutes,2022-03-13,Charlotte,Daytona Beach,416.0
F3796260,152,18:11,19:29,1 hours 18 minutes,2022-03-13,Charlotte,Daytona Beach,416.0
F3659440,161,06:12,08:13,2 hours 1 minutes,2022-03-17,Miami,Charlotte,650.0
F3666154,149,22:34,00:27,1 hours 53 minutes,2022-03-17,Miami,Charlotte,650.0
F3669511,290,07:58,09:50,1 hours 52 minutes,2022-03-17,Miami,Charlotte,650.0
F3670304,176,17:32,19:23,1 hours 51 minutes,2022-03-17,Miami,Charlotte,650.0
F3683169,137,11:21,13:21,2 hours 0 minutes,2022-03-17,Miami,Charlotte,650.0
F3696447,191,10:01,11:56,1 hours 55 minutes,2022-03-17,Miami,Charlotte,650.0
F3699841,303,19:44,21:32,1 hours 48 minutes,2022-03-17,Miami,Charlotte,650.0
F3701391,219,12:46,14:47,2 hours 1 minutes,2022-03-17,Miami,Charlotte,650.0
F3721656,247,15:04,16:56,1 hours 52 minutes,2022-03-17,Miami,Charlotte,650.0
F3856357,230,12:44,14:59,2 hours 15 minutes,2022-03-22,Houston,Pensacola,489.0
F3895006,206,14:48,17:17,2 hours 29 minutes,2022-03-22,Houston,Pensacola,489.0
F3895378,186,20:14,21:47,1 hours 33 minutes,2022-03-22,Houston,Pensacola,489.0
F3921983,209,10:49,13:14,2 hours 25 minutes,2022-03-22,Houston,Pensacola,489.0
F3982735,165,13:15,14:46,1 hours 31 minutes,2022-03-22,Houston,Pensacola,488.0
F3495627,311,18:23,20:52,2 hours 29 minutes,2022-03-15,West Palm Beach,New York,1035.0
F3496226,505,12:46,15:14,2 hours 28 minutes,2022-03-15,West Palm Beach,New York,1035.0
F3511165,479,12:51,15:26,2 hours 35 minutes,2022-03-15,West Palm Beach,New York,1028.0
F3512880,487,07:35,10:16,2 hours 41 minutes,2022-03-15,West Palm Beach,New York,1035.0
F3524129,277,15:40,18:15,2 hours 35 minutes,2022-03-15,West Palm Beach,New York,1035.0
F3543035,267,20:19,22:53,2 hours 34 minutes,2022-03-15,West Palm Beach,New York,1028.0
F3755476,477,06:45,09:17,2 hours 32 minutes,2022-03-15,West Palm Beach,New York,1035.0
F3758379,426,11:41,14:19,2 hours 38 minutes,2022-03-15,West Palm Beach,New York,1035.0
F3765118,383,18:21,20:49,2 hours 28 minutes,2022-03-15,West Palm Beach,New York,1028.0
F3765702,405,19:11,21:43,2 hours 32 minutes,2022-03-15,West Palm Beach,New York,1035.0
F3765757,311,21:29,23:55,2 hours 26 minutes,2022-03-15,West Palm Beach,New York,1028.0
F3766322,466,11:03,13:32,2 hours 29 minutes,2022-03-15,West Palm Beach,New York,1028.0
F3769173,483,07:32,10:01,2 hours 29 minutes,2022-03-15,West Palm Beach,New York,1028.0
F3774491,278,13:47,16:35,2 hours 48 minutes,2022-03-15,West Palm Beach,New York,1028.0
F3774715,238,13:02,15:37,2 hours 35 minutes,2022-03-15,West Palm Beach,New York,1028.0
F3590715,56,12:36,13:27,0 hours 51 minutes,2022-03-17,Abilene,Dallas,158.0
F3592490,59,07:56,09:01,1 hours 5 minutes,2022-03-17,Abilene,Dallas,158.0
F3592933,55,06:23,07:05,0 hours 42 minutes,2022-03-17,Abilene,Dallas,158.0
F3604545,47,10:24,11:37,1 hours 13 minutes,2022-03-17,Abilene,Dallas,158.0
F4045339,479,12:32,16:07,2 hours 35 minutes,2022-03-19,Dallas,Daytona Beach,981.0
F3613339,451,09:32,13:42,3 hours 10 minutes,2022-03-11,Chicago,Fort Myers,1120.0
F3629479,327,14:48,19:51,4 hours 3 minutes,2022-03-11,Chicago,Fort Myers,1120.0
F3691342,230,06:59,11:20,3 hours 21 minutes,2022-03-11,Chicago,Fort Myers,1120.0
F3693619,554,11:04,15:02,2 hours 58 minutes,2022-03-11,Chicago,Fort Myers,1120.0
F3698938,343,20:04,00:17,3 hours 13 minutes,2022-03-11,Chicago,Fort Myers,1120.0
F3712223,310,15:05,19:05,3 hours 0 minutes,2022-03-11,Chicago,Fort Myers,1120.0
F3878683,494,08:59,13:34,3 hours 35 minutes,2022-03-11,Chicago,Fort Myers,1120.0
F3879250,472,07:38,11:20,2 hours 42 minutes,2022-03-11,Chicago,Fort Myers,1120.0
F3879344,299,20:10,00:08,2 hours 58 minutes,2022-03-11,Chicago,Fort Myers,1120.0
F3879504,318,17:58,21:52,2 hours 54 minutes,2022-03-11,Chicago,Fort Myers,1120.0
F3879764,538,11:03,15:30,3 hours 27 minutes,2022-03-11,Chicago,Fort Myers,1120.0
F3945865,402,09:05,12:42,2 hours 37 minutes,2022-03-11,Chicago,Fort Myers,1105.0
F3945866,257,16:04,19:50,2 hours 46 minutes,2022-03-11,Chicago,Fort Myers,1105.0
F3945867,336,19:52,23:35,2 hours 43 minutes,2022-03-11,Chicago,Fort Myers,1105.0
F3945868,488,05:39,09:40,3 hours 1 minutes,2022-03-11,Chicago,Fort Myers,1105.0
F3946223,519,16:25,20:11,2 hours 46 minutes,2022-03-11,Chicago,Fort Myers,1120.0
F3608231,416,17:14,18:55,2 hours 41 minutes,2022-03-15,Jacksonville,Chicago,864.0
F3799469,347,14:51,16:30,2 hours 39 minutes,2022-03-15,Jacksonville,Chicago,864.0
F4073621,332,12:54,14:33,2 hours 39 minutes,2022-03-15,Jacksonville,Chicago,864.0
F4073842,218,17:00,18:42,2 hours 42 minutes,2022-03-15,Jacksonville,Chicago,864.0
F3631275,113,17:45,19:16,1 hours 31 minutes,2022-03-19,Charlotte,Cleveland,430.0
F3632703,158,11:20,13:12,1 hours 52 minutes,2022-03-19,Charlotte,Cleveland,430.0
F3681164,180,23:03,00:42,1 hours 39 minutes,2022-03-19,Charlotte,Cleveland,430.0
F3699033,155,21:10,22:47,1 hours 37 minutes,2022-03-19,Charlotte,Cleveland,430.0
F4058089,143,08:01,09:37,1 hours 36 minutes,2022-03-19,Charlotte,Cleveland,430.0
F3635338,117,09:51,11:11,1 hours 20 minutes,2022-03-23,Dayton,Charlotte,370.0
F3787422,132,17:24,19:02,1 hours 38 minutes,2022-03-23,Dayton,Charlotte,370.0
F3787877,135,06:38,08:08,1 hours 30 minutes,2022-03-23,Dayton,Charlotte,370.0
F3796536,128,07:50,09:19,1 hours 29 minutes,2022-03-23,Dayton,Charlotte,370.0
F3658310,1083,18:31,21:10,5 hours 39 minutes,2022-03-26,Miami,Los Angeles,2342.0
F3658991,763,10:24,13:37,6 hours 13 minutes,2022-03-26,Miami,Los Angeles,2342.0
F3664927,519,16:57,19:08,5 hours 11 minutes,2022-03-26,Miami,Los Angeles,2342.0
F3712115,1095,08:38,11:08,5 hours 30 minutes,2022-03-26,Miami,Los Angeles,2342.0
F3773963,1078,08:28,11:18,5 hours 50 minutes,2022-03-26,Miami,Los Angeles,2342.0
F3752382,84,08:02,10:06,2 hours 4 minutes,2022-03-28,Los Angeles,San Francisco,337.0
F3752385,148,18:14,19:30,1 hours 16 minutes,2022-03-28,Los Angeles,San Francisco,337.0
F3768322,75,10:03,11:32,1 hours 29 minutes,2022-03-28,Los Angeles,San Francisco,337.0
F3770229,137,17:58,19:13,1 hours 15 minutes,2022-03-28,Los Angeles,San Francisco,337.0
F3807849,95,15:18,16:34,1 hours 16 minutes,2022-03-28,Los Angeles,San Francisco,337.0
F3807934,99,08:11,10:05,1 hours 54 minutes,2022-03-28,Los Angeles,San Francisco,337.0
F3807967,106,21:58,23:13,1 hours 15 minutes,2022-03-28,Los Angeles,San Francisco,337.0
F3807991,135,06:04,07:37,1 hours 33 minutes,2022-03-28,Los Angeles,San Francisco,337.0
F3808012,88,10:53,12:31,1 hours 38 minutes,2022-03-28,Los Angeles,San Francisco,337.0
F3808263,161,17:27,18:37,1 hours 10 minutes,2022-03-28,Los Angeles,San Francisco,337.0
F3808376,146,13:05,14:16,1 hours 11 minutes,2022-03-28,Los Angeles,San Francisco,337.0
F3814987,131,20:12,21:28,1 hours 16 minutes,2022-03-28,Los Angeles,San Francisco,337.0
F3815466,123,08:58,10:38,1 hours 40 minutes,2022-03-28,Los Angeles,San Francisco,337.0
F3815477,132,17:05,18:20,1 hours 15 minutes,2022-03-28,Los Angeles,San Francisco,337.0
F3820427,167,06:01,07:32,1 hours 31 minutes,2022-03-28,Los Angeles,San Francisco,337.0
F3820468,125,21:10,22:38,1 hours 28 minutes,2022-03-28,Los Angeles,San Francisco,337.0
F3820512,113,09:58,11:20,1 hours 22 minutes,2022-03-28,Los Angeles,San Francisco,337.0
F3820515,99,22:26,23:49,1 hours 23 minutes,2022-03-28,Los Angeles,San Francisco,337.0
F3820527,123,16:11,17:36,1 hours 25 minutes,2022-03-28,Los Angeles,San Francisco,337.0
F3820561,116,14:53,16:07,1 hours 14 minutes,2022-03-28,Los Angeles,San Francisco,337.0
F3820573,94,12:56,14:30,1 hours 34 minutes,2022-03-28,Los Angeles,San Francisco,337.0
F3871323,144,16:14,17:32,1 hours 18 minutes,2022-03-28,Los Angeles,San Francisco,337.0
F3871748,124,08:12,10:08,1 hours 56 minutes,2022-03-28,Los Angeles,San Francisco,337.0
F3871751,102,06:04,07:42,1 hours 38 minutes,2022-03-28,Los Angeles,San Francisco,337.0
F3872108,136,22:42,00:09,1 hours 27 minutes,2022-03-28,Los Angeles,San Francisco,337.0
F3872488,148,19:17,20:39,1 hours 22 minutes,2022-03-28,Los Angeles,San Francisco,337.0
F3872654,140,10:47,12:17,1 hours 30 minutes,2022-03-28,Los Angeles,San Francisco,337.0
F3872925,107,13:30,14:52,1 hours 22 minutes,2022-03-28,Los Angeles,San Francisco,337.0
F3958106,123,18:30,19:37,1 hours 7 minutes,2022-03-28,Los Angeles,San Francisco,337.0
F3958107,80,12:52,13:54,1 hours 2 minutes,2022-03-28,Los Angeles,San Francisco,337.0
F3958108,86,01:44,03:02,1 hours 18 minutes,2022-03-28,Los Angeles,San Francisco,337.0
F3659728,880,07:57,16:21,5 hours 24 minutes,2022-03-30,San Francisco,Miami,2585.0
F3706086,918,13:34,21:45,5 hours 11 minutes,2022-03-30,San Francisco,Miami,2585.0
F3868256,945,08:49,17:16,5 hours 27 minutes,2022-03-30,San Francisco,Miami,2585.0
F3743482,948,19:18,21:52,5 hours 34 minutes,2022-03-14,Orlando,San Francisco,2446.0
F3874406,684,18:36,21:23,5 hours 47 minutes,2022-03-14,Orlando,San Francisco,2446.0
F3875225,1128,08:20,11:14,5 hours 54 minutes,2022-03-14,Orlando,San Francisco,2446.0
F3819977,134,15:57,17:18,1 hours 21 minutes,2022-03-16,San Francisco,San Diego,447.0
F3819984,155,11:31,12:51,1 hours 20 minutes,2022-03-16,San Francisco,San Diego,447.0
F3819986,221,14:27,16:07,1 hours 40 minutes,2022-03-16,San Francisco,San Diego,447.0
F3819995,175,06:20,07:46,1 hours 26 minutes,2022-03-16,San Francisco,San Diego,447.0
F3820046,140,19:18,20:48,1 hours 30 minutes,2022-03-16,San Francisco,San Diego,447.0
F3911175,98,10:45,12:10,1 hours 25 minutes,2022-03-16,San Francisco,San Diego,447.0
F3911204,97,19:10,20:24,1 hours 14 minutes,2022-03-16,San Francisco,San Diego,447.0
F3911641,172,13:24,14:51,1 hours 27 minutes,2022-03-16,San Francisco,San Diego,447.0
F3911773,174,21:46,23:09,1 hours 23 minutes,2022-03-16,San Francisco,San Diego,447.0
F3912525,222,08:37,10:00,1 hours 23 minutes,2022-03-16,San Francisco,San Diego,447.0
F3912706,192,16:43,18:01,1 hours 18 minutes,2022-03-16,San Francisco,San Diego,447.0
F4006710,114,13:40,14:55,1 hours 15 minutes,2022-03-16,San Francisco,San Diego,447.0
F4006711,90,19:37,20:51,1 hours 14 minutes,2022-03-16,San Francisco,San Diego,447.0
F4006712,205,05:52,07:06,1 hours 14 minutes,2022-03-16,San Francisco,San Diego,447.0
F3746267,633,08:07,15:40,4 hours 33 minutes,2022-03-18,San Diego,Orlando,2149.0
F3943898,456,12:32,14:09,3 hours 37 minutes,2022-03-11,Austin,Sacramento,1481.0
F3943899,691,19:42,21:21,3 hours 39 minutes,2022-03-11,Austin,Sacramento,1481.0
F3817458,176,09:45,11:11,1 hours 26 minutes,2022-03-13,Sacramento,San Diego,480.0
F3817478,199,14:23,15:49,1 hours 26 minutes,2022-03-13,Sacramento,San Diego,480.0
F3817520,239,06:56,08:24,1 hours 28 minutes,2022-03-13,Sacramento,San Diego,480.0
F3976376,149,19:17,20:35,1 hours 18 minutes,2022-03-13,Sacramento,San Diego,480.0
F3976377,196,10:24,11:43,1 hours 19 minutes,2022-03-13,Sacramento,San Diego,480.0
F3976378,166,15:14,16:27,1 hours 13 minutes,2022-03-13,Sacramento,San Diego,480.0
F3976380,163,11:57,13:16,1 hours 19 minutes,2022-03-13,Sacramento,San Diego,480.0
F3976381,223,17:39,18:56,1 hours 17 minutes,2022-03-13,Sacramento,San Diego,480.0
F3976382,134,06:00,07:17,1 hours 17 minutes,2022-03-13,Sacramento,San Diego,480.0
F3976383,122,06:59,08:22,1 hours 23 minutes,2022-03-13,Sacramento,San Diego,480.0
F3976384,181,20:20,21:36,1 hours 16 minutes,2022-03-13,Sacramento,San Diego,480.0
F3817368,535,18:35,23:15,2 hours 40 minutes,2022-03-15,San Diego,Austin,1164.0
F3817403,476,13:33,18:12,2 hours 39 minutes,2022-03-15,San Diego,Austin,1164.0
F3817409,556,09:14,14:17,3 hours 3 minutes,2022-03-15,San Diego,Austin,1164.0
F4003173,564,19:10,23:45,2 hours 35 minutes,2022-03-15,San Diego,Austin,1164.0
F4003174,263,09:46,14:56,3 hours 10 minutes,2022-03-15,San Diego,Austin,1164.0
F4003175,353,14:34,19:11,2 hours 37 minutes,2022-03-15,San Diego,Austin,1164.0
F4003176,577,06:53,11:34,2 hours 41 minutes,2022-03-15,San Diego,Austin,1164.0
F3827152,293,15:02,16:30,2 hours 28 minutes,2022-03-17,Bozeman,San Francisco,807.0
F3746675,153,20:18,21:57,1 hours 39 minutes,2022-03-19,San Francisco,Los Angeles,337.0
F3746676,136,08:26,09:57,1 hours 31 minutes,2022-03-19,San Francisco,Los Angeles,337.0
F3766931,127,20:04,21:32,1 hours 28 minutes,2022-03-19,San Francisco,Los Angeles,337.0
F3799616,92,12:00,13:22,1 hours 22 minutes,2022-03-19,San Francisco,Los Angeles,337.0
F3799625,93,19:08,20:30,1 hours 22 minutes,2022-03-19,San Francisco,Los Angeles,337.0
F3804554,113,07:59,09:29,1 hours 30 minutes,2022-03-19,San Francisco,Los Angeles,337.0
F3819427,83,10:00,11:19,1 hours 19 minutes,2022-03-19,San Francisco,Los Angeles,337.0
F3819458,88,05:58,07:18,1 hours 20 minutes,2022-03-19,San Francisco,Los Angeles,337.0
F3819466,92,17:07,18:30,1 hours 23 minutes,2022-03-19,San Francisco,Los Angeles,337.0
F3819467,79,22:48,00:17,1 hours 29 minutes,2022-03-19,San Francisco,Los Angeles,337.0
F3819498,114,20:10,21:32,1 hours 22 minutes,2022-03-19,San Francisco,Los Angeles,337.0
F3831842,76,19:29,20:59,1 hours 30 minutes,2022-03-19,San Francisco,Los Angeles,337.0
F3831988,162,14:58,16:18,1 hours 20 minutes,2022-03-19,San Francisco,Los Angeles,337.0
F3851183,160,17:24,18:50,1 hours 26 minutes,2022-03-19,San Francisco,Los Angeles,337.0
F3851234,124,05:58,07:12,1 hours 14 minutes,2022-03-19,San Francisco,Los Angeles,337.0
F3851295,165,12:55,14:32,1 hours 37 minutes,2022-03-19,San Francisco,Los Angeles,337.0
F3851358,154,10:47,12:12,1 hours 25 minutes,2022-03-19,San Francisco,Los Angeles,337.0
F3899531,126,22:43,00:06,1 hours 23 minutes,2022-03-19,San Francisco,Los Angeles,337.0
F3899565,124,09:39,10:50,1 hours 11 minutes,2022-03-19,San Francisco,Los Angeles,337.0
F3899575,68,05:45,07:09,1 hours 24 minutes,2022-03-19,San Francisco,Los Angeles,337.0
F3899833,99,13:32,14:51,1 hours 19 minutes,2022-03-19,San Francisco,Los Angeles,337.0
F3899947,131,16:16,17:44,1 hours 28 minutes,2022-03-19,San Francisco,Los Angeles,337.0
F3907440,108,19:04,20:29,1 hours 25 minutes,2022-03-19,San Francisco,Los Angeles,337.0
F3951171,72,05:13,06:25,1 hours 12 minutes,2022-03-19,San Francisco,Los Angeles,337.0
F3951172,149,21:10,22:20,1 hours 10 minutes,2022-03-19,San Francisco,Los Angeles,337.0
F3827859,210,08:52,12:54,3 hours 2 minutes,2022-03-21,Los Angeles,Bozeman,902.0
F3810641,40,10:54,11:50,0 hours 56 minutes,2022-03-20,San Diego,Los Angeles,109.0
F3810665,46,06:33,07:29,0 hours 56 minutes,2022-03-20,San Diego,Los Angeles,109.0
F3845913,21,06:14,07:23,1 hours 9 minutes,2022-03-20,San Diego,Los Angeles,109.0
F3824763,279,12:39,15:58,2 hours 19 minutes,2022-03-22,Los Angeles,Sun Valley,696.0
F3801984,139,15:24,16:36,2 hours 12 minutes,2022-03-22,Harrisburg,Chicago,594.0
F3896119,231,05:58,06:57,1 hours 59 minutes,2022-03-22,Harrisburg,Chicago,594.0
F3922414,259,14:13,15:31,2 hours 18 minutes,2022-03-22,Harrisburg,Chicago,594.0
F3922529,204,17:21,18:31,2 hours 10 minutes,2022-03-22,Harrisburg,Chicago,594.0
F3594071,40,08:27,09:30,1 hours 3 minutes,2022-03-24,Chicago,Moline,139.0
F3594820,40,17:11,17:52,0 hours 41 minutes,2022-03-24,Chicago,Moline,139.0
F3854278,69,19:51,20:45,0 hours 54 minutes,2022-03-24,Chicago,Moline,139.0
F3921205,37,09:09,10:38,1 hours 29 minutes,2022-03-24,Chicago,Moline,139.0
F3672402,139,16:37,17:50,2 hours 13 minutes,2022-03-09,Charlotte,New Orleans,651.0
F3688581,203,11:10,12:17,2 hours 7 minutes,2022-03-09,Charlotte,New Orleans,651.0
F3688694,170,15:14,16:24,2 hours 10 minutes,2022-03-09,Charlotte,New Orleans,651.0
F3694144,160,20:46,21:51,2 hours 5 minutes,2022-03-09,Charlotte,New Orleans,651.0
F3633307,194,10:47,13:45,1 hours 58 minutes,2022-03-13,Baton Rouge,Charlotte,675.0
F3795476,279,06:54,09:59,2 hours 5 minutes,2022-03-13,Baton Rouge,Charlotte,675.0
F3686622,417,13:43,17:53,3 hours 10 minutes,2022-03-20,Bozeman,Dallas,1163.0
F3725567,316,15:21,19:23,3 hours 2 minutes,2022-03-20,Bozeman,Dallas,1163.0
F3710133,78,20:54,22:01,1 hours 7 minutes,2022-03-22,Dallas,Houston,224.0
F3710249,81,18:57,20:01,1 hours 4 minutes,2022-03-22,Dallas,Houston,224.0
F3718937,93,10:20,12:15,1 hours 55 minutes,2022-03-22,Dallas,Houston,224.0
F3719051,82,15:24,16:34,1 hours 10 minutes,2022-03-22,Dallas,Houston,224.0
F3723216,85,08:29,09:38,1 hours 9 minutes,2022-03-22,Dallas,Houston,224.0
F3723710,83,12:45,13:55,1 hours 10 minutes,2022-03-22,Dallas,Houston,224.0
F3844320,76,14:13,15:25,1 hours 12 minutes,2022-03-22,Dallas,Houston,224.0
F3844387,46,12:09,13:23,1 hours 14 minutes,2022-03-22,Dallas,Houston,224.0
F3895699,105,08:05,09:17,1 hours 12 minutes,2022-03-22,Dallas,Houston,224.0
F3895932,68,17:41,19:08,1 hours 27 minutes,2022-03-22,Dallas,Houston,224.0
F3896072,70,15:46,17:02,1 hours 16 minutes,2022-03-22,Dallas,Houston,224.0
F3982132,86,12:14,13:22,1 hours 8 minutes,2022-03-22,Dallas,Houston,239.0
F3982133,60,15:53,17:26,1 hours 33 minutes,2022-03-22,Dallas,Houston,239.0
F3982134,61,18:52,19:59,1 hours 7 minutes,2022-03-22,Dallas,Houston,239.0
F3982135,107,19:19,20:27,1 hours 8 minutes,2022-03-22,Dallas,Houston,239.0
F3982136,79,21:02,22:05,1 hours 3 minutes,2022-03-22,Dallas,Houston,239.0
F3982137,104,22:52,23:47,0 hours 55 minutes,2022-03-22,Dallas,Houston,239.0
F3982139,48,10:24,11:53,1 hours 29 minutes,2022-03-22,Dallas,Houston,239.0
F3982142,86,00:22,01:15,0 hours 53 minutes,2022-03-22,Dallas,Houston,216.0
F3982143,47,11:35,12:49,1 hours 14 minutes,2022-03-22,Dallas,Houston,216.0
F3982144,55,18:03,19:12,1 hours 9 minutes,2022-03-22,Dallas,Houston,216.0
F3982145,107,13:54,15:01,1 hours 7 minutes,2022-03-22,Dallas,Houston,216.0
F4041158,54,11:34,12:41,1 hours 7 minutes,2022-03-22,Dallas,Houston,224.0
F4046252,53,19:12,20:32,1 hours 20 minutes,2022-03-22,Dallas,Houston,247.0
F4047187,68,14:33,15:47,1 hours 14 minutes,2022-03-22,Dallas,Houston,247.0
F4047559,92,08:30,09:46,1 hours 16 minutes,2022-03-22,Dallas,Houston,247.0
F4040369,564,10:15,12:58,3 hours 43 minutes,2022-03-24,Houston,Bozeman,1385.0
F3812784,147,18:24,19:35,2 hours 11 minutes,2022-03-10,Jackson,San Francisco,737.0
F3819126,326,15:47,16:56,2 hours 9 minutes,2022-03-10,Jackson,San Francisco,737.0
F3742537,147,19:28,20:49,1 hours 21 minutes,2022-03-12,San Francisco,Los Angeles,337.0
F3742538,70,07:39,09:30,1 hours 51 minutes,2022-03-12,San Francisco,Los Angeles,337.0
F3742539,140,21:51,23:19,1 hours 28 minutes,2022-03-12,San Francisco,Los Angeles,337.0
F3770659,80,22:31,23:49,1 hours 18 minutes,2022-03-12,San Francisco,Los Angeles,337.0
F3801661,132,07:58,09:28,1 hours 30 minutes,2022-03-12,San Francisco,Los Angeles,337.0
F3813533,167,11:43,13:08,1 hours 25 minutes,2022-03-12,San Francisco,Los Angeles,337.0
F3813542,88,19:05,20:24,1 hours 19 minutes,2022-03-12,San Francisco,Los Angeles,337.0
F3818574,114,09:35,11:30,1 hours 55 minutes,2022-03-12,San Francisco,Los Angeles,337.0
F3818616,102,06:02,07:34,1 hours 32 minutes,2022-03-12,San Francisco,Los Angeles,337.0
F3818666,103,14:19,15:58,1 hours 39 minutes,2022-03-12,San Francisco,Los Angeles,337.0
F3846066,96,17:17,18:32,1 hours 15 minutes,2022-03-12,San Francisco,Los Angeles,337.0
F3846160,86,05:59,07:12,1 hours 13 minutes,2022-03-12,San Francisco,Los Angeles,337.0
F3846172,161,12:51,14:19,1 hours 28 minutes,2022-03-12,San Francisco,Los Angeles,337.0
F3846233,89,10:45,12:01,1 hours 16 minutes,2022-03-12,San Francisco,Los Angeles,337.0
F3851370,158,19:29,20:43,1 hours 14 minutes,2022-03-12,San Francisco,Los Angeles,337.0
F3851518,163,14:59,16:15,1 hours 16 minutes,2022-03-12,San Francisco,Los Angeles,337.0
F3877047,90,22:36,23:55,1 hours 19 minutes,2022-03-12,San Francisco,Los Angeles,337.0
F3877082,84,08:30,09:45,1 hours 15 minutes,2022-03-12,San Francisco,Los Angeles,337.0
F3877092,133,05:49,07:12,1 hours 23 minutes,2022-03-12,San Francisco,Los Angeles,337.0
F3877352,93,13:26,14:44,1 hours 18 minutes,2022-03-12,San Francisco,Los Angeles,337.0
F3877466,120,16:12,17:40,1 hours 28 minutes,2022-03-12,San Francisco,Los Angeles,337.0
F3878170,93,18:58,20:18,1 hours 20 minutes,2022-03-12,San Francisco,Los Angeles,337.0
F3972731,100,05:12,06:24,1 hours 12 minutes,2022-03-12,San Francisco,Los Angeles,337.0
F3972732,120,23:08,00:16,1 hours 8 minutes,2022-03-12,San Francisco,Los Angeles,337.0
F3972733,81,10:08,11:17,1 hours 9 minutes,2022-03-12,San Francisco,Los Angeles,337.0
F3803136,221,10:32,13:48,2 hours 16 minutes,2022-03-14,Los Angeles,Jackson,784.0
F3821915,181,09:05,12:35,2 hours 30 minutes,2022-03-14,Los Angeles,Jackson,784.0
F3625559,197,12:18,14:42,2 hours 24 minutes,2022-03-01,Pittsburgh,Fort Myers,966.0
F3937308,370,12:49,15:10,2 hours 21 minutes,2022-03-01,Pittsburgh,Fort Myers,966.0
F3558807,36,15:06,16:15,1 hours 9 minutes,2022-03-03,Fort Myers,Orlando,133.0
F3966836,40,17:23,18:04,0 hours 41 minutes,2022-03-03,Fort Myers,Orlando,133.0
F3611291,259,16:10,18:22,2 hours 12 minutes,2022-03-05,Orlando,Pittsburgh,834.0
F3627547,267,22:07,00:15,2 hours 8 minutes,2022-03-05,Orlando,Pittsburgh,834.0
F3972145,183,10:08,12:31,2 hours 23 minutes,2022-03-05,Orlando,Pittsburgh,834.0
F3972146,187,06:40,08:55,2 hours 15 minutes,2022-03-05,Orlando,Pittsburgh,834.0
F3972147,366,13:26,15:38,2 hours 12 minutes,2022-03-05,Orlando,Pittsburgh,834.0
F3972148,235,19:01,21:10,2 hours 9 minutes,2022-03-05,Orlando,Pittsburgh,834.0
F3558331,244,05:55,08:56,3 hours 1 minutes,2022-03-02,Fort Lauderdale,Buffalo,1166.0
F3770155,482,21:09,00:11,3 hours 2 minutes,2022-03-02,Fort Lauderdale,Buffalo,1166.0
F3939101,410,10:19,13:14,2 hours 55 minutes,2022-03-02,Fort Lauderdale,Buffalo,1166.0
F3756500,385,18:22,21:18,2 hours 56 minutes,2022-03-06,White Plains,Fort Lauderdale,1097.0
F3766137,266,15:21,18:14,2 hours 53 minutes,2022-03-06,White Plains,Fort Lauderdale,1097.0
F3771867,531,07:24,10:25,3 hours 1 minutes,2022-03-06,White Plains,Fort Lauderdale,1097.0
F3658959,209,14:46,16:37,1 hours 51 minutes,2022-03-27,Charlotte,Miami,650.0
F3659847,210,09:21,11:25,2 hours 4 minutes,2022-03-27,Charlotte,Miami,650.0
F3674938,288,18:46,20:34,1 hours 48 minutes,2022-03-27,Charlotte,Miami,650.0
F3685192,157,16:38,19:17,2 hours 39 minutes,2022-03-27,Charlotte,Miami,650.0
F3685469,193,07:06,08:51,1 hours 45 minutes,2022-03-27,Charlotte,Miami,650.0
F3709462,198,22:26,00:23,1 hours 57 minutes,2022-03-27,Charlotte,Miami,650.0
F3725483,173,20:35,22:40,2 hours 5 minutes,2022-03-27,Charlotte,Miami,650.0
F3725908,317,10:56,12:51,1 hours 55 minutes,2022-03-27,Charlotte,Miami,650.0
F3634798,85,06:25,08:07,1 hours 42 minutes,2022-03-31,Daytona Beach,Charlotte,416.0
F3783812,116,12:05,13:56,1 hours 51 minutes,2022-03-31,Daytona Beach,Charlotte,416.0
F3791741,170,17:23,19:03,1 hours 40 minutes,2022-03-31,Daytona Beach,Charlotte,416.0
F3793561,86,13:39,15:13,1 hours 34 minutes,2022-03-31,Daytona Beach,Charlotte,416.0
F3666437,598,09:30,14:21,2 hours 51 minutes,2022-03-27,Santa Ana,Dallas,1205.0
F3672706,548,07:39,12:46,3 hours 7 minutes,2022-03-27,Santa Ana,Dallas,1205.0
F3673517,365,16:51,21:43,2 hours 52 minutes,2022-03-27,Santa Ana,Dallas,1205.0
F3674085,373,11:54,16:44,2 hours 50 minutes,2022-03-27,Santa Ana,Dallas,1205.0
F3675601,382,18:49,23:29,2 hours 40 minutes,2022-03-27,Santa Ana,Dallas,1205.0
F3679000,242,12:47,17:41,2 hours 54 minutes,2022-03-27,Santa Ana,Dallas,1205.0
F3686062,384,14:35,19:18,2 hours 43 minutes,2022-03-27,Santa Ana,Dallas,1205.0
F3708086,470,10:51,15:39,2 hours 48 minutes,2022-03-27,Santa Ana,Dallas,1205.0
F3716037,377,08:47,14:05,3 hours 18 minutes,2022-03-27,Santa Ana,Dallas,1205.0
F4037028,409,14:58,19:40,2 hours 42 minutes,2022-03-27,Santa Ana,Dallas,1216.0
F3710140,98,20:53,21:54,1 hours 1 minutes,2022-03-29,Dallas,Houston,224.0
F3710256,91,18:50,19:57,1 hours 7 minutes,2022-03-29,Dallas,Houston,224.0
F3718944,64,10:21,11:22,1 hours 1 minutes,2022-03-29,Dallas,Houston,224.0
F3719058,77,15:30,16:47,1 hours 17 minutes,2022-03-29,Dallas,Houston,224.0
F3723222,89,08:28,09:30,1 hours 2 minutes,2022-03-29,Dallas,Houston,224.0
F3723717,89,12:21,13:31,1 hours 10 minutes,2022-03-29,Dallas,Houston,224.0
F3853481,72,19:12,20:39,1 hours 27 minutes,2022-03-29,Dallas,Houston,224.0
F3869988,54,12:08,13:15,1 hours 7 minutes,2022-03-29,Dallas,Houston,224.0
F3870061,82,05:11,06:12,1 hours 1 minutes,2022-03-29,Dallas,Houston,224.0
F3870587,75,06:58,08:06,1 hours 8 minutes,2022-03-29,Dallas,Houston,224.0
F3870616,97,18:28,19:40,1 hours 12 minutes,2022-03-29,Dallas,Houston,224.0
F3870690,87,15:49,16:51,1 hours 2 minutes,2022-03-29,Dallas,Houston,224.0
F3870728,79,09:53,11:11,1 hours 18 minutes,2022-03-29,Dallas,Houston,224.0
F3960593,86,08:04,09:20,1 hours 16 minutes,2022-03-29,Dallas,Houston,239.0
F3960594,50,11:26,12:30,1 hours 4 minutes,2022-03-29,Dallas,Houston,239.0
F3960595,68,15:45,16:48,1 hours 3 minutes,2022-03-29,Dallas,Houston,239.0
F3960596,65,17:54,19:04,1 hours 10 minutes,2022-03-29,Dallas,Houston,239.0
F3960597,77,19:00,20:14,1 hours 14 minutes,2022-03-29,Dallas,Houston,239.0
F3960598,50,20:28,21:27,0 hours 59 minutes,2022-03-29,Dallas,Houston,239.0
F3960599,76,21:38,22:37,0 hours 59 minutes,2022-03-29,Dallas,Houston,239.0
F3960600,88,06:27,07:32,1 hours 5 minutes,2022-03-29,Dallas,Houston,239.0
F3960601,81,09:31,10:41,1 hours 10 minutes,2022-03-29,Dallas,Houston,239.0
F3960603,96,08:09,09:02,0 hours 53 minutes,2022-03-29,Dallas,Houston,216.0
F3960604,103,22:08,23:02,0 hours 54 minutes,2022-03-29,Dallas,Houston,216.0
F3960605,82,11:29,12:22,0 hours 53 minutes,2022-03-29,Dallas,Houston,216.0
F3960606,66,17:42,18:52,1 hours 10 minutes,2022-03-29,Dallas,Houston,216.0
F3960607,62,13:41,14:44,1 hours 3 minutes,2022-03-29,Dallas,Houston,216.0
F4046259,80,19:01,20:26,1 hours 25 minutes,2022-03-29,Dallas,Houston,247.0
F4047194,75,14:27,15:39,1 hours 12 minutes,2022-03-29,Dallas,Houston,247.0
F4047566,118,08:29,09:39,1 hours 10 minutes,2022-03-29,Dallas,Houston,247.0
F3866275,488,20:17,22:00,3 hours 43 minutes,2022-03-31,Houston,Santa Ana,1346.0
F3866588,339,13:49,15:25,3 hours 36 minutes,2022-03-31,Houston,Santa Ana,1346.0
F3867039,593,14:23,16:12,3 hours 49 minutes,2022-03-31,Houston,Santa Ana,1346.0
F3867608,339,10:16,12:09,3 hours 53 minutes,2022-03-31,Houston,Santa Ana,1346.0
F3990791,332,15:56,17:30,3 hours 34 minutes,2022-03-31,Houston,Santa Ana,1357.0
F3493759,261,07:26,10:14,2 hours 48 minutes,2022-03-18,Minneapolis,Austin,1042.0
F3503985,396,15:37,18:15,2 hours 38 minutes,2022-03-18,Minneapolis,Austin,1042.0
F3547471,414,21:37,00:28,2 hours 51 minutes,2022-03-18,Minneapolis,Austin,1042.0
F4028113,358,08:37,11:22,2 hours 45 minutes,2022-03-18,Minneapolis,Austin,1042.0
F3601658,92,11:00,12:23,1 hours 23 minutes,2022-03-21,Austin,Dallas,190.0
F3608174,86,12:50,14:12,1 hours 22 minutes,2022-03-21,Austin,Dallas,190.0
F3666807,62,07:21,08:24,1 hours 3 minutes,2022-03-21,Austin,Dallas,190.0
F3680955,86,05:55,06:57,1 hours 2 minutes,2022-03-21,Austin,Dallas,190.0
F3709828,73,07:55,09:01,1 hours 6 minutes,2022-03-21,Austin,Dallas,190.0
F3709914,77,02:14,03:10,0 hours 56 minutes,2022-03-21,Austin,Dallas,190.0
F3710366,55,09:57,11:09,1 hours 12 minutes,2022-03-21,Austin,Dallas,190.0
F3726503,44,04:57,05:51,0 hours 54 minutes,2022-03-21,Austin,Dallas,190.0
F3955239,54,06:08,07:02,0 hours 54 minutes,2022-03-21,Austin,Dallas,189.0
F3955243,82,22:34,23:40,1 hours 6 minutes,2022-03-21,Austin,Dallas,189.0
F3955245,46,11:02,12:41,1 hours 39 minutes,2022-03-21,Austin,Dallas,189.0
F3955246,78,08:27,09:16,0 hours 49 minutes,2022-03-21,Austin,Dallas,189.0
F3507952,357,19:29,21:50,2 hours 21 minutes,2022-03-22,Dallas,Minneapolis,852.0
F3512269,372,11:50,13:43,1 hours 53 minutes,2022-03-22,Dallas,Minneapolis,852.0
F3515743,227,07:06,09:02,1 hours 56 minutes,2022-03-22,Dallas,Minneapolis,852.0
F3537593,247,16:25,18:50,2 hours 25 minutes,2022-03-22,Dallas,Minneapolis,852.0
F3677500,260,19:29,21:31,2 hours 2 minutes,2022-03-22,Dallas,Minneapolis,852.0
F3707746,238,15:28,17:32,2 hours 4 minutes,2022-03-22,Dallas,Minneapolis,852.0
F3719455,196,09:29,11:32,2 hours 3 minutes,2022-03-22,Dallas,Minneapolis,852.0
F3982194,276,19:59,21:56,1 hours 57 minutes,2022-03-22,Dallas,Minneapolis,853.0
F3789905,132,13:43,15:30,1 hours 47 minutes,2022-03-23,Philadelphia,Dayton,477.0
F4044224,65,09:57,10:44,0 hours 47 minutes,2022-03-08,Yuma,Phoenix,160.0
F4047010,64,17:31,18:25,0 hours 54 minutes,2022-03-08,Yuma,Phoenix,160.0
F4047264,64,06:25,07:21,0 hours 56 minutes,2022-03-08,Yuma,Phoenix,160.0
F3693814,26,10:59,11:45,0 hours 46 minutes,2022-03-10,Phoenix,Tucson,110.0
F3695717,51,15:57,16:38,0 hours 41 minutes,2022-03-10,Phoenix,Tucson,110.0
F3802915,33,19:36,20:24,0 hours 48 minutes,2022-03-10,Phoenix,Tucson,110.0
F3802950,41,22:14,23:01,0 hours 47 minutes,2022-03-10,Phoenix,Tucson,110.0
F3804052,47,17:52,18:34,0 hours 42 minutes,2022-03-10,Phoenix,Tucson,110.0
F4045730,43,09:01,09:43,0 hours 42 minutes,2022-03-10,Phoenix,Tucson,110.0
F3973127,178,11:11,11:15,1 hours 4 minutes,2022-03-12,Tucson,San Diego,368.0
F3557939,286,21:36,00:26,2 hours 50 minutes,2022-03-01,Providence,Orlando,1072.0
F3772794,406,06:48,09:45,2 hours 57 minutes,2022-03-01,Providence,Orlando,1072.0
F3937330,319,06:23,09:25,3 hours 2 minutes,2022-03-01,Providence,Orlando,1072.0
F3937331,301,17:56,20:42,2 hours 46 minutes,2022-03-01,Providence,Orlando,1072.0
F3558795,66,14:36,15:47,1 hours 11 minutes,2022-03-03,Orlando,Fort Lauderdale,177.0
F3618034,37,06:36,07:32,0 hours 56 minutes,2022-03-03,Orlando,Fort Lauderdale,177.0
F3626868,52,20:17,21:17,1 hours 0 minutes,2022-03-03,Orlando,Fort Lauderdale,177.0
F3965966,73,22:04,22:58,0 hours 54 minutes,2022-03-03,Orlando,Fort Lauderdale,177.0
F3965967,50,09:15,10:14,0 hours 59 minutes,2022-03-03,Orlando,Fort Lauderdale,177.0
F3612237,68,22:43,23:46,1 hours 3 minutes,2022-03-05,Fort Lauderdale,Tampa,197.0
F3971520,89,18:43,19:35,0 hours 52 minutes,2022-03-05,Fort Lauderdale,Tampa,197.0
F3768996,501,11:39,14:20,2 hours 41 minutes,2022-03-07,Tampa,Providence,1136.0
F3999891,442,11:23,14:04,2 hours 41 minutes,2022-03-07,Tampa,Providence,1136.0
F3517366,72,13:22,14:23,1 hours 1 minutes,2022-03-11,Boise,Salt Lake City,290.0
F3517731,67,05:56,06:54,0 hours 58 minutes,2022-03-11,Boise,Salt Lake City,290.0
F3846761,115,11:33,12:35,1 hours 2 minutes,2022-03-11,Boise,Salt Lake City,290.0
F3846774,114,15:35,16:39,1 hours 4 minutes,2022-03-11,Boise,Salt Lake City,290.0
F3846895,97,19:39,21:01,1 hours 22 minutes,2022-03-11,Boise,Salt Lake City,290.0
F3672465,98,09:05,10:23,1 hours 18 minutes,2022-03-03,San Antonio,Dallas,247.0
F3676380,104,10:25,11:26,1 hours 1 minutes,2022-03-03,San Antonio,Dallas,247.0
F3676438,91,18:27,19:44,1 hours 17 minutes,2022-03-03,San Antonio,Dallas,247.0
F3677132,72,07:53,09:09,1 hours 16 minutes,2022-03-03,San Antonio,Dallas,247.0
F3694806,97,12:20,13:28,1 hours 8 minutes,2022-03-03,San Antonio,Dallas,247.0
F3694934,89,16:39,17:58,1 hours 19 minutes,2022-03-03,San Antonio,Dallas,247.0
F3694987,96,23:13,00:07,0 hours 54 minutes,2022-03-03,San Antonio,Dallas,247.0
F3705055,80,07:03,08:09,1 hours 6 minutes,2022-03-03,San Antonio,Dallas,247.0
F3721217,85,05:50,06:50,1 hours 0 minutes,2022-03-03,San Antonio,Dallas,247.0
F3727693,118,14:27,15:34,1 hours 7 minutes,2022-03-03,San Antonio,Dallas,247.0
F3966928,64,08:08,09:11,1 hours 3 minutes,2022-03-03,San Antonio,Dallas,247.0
F3966929,98,19:00,19:59,0 hours 59 minutes,2022-03-03,San Antonio,Dallas,247.0
F3966930,49,09:56,11:03,1 hours 7 minutes,2022-03-03,San Antonio,Dallas,247.0
F3966931,82,16:03,17:12,1 hours 9 minutes,2022-03-03,San Antonio,Dallas,247.0
F3966932,69,13:12,14:18,1 hours 6 minutes,2022-03-03,San Antonio,Dallas,247.0
F3966933,53,16:15,17:32,1 hours 17 minutes,2022-03-03,San Antonio,Dallas,247.0
F3966934,119,20:20,21:27,1 hours 7 minutes,2022-03-03,San Antonio,Dallas,247.0
F3966935,51,06:52,08:05,1 hours 13 minutes,2022-03-03,San Antonio,Dallas,247.0
F3667550,81,07:02,08:10,1 hours 8 minutes,2022-03-05,Dallas,Houston,224.0
F3677084,83,22:22,23:17,0 hours 55 minutes,2022-03-05,Dallas,Houston,224.0
F3710116,89,20:52,21:57,1 hours 5 minutes,2022-03-05,Dallas,Houston,224.0
F3710232,48,19:08,20:09,1 hours 1 minutes,2022-03-05,Dallas,Houston,224.0
F3718920,76,10:17,11:21,1 hours 4 minutes,2022-03-05,Dallas,Houston,224.0
F3719034,92,14:58,15:57,0 hours 59 minutes,2022-03-05,Dallas,Houston,224.0
F3723604,64,17:22,19:05,1 hours 43 minutes,2022-03-05,Dallas,Houston,224.0
F3723693,72,12:20,13:32,1 hours 12 minutes,2022-03-05,Dallas,Houston,224.0
F3842466,81,12:01,13:14,1 hours 13 minutes,2022-03-05,Dallas,Houston,224.0
F3903055,110,06:55,08:01,1 hours 6 minutes,2022-03-05,Dallas,Houston,224.0
F3903256,63,17:21,19:12,1 hours 51 minutes,2022-03-05,Dallas,Houston,224.0
F3903380,74,14:19,15:26,1 hours 7 minutes,2022-03-05,Dallas,Houston,224.0
F3971171,103,08:28,09:31,1 hours 3 minutes,2022-03-05,Dallas,Houston,239.0
F3971172,80,10:55,11:54,0 hours 59 minutes,2022-03-05,Dallas,Houston,239.0
F3971173,55,13:57,14:55,0 hours 58 minutes,2022-03-05,Dallas,Houston,239.0
F3971174,65,16:27,17:30,1 hours 3 minutes,2022-03-05,Dallas,Houston,239.0
F3971175,112,20:53,21:46,0 hours 53 minutes,2022-03-05,Dallas,Houston,239.0
F3971176,105,06:38,07:35,0 hours 57 minutes,2022-03-05,Dallas,Houston,239.0
F3971177,48,14:55,15:55,1 hours 0 minutes,2022-03-05,Dallas,Houston,216.0
F3971178,73,20:08,20:59,0 hours 51 minutes,2022-03-05,Dallas,Houston,216.0
F4038844,100,15:10,16:16,1 hours 6 minutes,2022-03-05,Dallas,Houston,224.0
F4039056,83,09:39,10:45,1 hours 6 minutes,2022-03-05,Dallas,Houston,224.0
F4046235,73,19:07,20:25,1 hours 18 minutes,2022-03-05,Dallas,Houston,247.0
F4047170,111,14:31,15:33,1 hours 2 minutes,2022-03-05,Dallas,Houston,247.0
F4047542,107,08:34,09:41,1 hours 7 minutes,2022-03-05,Dallas,Houston,247.0
F4048131,72,22:26,23:30,1 hours 4 minutes,2022-03-05,Dallas,Houston,247.0
F3930567,126,10:50,12:28,1 hours 38 minutes,2022-03-07,Houston,Little Rock,374.0
F3930822,155,20:06,21:31,1 hours 25 minutes,2022-03-07,Houston,Little Rock,374.0
F3930899,153,15:11,16:43,1 hours 32 minutes,2022-03-07,Houston,Little Rock,374.0
F3559228,913,23:39,05:43,4 hours 4 minutes,2022-03-04,Phoenix,Orlando,1849.0
F3676635,509,16:43,22:32,3 hours 49 minutes,2022-03-04,Phoenix,Orlando,1849.0
F3710625,471,09:44,15:42,3 hours 58 minutes,2022-03-04,Phoenix,Orlando,1849.0
F3969869,483,16:07,21:46,3 hours 39 minutes,2022-03-04,Phoenix,Orlando,1849.0
F3664232,61,17:03,18:01,0 hours 58 minutes,2022-03-08,Tampa,Miami,204.0
F3669391,55,09:57,10:54,0 hours 57 minutes,2022-03-08,Tampa,Miami,204.0
F3670126,86,12:15,13:06,0 hours 51 minutes,2022-03-08,Tampa,Miami,204.0
F3671581,56,06:24,07:25,1 hours 1 minutes,2022-03-08,Tampa,Miami,204.0
F3671669,46,08:03,08:59,0 hours 56 minutes,2022-03-08,Tampa,Miami,204.0
F3681943,41,10:44,11:36,0 hours 52 minutes,2022-03-08,Tampa,Miami,204.0
F3705705,61,20:26,21:26,1 hours 0 minutes,2022-03-08,Tampa,Miami,204.0
F3718611,66,13:47,14:42,0 hours 55 minutes,2022-03-08,Tampa,Miami,204.0
F3661941,693,20:25,23:50,5 hours 25 minutes,2022-03-10,Miami,Phoenix,1972.0
F3695504,600,06:58,10:16,5 hours 18 minutes,2022-03-10,Miami,Phoenix,1972.0
F3718267,784,10:10,13:19,5 hours 9 minutes,2022-03-10,Miami,Phoenix,1972.0
F3738549,145,18:09,19:41,1 hours 32 minutes,2022-03-05,San Diego,San Francisco,447.0
F3817755,155,07:21,08:59,1 hours 38 minutes,2022-03-05,San Diego,San Francisco,447.0
F3817768,153,21:07,22:37,1 hours 30 minutes,2022-03-05,San Diego,San Francisco,447.0
F3817905,132,16:41,18:14,1 hours 33 minutes,2022-03-05,San Diego,San Francisco,447.0
F3902158,112,15:21,16:47,1 hours 26 minutes,2022-03-05,San Diego,San Francisco,447.0
F3902159,120,07:48,09:29,1 hours 41 minutes,2022-03-05,San Diego,San Francisco,447.0
F3902346,125,19:29,20:59,1 hours 30 minutes,2022-03-05,San Diego,San Francisco,447.0
F3902355,103,06:19,07:54,1 hours 35 minutes,2022-03-05,San Diego,San Francisco,447.0
F3902801,210,10:21,11:53,1 hours 32 minutes,2022-03-05,San Diego,San Francisco,447.0
F3993177,108,10:12,11:36,1 hours 24 minutes,2022-03-05,San Diego,San Francisco,447.0
F3993178,134,18:18,19:45,1 hours 27 minutes,2022-03-05,San Diego,San Francisco,447.0
F3993179,192,14:25,15:50,1 hours 25 minutes,2022-03-05,San Diego,San Francisco,447.0
F3739629,130,19:00,20:23,1 hours 23 minutes,2022-03-07,San Francisco,Los Angeles,337.0
F3739630,141,07:44,09:23,1 hours 39 minutes,2022-03-07,San Francisco,Los Angeles,337.0
F3739631,75,16:33,18:01,1 hours 28 minutes,2022-03-07,San Francisco,Los Angeles,337.0
F3767876,160,12:50,14:13,1 hours 23 minutes,2022-03-07,San Francisco,Los Angeles,337.0
F3773078,67,19:46,21:02,1 hours 16 minutes,2022-03-07,San Francisco,Los Angeles,337.0
F3799182,97,08:04,09:17,1 hours 13 minutes,2022-03-07,San Francisco,Los Angeles,337.0
F3802329,167,11:43,13:15,1 hours 32 minutes,2022-03-07,San Francisco,Los Angeles,337.0
F3802340,164,19:27,20:51,1 hours 24 minutes,2022-03-07,San Francisco,Los Angeles,337.0
F3817589,101,05:55,07:17,1 hours 22 minutes,2022-03-07,San Francisco,Los Angeles,337.0
F3817592,133,11:42,13:22,1 hours 40 minutes,2022-03-07,San Francisco,Los Angeles,337.0
F3817615,122,09:33,10:55,1 hours 22 minutes,2022-03-07,San Francisco,Los Angeles,337.0
F3817658,98,14:18,15:35,1 hours 17 minutes,2022-03-07,San Francisco,Los Angeles,337.0
F3847174,75,17:11,18:24,1 hours 13 minutes,2022-03-07,San Francisco,Los Angeles,337.0
F3847239,150,06:05,07:20,1 hours 15 minutes,2022-03-07,San Francisco,Los Angeles,337.0
F3847291,86,08:13,09:38,1 hours 25 minutes,2022-03-07,San Francisco,Los Angeles,337.0
F3848412,99,12:53,14:06,1 hours 13 minutes,2022-03-07,San Francisco,Los Angeles,337.0
F3848480,82,10:49,12:09,1 hours 20 minutes,2022-03-07,San Francisco,Los Angeles,337.0
F3848601,109,19:47,21:07,1 hours 20 minutes,2022-03-07,San Francisco,Los Angeles,337.0
F3849111,151,14:57,16:07,1 hours 10 minutes,2022-03-07,San Francisco,Los Angeles,337.0
F3892052,167,23:04,00:37,1 hours 33 minutes,2022-03-07,San Francisco,Los Angeles,337.0
F3892089,162,08:34,09:59,1 hours 25 minutes,2022-03-07,San Francisco,Los Angeles,337.0
F3892101,125,05:47,07:08,1 hours 21 minutes,2022-03-07,San Francisco,Los Angeles,337.0
F3892397,134,13:23,14:42,1 hours 19 minutes,2022-03-07,San Francisco,Los Angeles,337.0
F3892528,141,16:15,17:54,1 hours 39 minutes,2022-03-07,San Francisco,Los Angeles,337.0
F3893340,152,19:08,20:32,1 hours 24 minutes,2022-03-07,San Francisco,Los Angeles,337.0
F3900202,166,11:09,12:27,1 hours 18 minutes,2022-03-07,San Francisco,Los Angeles,337.0
F3999505,99,16:23,17:56,1 hours 33 minutes,2022-03-07,San Francisco,Los Angeles,337.0
F3999506,160,11:20,12:26,1 hours 6 minutes,2022-03-07,San Francisco,Los Angeles,337.0
F3999507,125,20:52,21:58,1 hours 6 minutes,2022-03-07,San Francisco,Los Angeles,337.0
F3802744,269,08:57,11:43,1 hours 46 minutes,2022-03-09,Los Angeles,El Paso,715.0
F3804412,150,14:27,17:20,1 hours 53 minutes,2022-03-09,Los Angeles,El Paso,715.0
F4019623,165,07:58,10:47,1 hours 49 minutes,2022-03-09,Los Angeles,El Paso,715.0
F3996250,166,14:16,16:19,1 hours 3 minutes,2022-03-06,San Diego,Tucson,368.0
F3804062,43,12:46,13:48,1 hours 2 minutes,2022-03-10,Yuma,Phoenix,160.0
F4044226,79,10:09,10:54,0 hours 45 minutes,2022-03-10,Yuma,Phoenix,160.0
F4047012,68,17:28,18:17,0 hours 49 minutes,2022-03-10,Yuma,Phoenix,160.0
F4047266,52,06:23,07:19,0 hours 56 minutes,2022-03-10,Yuma,Phoenix,160.0
F3562561,144,11:00,11:51,1 hours 51 minutes,2022-03-12,Phoenix,San Diego,304.0
F3662524,63,17:59,17:55,0 hours 56 minutes,2022-03-12,Phoenix,San Diego,304.0
F3680293,130,21:29,21:39,1 hours 10 minutes,2022-03-12,Phoenix,San Diego,304.0
F3694383,119,08:31,08:44,1 hours 13 minutes,2022-03-12,Phoenix,San Diego,304.0
F3694476,96,14:38,14:45,1 hours 7 minutes,2022-03-12,Phoenix,San Diego,304.0
F3696841,89,11:18,11:32,1 hours 14 minutes,2022-03-12,Phoenix,San Diego,304.0
F3946391,139,18:42,18:43,1 hours 1 minutes,2022-03-12,Phoenix,San Diego,304.0
F3949662,109,17:16,17:15,0 hours 59 minutes,2022-03-12,Phoenix,San Diego,304.0
F3949663,135,13:18,13:21,1 hours 3 minutes,2022-03-12,Phoenix,San Diego,304.0
F3949665,144,23:36,23:32,0 hours 56 minutes,2022-03-12,Phoenix,San Diego,304.0
F3949666,78,07:09,07:27,1 hours 18 minutes,2022-03-12,Phoenix,San Diego,304.0
F3949667,88,19:52,19:52,1 hours 0 minutes,2022-03-12,Phoenix,San Diego,304.0
F3949668,69,10:51,10:53,1 hours 2 minutes,2022-03-12,Phoenix,San Diego,304.0
F3589813,129,07:54,09:04,1 hours 10 minutes,2022-03-05,Amarillo,Dallas,312.0
F3609462,78,04:57,06:09,1 hours 12 minutes,2022-03-05,Amarillo,Dallas,312.0
F3970646,85,14:39,15:40,1 hours 1 minutes,2022-03-05,Amarillo,Dallas,323.0
F3970647,66,06:20,07:23,1 hours 3 minutes,2022-03-05,Amarillo,Dallas,323.0
F4046355,147,12:16,13:21,1 hours 5 minutes,2022-03-05,Amarillo,Dallas,312.0
F3667552,108,07:03,08:18,1 hours 15 minutes,2022-03-07,Dallas,Houston,224.0
F3710118,94,21:37,22:39,1 hours 2 minutes,2022-03-07,Dallas,Houston,224.0
F3710234,69,18:58,20:19,1 hours 21 minutes,2022-03-07,Dallas,Houston,224.0
F3718922,92,10:17,11:24,1 hours 7 minutes,2022-03-07,Dallas,Houston,224.0
F3719036,64,15:25,16:28,1 hours 3 minutes,2022-03-07,Dallas,Houston,224.0
F3723203,93,08:34,09:40,1 hours 6 minutes,2022-03-07,Dallas,Houston,224.0
F3723695,89,12:21,13:31,1 hours 10 minutes,2022-03-07,Dallas,Houston,224.0
F3836855,57,12:10,13:17,1 hours 7 minutes,2022-03-07,Dallas,Houston,224.0
F3836889,93,14:22,15:33,1 hours 11 minutes,2022-03-07,Dallas,Houston,224.0
F3893147,93,06:55,08:09,1 hours 14 minutes,2022-03-07,Dallas,Houston,224.0
F3893383,69,17:26,19:09,1 hours 43 minutes,2022-03-07,Dallas,Houston,224.0
F3900316,78,15:46,16:59,1 hours 13 minutes,2022-03-07,Dallas,Houston,224.0
F3978383,93,08:57,10:00,1 hours 3 minutes,2022-03-07,Dallas,Houston,216.0
F3997435,86,07:57,09:01,1 hours 4 minutes,2022-03-07,Dallas,Houston,239.0
F3997436,76,09:32,10:40,1 hours 8 minutes,2022-03-07,Dallas,Houston,239.0
F3997437,65,11:28,12:31,1 hours 3 minutes,2022-03-07,Dallas,Houston,239.0
F3997438,65,13:47,14:56,1 hours 9 minutes,2022-03-07,Dallas,Houston,239.0
F3997439,78,16:08,17:05,0 hours 57 minutes,2022-03-07,Dallas,Houston,239.0
F3997440,106,18:03,19:03,1 hours 0 minutes,2022-03-07,Dallas,Houston,239.0
F3997441,49,19:50,21:04,1 hours 14 minutes,2022-03-07,Dallas,Houston,239.0
F3997442,83,20:17,21:13,0 hours 56 minutes,2022-03-07,Dallas,Houston,239.0
F3997443,102,22:31,23:27,0 hours 56 minutes,2022-03-07,Dallas,Houston,239.0
F3997444,65,06:26,07:24,0 hours 58 minutes,2022-03-07,Dallas,Houston,239.0
F3997445,80,21:59,23:05,1 hours 6 minutes,2022-03-07,Dallas,Houston,216.0
F3997446,47,18:39,19:40,1 hours 1 minutes,2022-03-07,Dallas,Houston,216.0
F3997447,48,06:54,08:09,1 hours 15 minutes,2022-03-07,Dallas,Houston,216.0
F3997448,99,11:03,12:04,1 hours 1 minutes,2022-03-07,Dallas,Houston,216.0
F3997449,69,14:48,15:50,1 hours 2 minutes,2022-03-07,Dallas,Houston,216.0
F4043226,89,09:39,10:49,1 hours 10 minutes,2022-03-07,Dallas,Houston,224.0
F4045557,68,10:43,12:00,1 hours 17 minutes,2022-03-07,Dallas,Houston,247.0
F4046237,55,19:09,20:33,1 hours 24 minutes,2022-03-07,Dallas,Houston,247.0
F4047172,92,14:30,15:39,1 hours 9 minutes,2022-03-07,Dallas,Houston,247.0
F4047544,89,08:31,09:49,1 hours 18 minutes,2022-03-07,Dallas,Houston,247.0
F3888709,565,20:32,22:12,3 hours 40 minutes,2022-03-09,Houston,Santa Ana,1346.0
F3889135,497,10:11,11:47,3 hours 36 minutes,2022-03-09,Houston,Santa Ana,1346.0
F3889464,480,15:17,16:56,3 hours 39 minutes,2022-03-09,Houston,Santa Ana,1346.0
F4019350,493,10:27,12:05,3 hours 38 minutes,2022-03-09,Houston,Santa Ana,1357.0
F3617343,602,07:52,10:14,3 hours 22 minutes,2022-03-18,Baltimore,Houston,1235.0
F3909085,570,14:46,17:12,3 hours 26 minutes,2022-03-18,Baltimore,Houston,1235.0
F3909232,262,05:44,08:29,3 hours 45 minutes,2022-03-18,Baltimore,Houston,1235.0
F4026350,612,06:25,08:51,3 hours 26 minutes,2022-03-18,Baltimore,Houston,1246.0
F4026351,533,23:32,02:10,3 hours 38 minutes,2022-03-18,Baltimore,Houston,1246.0
F4026352,331,20:01,22:22,3 hours 21 minutes,2022-03-18,Baltimore,Houston,1246.0
F3810479,69,09:42,10:39,0 hours 57 minutes,2022-03-20,Houston,Austin,140.0
F3898585,30,18:29,19:17,0 hours 48 minutes,2022-03-20,Houston,Austin,140.0
F3898729,46,12:14,13:11,0 hours 57 minutes,2022-03-20,Houston,Austin,140.0
F3898786,58,21:30,22:21,0 hours 51 minutes,2022-03-20,Houston,Austin,140.0
F3898801,47,16:25,17:14,0 hours 49 minutes,2022-03-20,Houston,Austin,140.0
F3952878,41,09:16,10:26,1 hours 10 minutes,2022-03-20,Houston,Austin,148.0
F3952879,57,23:05,23:58,0 hours 53 minutes,2022-03-20,Houston,Austin,148.0
F3952880,66,10:51,11:55,1 hours 4 minutes,2022-03-20,Houston,Austin,148.0
F3952881,58,20:35,21:22,0 hours 47 minutes,2022-03-20,Houston,Austin,148.0
F3952882,38,14:24,15:12,0 hours 48 minutes,2022-03-20,Houston,Austin,148.0
F4039897,42,14:34,15:41,1 hours 7 minutes,2022-03-20,Houston,Austin,140.0
F4040142,62,07:56,08:39,0 hours 43 minutes,2022-03-20,Houston,Austin,140.0
F3601243,56,20:15,21:14,0 hours 59 minutes,2022-03-22,Austin,Dallas,190.0
F3601659,65,10:59,11:53,0 hours 54 minutes,2022-03-22,Austin,Dallas,190.0
F3608175,41,12:18,13:17,0 hours 59 minutes,2022-03-22,Austin,Dallas,190.0
F3659811,92,19:36,20:34,0 hours 58 minutes,2022-03-22,Austin,Dallas,190.0
F3666808,66,06:54,08:09,1 hours 15 minutes,2022-03-22,Austin,Dallas,190.0
F3680956,69,06:50,07:43,0 hours 53 minutes,2022-03-22,Austin,Dallas,190.0
F3699570,49,18:38,19:36,0 hours 58 minutes,2022-03-22,Austin,Dallas,190.0
F3699734,54,16:46,17:48,1 hours 2 minutes,2022-03-22,Austin,Dallas,190.0
F3702107,48,09:07,10:16,1 hours 9 minutes,2022-03-22,Austin,Dallas,190.0
F3709829,60,07:53,09:01,1 hours 8 minutes,2022-03-22,Austin,Dallas,190.0
F3709860,94,14:22,15:27,1 hours 5 minutes,2022-03-22,Austin,Dallas,190.0
F3710367,69,10:16,11:21,1 hours 5 minutes,2022-03-22,Austin,Dallas,190.0
F3726504,82,04:58,05:55,0 hours 57 minutes,2022-03-22,Austin,Dallas,190.0
F3981525,44,07:53,08:40,0 hours 47 minutes,2022-03-22,Austin,Dallas,189.0
F3981526,90,16:09,17:10,1 hours 1 minutes,2022-03-22,Austin,Dallas,189.0
F3981527,81,20:20,21:11,0 hours 51 minutes,2022-03-22,Austin,Dallas,189.0
F3981528,92,18:14,19:04,0 hours 50 minutes,2022-03-22,Austin,Dallas,189.0
F3981529,79,20:55,21:47,0 hours 52 minutes,2022-03-22,Austin,Dallas,189.0
F3981530,65,10:57,11:45,0 hours 48 minutes,2022-03-22,Austin,Dallas,189.0
F3981532,77,13:35,14:53,1 hours 18 minutes,2022-03-22,Austin,Dallas,189.0
F3618746,527,10:22,14:01,2 hours 39 minutes,2022-03-24,Dallas,Baltimore,1217.0
F3703369,561,14:20,18:05,2 hours 45 minutes,2022-03-24,Dallas,Baltimore,1217.0
F3711212,470,18:30,22:04,2 hours 34 minutes,2022-03-24,Dallas,Baltimore,1217.0
F3720531,347,10:15,13:55,2 hours 40 minutes,2022-03-24,Dallas,Baltimore,1217.0
F4009095,446,07:17,11:00,2 hours 43 minutes,2022-03-24,Dallas,Baltimore,1209.0
F4009096,549,17:55,21:28,2 hours 33 minutes,2022-03-24,Dallas,Baltimore,1209.0
F4009097,441,13:25,17:05,2 hours 40 minutes,2022-03-24,Dallas,Baltimore,1209.0
F3713611,241,07:38,09:23,2 hours 45 minutes,2022-03-11,Indianapolis,Dallas,761.0
F3719794,181,21:05,22:32,2 hours 27 minutes,2022-03-11,Indianapolis,Dallas,761.0
F3719831,223,11:33,13:37,3 hours 4 minutes,2022-03-11,Indianapolis,Dallas,761.0
F3723995,158,16:20,18:05,2 hours 45 minutes,2022-03-11,Indianapolis,Dallas,761.0
F3945137,228,11:10,12:56,2 hours 46 minutes,2022-03-11,Indianapolis,Dallas,755.0
F3599962,68,19:05,20:14,1 hours 9 minutes,2022-03-13,Dallas,Amarillo,312.0
F3600051,150,22:31,23:49,1 hours 18 minutes,2022-03-13,Dallas,Amarillo,312.0
F3601181,143,08:51,10:10,1 hours 19 minutes,2022-03-13,Dallas,Amarillo,312.0
F3973845,143,17:17,18:28,1 hours 11 minutes,2022-03-13,Dallas,Amarillo,323.0
F3973846,126,09:40,10:49,1 hours 9 minutes,2022-03-13,Dallas,Amarillo,323.0
F3973847,129,01:51,02:59,1 hours 8 minutes,2022-03-13,Dallas,Amarillo,323.0
F3973848,81,12:25,13:28,1 hours 3 minutes,2022-03-13,Dallas,Amarillo,323.0
F4046387,81,10:26,11:44,1 hours 18 minutes,2022-03-13,Dallas,Amarillo,312.0
F3837730,158,06:26,07:59,1 hours 33 minutes,2022-03-15,Amarillo,Houston,517.0
F3837739,240,12:00,13:31,1 hours 31 minutes,2022-03-15,Amarillo,Houston,517.0
F3910162,219,21:08,00:15,2 hours 7 minutes,2022-03-17,Houston,Indianapolis,844.0
F4023670,226,22:20,01:20,2 hours 0 minutes,2022-03-17,Houston,Indianapolis,861.0
F4043273,190,12:21,15:31,2 hours 10 minutes,2022-03-17,Houston,Indianapolis,844.0
F3986469,144,06:25,07:35,1 hours 10 minutes,2022-03-23,Lubbock,Austin,341.0
F3607139,334,18:34,21:14,3 hours 40 minutes,2022-03-12,Washington,Austin,1297.0
F3877576,351,18:00,20:13,3 hours 13 minutes,2022-03-12,Washington,Austin,1297.0
F3947946,615,18:00,20:24,3 hours 24 minutes,2022-03-12,Washington,Austin,1315.0
F3810747,65,12:08,13:15,1 hours 7 minutes,2022-03-14,Austin,Houston,140.0
F3873803,38,05:25,06:09,0 hours 44 minutes,2022-03-14,Austin,Houston,140.0
F3874243,68,07:39,08:50,1 hours 11 minutes,2022-03-14,Austin,Houston,140.0
F3875093,30,19:23,20:09,0 hours 46 minutes,2022-03-14,Austin,Houston,140.0
F3875395,41,16:19,17:12,0 hours 53 minutes,2022-03-14,Austin,Houston,140.0
F3875399,55,14:06,15:07,1 hours 1 minutes,2022-03-14,Austin,Houston,140.0
F3976819,41,18:13,19:11,0 hours 58 minutes,2022-03-14,Austin,Houston,148.0
F3976820,73,13:46,14:34,0 hours 48 minutes,2022-03-14,Austin,Houston,148.0
F3976821,54,23:46,00:39,0 hours 53 minutes,2022-03-14,Austin,Houston,148.0
F3976822,72,06:37,07:26,0 hours 49 minutes,2022-03-14,Austin,Houston,148.0
F3976823,41,11:02,11:48,0 hours 46 minutes,2022-03-14,Austin,Houston,148.0
F4039019,28,09:44,10:36,0 hours 52 minutes,2022-03-14,Austin,Houston,140.0
F3810056,229,20:16,22:01,1 hours 45 minutes,2022-03-16,Houston,Amarillo,517.0
F3810283,154,09:35,11:38,2 hours 3 minutes,2022-03-16,Houston,Amarillo,517.0
F3601239,61,20:14,21:10,0 hours 56 minutes,2022-03-08,Austin,Dallas,190.0
F3601645,91,10:54,11:44,0 hours 50 minutes,2022-03-08,Austin,Dallas,190.0
F3608163,54,12:13,13:09,0 hours 56 minutes,2022-03-08,Austin,Dallas,190.0
F3659797,70,19:19,20:14,0 hours 55 minutes,2022-03-08,Austin,Dallas,190.0
F3666794,56,07:05,08:04,0 hours 59 minutes,2022-03-08,Austin,Dallas,190.0
F3680942,75,05:52,06:48,0 hours 56 minutes,2022-03-08,Austin,Dallas,190.0
F3699556,69,18:52,19:53,1 hours 1 minutes,2022-03-08,Austin,Dallas,190.0
F3699724,48,16:45,17:48,1 hours 3 minutes,2022-03-08,Austin,Dallas,190.0
F3702093,53,08:56,10:01,1 hours 5 minutes,2022-03-08,Austin,Dallas,190.0
F3709815,54,07:52,08:49,0 hours 57 minutes,2022-03-08,Austin,Dallas,190.0
F3709846,73,14:23,15:25,1 hours 2 minutes,2022-03-08,Austin,Dallas,190.0
F3710353,92,09:55,10:48,0 hours 53 minutes,2022-03-08,Austin,Dallas,190.0
F3726490,87,04:49,05:45,0 hours 56 minutes,2022-03-08,Austin,Dallas,190.0
F4000036,44,06:05,06:54,0 hours 49 minutes,2022-03-08,Austin,Dallas,189.0
F4000037,67,19:55,21:06,1 hours 11 minutes,2022-03-08,Austin,Dallas,189.0
F4000038,91,09:09,10:08,0 hours 59 minutes,2022-03-08,Austin,Dallas,189.0
F4000039,67,15:36,16:28,0 hours 52 minutes,2022-03-08,Austin,Dallas,189.0
F4000040,59,11:36,12:24,0 hours 48 minutes,2022-03-08,Austin,Dallas,189.0
F4000041,46,21:21,22:10,0 hours 49 minutes,2022-03-08,Austin,Dallas,189.0
F4000042,81,17:51,19:00,1 hours 9 minutes,2022-03-08,Austin,Dallas,189.0
F4000043,69,13:29,14:28,0 hours 59 minutes,2022-03-08,Austin,Dallas,189.0
F4044817,255,13:23,15:04,1 hours 41 minutes,2022-03-10,Dallas,Peoria,672.0
F4047716,325,20:01,21:47,1 hours 46 minutes,2022-03-10,Dallas,Peoria,672.0
F3637132,63,10:10,11:44,1 hours 34 minutes,2022-03-11,Lexington,Detroit,296.0
F3640680,101,06:26,07:37,1 hours 11 minutes,2022-03-11,Lexington,Detroit,296.0
F3647984,71,14:37,15:57,1 hours 20 minutes,2022-03-11,Lexington,Detroit,296.0
F4064833,105,17:54,19:11,1 hours 17 minutes,2022-03-11,Lexington,Detroit,296.0
F3581281,318,12:17,14:10,1 hours 53 minutes,2022-03-04,Pittsburgh,Jacksonville,694.0
F3597771,367,15:36,18:05,2 hours 29 minutes,2022-03-10,Miami,Pittsburgh,1013.0
F3597928,458,08:33,11:06,2 hours 33 minutes,2022-03-10,Miami,Pittsburgh,1013.0
F3672357,415,21:36,00:21,2 hours 45 minutes,2022-03-10,Miami,Pittsburgh,1013.0
F3724117,357,18:09,20:55,2 hours 46 minutes,2022-03-10,Miami,Pittsburgh,1013.0
F3615131,375,10:45,14:19,2 hours 34 minutes,2022-03-15,Chicago,Tampa,1011.0
F3629354,210,06:36,10:06,2 hours 30 minutes,2022-03-15,Chicago,Tampa,1011.0
F3629398,216,13:52,17:28,2 hours 36 minutes,2022-03-15,Chicago,Tampa,1011.0
F3682833,427,10:32,14:18,2 hours 46 minutes,2022-03-15,Chicago,Tampa,1011.0
F3695970,322,08:05,11:36,2 hours 31 minutes,2022-03-15,Chicago,Tampa,1011.0
F3700726,209,12:37,16:31,2 hours 54 minutes,2022-03-15,Chicago,Tampa,1011.0
F3873144,213,17:57,21:35,2 hours 38 minutes,2022-03-15,Chicago,Tampa,1011.0
F3913164,349,07:37,11:14,2 hours 37 minutes,2022-03-15,Chicago,Tampa,1011.0
F3913209,450,13:40,17:17,2 hours 37 minutes,2022-03-15,Chicago,Tampa,1011.0
F3913717,267,10:54,14:40,2 hours 46 minutes,2022-03-15,Chicago,Tampa,1011.0
F4002525,317,19:03,23:01,2 hours 58 minutes,2022-03-15,Chicago,Tampa,997.0
F4002526,295,04:55,08:16,2 hours 21 minutes,2022-03-15,Chicago,Tampa,997.0
F4002527,325,13:08,16:36,2 hours 28 minutes,2022-03-15,Chicago,Tampa,997.0
F4002528,319,07:42,11:09,2 hours 27 minutes,2022-03-15,Chicago,Tampa,997.0
F4002529,242,22:56,02:25,2 hours 29 minutes,2022-03-15,Chicago,Tampa,997.0
F4002856,334,16:33,20:19,2 hours 46 minutes,2022-03-15,Chicago,Tampa,1011.0
F3847877,63,08:06,10:37,2 hours 31 minutes,2022-03-20,Bemidji,Minneapolis,199.0
F3847879,43,17:56,18:41,0 hours 45 minutes,2022-03-20,Bemidji,Minneapolis,199.0
F3640437,52,08:54,10:05,1 hours 11 minutes,2022-03-22,Minneapolis,Duluth,144.0
F3656284,47,10:26,11:16,0 hours 50 minutes,2022-03-22,Minneapolis,Duluth,144.0
F3805786,34,20:22,21:04,0 hours 42 minutes,2022-03-22,Minneapolis,Duluth,144.0
F3805876,42,15:38,16:32,0 hours 54 minutes,2022-03-22,Minneapolis,Duluth,144.0
F3927194,82,17:09,18:55,1 hours 46 minutes,2022-03-13,Little Rock,Houston,374.0
F3927215,136,06:58,08:24,1 hours 26 minutes,2022-03-13,Little Rock,Houston,374.0
F3927417,170,13:48,15:29,1 hours 41 minutes,2022-03-13,Little Rock,Houston,374.0
F3838134,138,09:26,11:17,1 hours 51 minutes,2022-03-15,Houston,Lubbock,458.0
F3838140,148,18:11,19:56,1 hours 45 minutes,2022-03-15,Houston,Lubbock,458.0
F3596612,121,18:13,19:38,1 hours 25 minutes,2022-03-17,Lubbock,Dallas,282.0
F3798227,92,05:59,07:18,1 hours 19 minutes,2022-03-17,Lubbock,Dallas,282.0
F3798339,57,16:19,17:32,1 hours 13 minutes,2022-03-17,Lubbock,Dallas,282.0
F4024109,102,11:49,13:00,1 hours 11 minutes,2022-03-17,Lubbock,Dallas,293.0
F4024110,102,05:30,06:28,0 hours 58 minutes,2022-03-17,Lubbock,Dallas,293.0
F4024111,137,13:59,15:04,1 hours 5 minutes,2022-03-17,Lubbock,Dallas,293.0
F4024112,62,20:03,21:01,0 hours 58 minutes,2022-03-17,Lubbock,Dallas,293.0
F4046309,63,12:24,13:28,1 hours 4 minutes,2022-03-17,Lubbock,Dallas,282.0
F3592819,135,10:36,11:55,1 hours 19 minutes,2022-03-19,Dallas,Little Rock,304.0
F3592906,148,19:06,20:12,1 hours 6 minutes,2022-03-19,Dallas,Little Rock,304.0
F3599247,103,08:24,09:30,1 hours 6 minutes,2022-03-19,Dallas,Little Rock,304.0
F3605629,82,20:45,21:50,1 hours 5 minutes,2022-03-19,Dallas,Little Rock,304.0
F3610573,101,13:28,14:34,1 hours 6 minutes,2022-03-19,Dallas,Little Rock,304.0
F3783574,66,23:07,00:18,1 hours 11 minutes,2022-03-19,Dallas,Little Rock,304.0
F4030031,133,12:10,13:02,0 hours 52 minutes,2022-03-19,Dallas,Little Rock,296.0
F4030032,91,21:22,22:21,0 hours 59 minutes,2022-03-19,Dallas,Little Rock,296.0
F3556597,652,17:58,20:43,5 hours 45 minutes,2022-03-21,New York,San Diego,2446.0
F3747890,532,08:51,11:48,5 hours 57 minutes,2022-03-21,New York,San Diego,2446.0
F3748009,1025,18:35,21:17,5 hours 42 minutes,2022-03-21,New York,San Diego,2446.0
F3775479,603,07:24,10:05,5 hours 41 minutes,2022-03-21,New York,San Diego,2446.0
F3776092,1203,16:02,18:57,5 hours 55 minutes,2022-03-21,New York,San Diego,2446.0
F3778879,562,16:35,19:22,5 hours 47 minutes,2022-03-21,New York,San Diego,2446.0
F3779313,1050,08:05,10:57,5 hours 52 minutes,2022-03-21,New York,San Diego,2446.0
F3817957,210,07:11,08:58,1 hours 47 minutes,2022-03-23,San Diego,Sacramento,480.0
F3817961,121,17:48,19:26,1 hours 38 minutes,2022-03-23,San Diego,Sacramento,480.0
F3817983,161,09:40,11:24,1 hours 44 minutes,2022-03-23,San Diego,Sacramento,480.0
F3817996,109,21:40,23:13,1 hours 33 minutes,2022-03-23,San Diego,Sacramento,480.0
F3818077,192,12:56,14:31,1 hours 35 minutes,2022-03-23,San Diego,Sacramento,480.0
F3987594,197,10:12,11:42,1 hours 30 minutes,2022-03-23,San Diego,Sacramento,480.0
F3987595,195,20:32,22:01,1 hours 29 minutes,2022-03-23,San Diego,Sacramento,480.0
F3987596,185,15:57,17:27,1 hours 30 minutes,2022-03-23,San Diego,Sacramento,480.0
F3987597,202,11:16,12:47,1 hours 31 minutes,2022-03-23,San Diego,Sacramento,480.0
F3987598,108,18:48,20:22,1 hours 34 minutes,2022-03-23,San Diego,Sacramento,480.0
F3987599,207,08:02,09:36,1 hours 34 minutes,2022-03-23,San Diego,Sacramento,480.0
F3987600,213,09:13,10:43,1 hours 30 minutes,2022-03-23,San Diego,Sacramento,480.0
F3987601,165,17:51,19:26,1 hours 35 minutes,2022-03-23,San Diego,Sacramento,480.0
F3987602,229,06:16,07:53,1 hours 37 minutes,2022-03-23,San Diego,Sacramento,480.0
F3628954,172,11:16,12:58,1 hours 42 minutes,2022-03-25,Sacramento,Santa Ana,404.0
F4015128,122,15:59,17:17,1 hours 18 minutes,2022-03-25,Sacramento,Santa Ana,404.0
F4015129,127,08:54,10:23,1 hours 29 minutes,2022-03-25,Sacramento,Santa Ana,404.0
F4015130,129,13:10,14:51,1 hours 41 minutes,2022-03-25,Sacramento,Santa Ana,404.0
F4015131,159,19:00,20:19,1 hours 19 minutes,2022-03-25,Sacramento,Santa Ana,404.0
F4015132,195,21:16,22:41,1 hours 25 minutes,2022-03-25,Sacramento,Santa Ana,404.0
F4015133,197,10:25,11:47,1 hours 22 minutes,2022-03-25,Sacramento,Santa Ana,404.0
F4015134,200,11:42,13:10,1 hours 28 minutes,2022-03-25,Sacramento,Santa Ana,404.0
F3697759,900,21:19,05:11,4 hours 52 minutes,2022-03-27,Santa Ana,New York,2454.0
F3560723,206,09:14,12:42,2 hours 28 minutes,2022-03-07,Phoenix,Dallas,868.0
F3630053,322,06:56,09:58,2 hours 2 minutes,2022-03-07,Phoenix,Dallas,868.0
F3659219,409,08:16,11:27,2 hours 11 minutes,2022-03-07,Phoenix,Dallas,868.0
F3660815,281,14:28,17:36,2 hours 8 minutes,2022-03-07,Phoenix,Dallas,868.0
F3661167,344,09:44,12:54,2 hours 10 minutes,2022-03-07,Phoenix,Dallas,868.0
F3668045,184,16:23,19:31,2 hours 8 minutes,2022-03-07,Phoenix,Dallas,868.0
F3676547,375,07:30,10:40,2 hours 10 minutes,2022-03-07,Phoenix,Dallas,868.0
F3680222,324,19:57,23:00,2 hours 3 minutes,2022-03-07,Phoenix,Dallas,868.0
F3680600,218,11:56,15:24,2 hours 28 minutes,2022-03-07,Phoenix,Dallas,868.0
F3698518,371,06:11,09:20,2 hours 9 minutes,2022-03-07,Phoenix,Dallas,868.0
F3725432,404,18:11,21:22,2 hours 11 minutes,2022-03-07,Phoenix,Dallas,868.0
F3999116,289,05:17,08:16,1 hours 59 minutes,2022-03-07,Phoenix,Dallas,879.0
F3999117,296,20:18,23:25,2 hours 7 minutes,2022-03-07,Phoenix,Dallas,879.0
F3999118,306,13:32,16:49,2 hours 17 minutes,2022-03-07,Phoenix,Dallas,879.0
F3999119,341,18:49,21:49,2 hours 0 minutes,2022-03-07,Phoenix,Dallas,879.0
F3999120,405,16:04,19:15,2 hours 11 minutes,2022-03-07,Phoenix,Dallas,879.0
F3999121,342,10:13,13:28,2 hours 15 minutes,2022-03-07,Phoenix,Dallas,879.0
F3999122,340,17:33,20:40,2 hours 7 minutes,2022-03-07,Phoenix,Dallas,879.0
F3999123,179,08:41,11:48,2 hours 7 minutes,2022-03-07,Phoenix,Dallas,879.0
F3594257,110,08:34,09:41,1 hours 7 minutes,2022-03-09,Dallas,San Angelo,229.0
F3608900,47,12:40,13:42,1 hours 2 minutes,2022-03-09,Dallas,San Angelo,229.0
F3814500,83,19:04,20:14,1 hours 10 minutes,2022-03-09,Dallas,San Angelo,229.0
F3814507,67,16:45,17:47,1 hours 2 minutes,2022-03-09,Dallas,San Angelo,229.0
F3574602,331,21:47,22:37,2 hours 50 minutes,2022-03-13,Houston,Phoenix,998.0
F3813837,380,14:19,15:22,3 hours 3 minutes,2022-03-13,Houston,Phoenix,1009.0
F3875660,298,18:13,19:10,2 hours 57 minutes,2022-03-13,Houston,Phoenix,1009.0
F3875882,347,16:44,17:30,2 hours 46 minutes,2022-03-13,Houston,Phoenix,1009.0
F3875885,471,07:24,08:33,3 hours 9 minutes,2022-03-13,Houston,Phoenix,1009.0
F3876006,237,09:44,10:41,2 hours 57 minutes,2022-03-13,Houston,Phoenix,1009.0
F3876372,493,12:14,13:09,2 hours 55 minutes,2022-03-13,Houston,Phoenix,1009.0
F3974531,492,19:34,20:27,2 hours 53 minutes,2022-03-13,Houston,Phoenix,1020.0
F3974532,322,23:57,00:46,2 hours 49 minutes,2022-03-13,Houston,Phoenix,1020.0
F3974533,504,09:19,10:15,2 hours 56 minutes,2022-03-13,Houston,Phoenix,1020.0
F3974534,428,14:18,15:13,2 hours 55 minutes,2022-03-13,Houston,Phoenix,1020.0
F4043969,230,07:23,08:51,3 hours 28 minutes,2022-03-13,Houston,Phoenix,1009.0
F3601226,232,07:02,10:01,1 hours 59 minutes,2022-03-27,Fayetteville,Charlotte,754.0
F3604451,260,18:28,21:25,1 hours 57 minutes,2022-03-27,Fayetteville,Charlotte,754.0
F3732920,45,11:01,12:17,1 hours 16 minutes,2022-03-27,Fayetteville,Charlotte,118.0
F3733142,51,08:49,09:52,1 hours 3 minutes,2022-03-27,Fayetteville,Charlotte,118.0
F3783473,28,19:45,20:34,0 hours 49 minutes,2022-03-27,Fayetteville,Charlotte,118.0
F3793918,335,10:59,14:05,2 hours 6 minutes,2022-03-27,Fayetteville,Charlotte,754.0
F3794432,34,05:24,06:22,0 hours 58 minutes,2022-03-27,Fayetteville,Charlotte,118.0
F3631705,208,19:07,19:43,1 hours 36 minutes,2022-03-29,Charlotte,Pensacola,488.0
F3785785,180,11:04,11:39,1 hours 35 minutes,2022-03-29,Charlotte,Pensacola,488.0
F3790942,200,15:09,15:56,1 hours 47 minutes,2022-03-29,Charlotte,Pensacola,488.0
F3795690,128,20:10,21:05,1 hours 55 minutes,2022-03-29,Charlotte,Pensacola,488.0
F3810171,224,17:03,18:45,1 hours 42 minutes,2022-03-16,Memphis,Houston,468.0
F3911833,167,06:58,08:28,1 hours 30 minutes,2022-03-16,Memphis,Houston,468.0
F3925618,157,11:48,13:26,1 hours 38 minutes,2022-03-16,Memphis,Houston,468.0
F3841881,54,09:44,11:04,1 hours 20 minutes,2022-03-18,Houston,Austin,140.0
F3908207,44,14:34,15:33,0 hours 59 minutes,2022-03-18,Houston,Austin,140.0
F3908480,61,18:06,19:04,0 hours 58 minutes,2022-03-18,Houston,Austin,140.0
F3908643,67,12:27,13:38,1 hours 11 minutes,2022-03-18,Houston,Austin,140.0
F3908702,50,20:19,21:22,1 hours 3 minutes,2022-03-18,Houston,Austin,140.0
F3908717,36,16:33,17:19,0 hours 46 minutes,2022-03-18,Houston,Austin,140.0
F4027138,59,08:51,09:35,0 hours 44 minutes,2022-03-18,Houston,Austin,148.0
F4027139,54,11:29,12:10,0 hours 41 minutes,2022-03-18,Houston,Austin,148.0
F4027140,32,20:12,20:55,0 hours 43 minutes,2022-03-18,Houston,Austin,148.0
F4027141,68,14:05,14:54,0 hours 49 minutes,2022-03-18,Houston,Austin,148.0
F4027142,68,00:11,00:51,0 hours 40 minutes,2022-03-18,Houston,Austin,148.0
F4040140,32,08:07,09:11,1 hours 4 minutes,2022-03-18,Houston,Austin,140.0
F3601657,41,10:56,11:52,0 hours 56 minutes,2022-03-20,Austin,Dallas,190.0
F3608173,45,12:15,13:16,1 hours 1 minutes,2022-03-20,Austin,Dallas,190.0
F3659809,59,19:48,20:51,1 hours 3 minutes,2022-03-20,Austin,Dallas,190.0
F3666806,40,06:57,07:57,1 hours 0 minutes,2022-03-20,Austin,Dallas,190.0
F3680954,48,05:59,07:00,1 hours 1 minutes,2022-03-20,Austin,Dallas,190.0
F3699568,70,18:54,20:03,1 hours 9 minutes,2022-03-20,Austin,Dallas,190.0
F3702105,84,09:19,10:14,0 hours 55 minutes,2022-03-20,Austin,Dallas,190.0
F3709827,58,07:53,09:02,1 hours 9 minutes,2022-03-20,Austin,Dallas,190.0
F3709858,53,14:41,15:54,1 hours 13 minutes,2022-03-20,Austin,Dallas,190.0
F3709913,71,20:34,21:37,1 hours 3 minutes,2022-03-20,Austin,Dallas,190.0
F3710365,75,21:29,22:42,1 hours 13 minutes,2022-03-20,Austin,Dallas,190.0
F3726502,87,04:55,05:47,0 hours 52 minutes,2022-03-20,Austin,Dallas,190.0
F3951716,49,06:06,07:05,0 hours 59 minutes,2022-03-20,Austin,Dallas,189.0
F3951717,43,17:06,17:57,0 hours 51 minutes,2022-03-20,Austin,Dallas,189.0
F3951718,92,21:09,22:12,1 hours 3 minutes,2022-03-20,Austin,Dallas,189.0
F3951719,41,19:29,20:34,1 hours 5 minutes,2022-03-20,Austin,Dallas,189.0
F3951720,79,22:10,23:09,0 hours 59 minutes,2022-03-20,Austin,Dallas,189.0
F3951721,93,14:38,15:36,0 hours 58 minutes,2022-03-20,Austin,Dallas,189.0
F3951722,61,10:47,11:40,0 hours 53 minutes,2022-03-20,Austin,Dallas,189.0
F3951723,66,08:34,09:30,0 hours 56 minutes,2022-03-20,Austin,Dallas,189.0
F4047700,66,16:36,17:49,1 hours 13 minutes,2022-03-20,Austin,Dallas,190.0
F3664428,201,22:03,23:47,1 hours 44 minutes,2022-03-22,Dallas,Memphis,431.0
F3671953,201,19:55,21:13,1 hours 18 minutes,2022-03-22,Dallas,Memphis,431.0
F3707165,132,17:17,18:45,1 hours 28 minutes,2022-03-22,Dallas,Memphis,431.0
F3726184,95,13:36,15:18,1 hours 42 minutes,2022-03-22,Dallas,Memphis,431.0
F3726358,144,10:16,11:59,1 hours 43 minutes,2022-03-22,Dallas,Memphis,431.0
F3982191,145,15:17,16:44,1 hours 27 minutes,2022-03-22,Dallas,Memphis,423.0
F3500796,153,06:04,07:27,1 hours 23 minutes,2022-03-14,Bozeman,Salt Lake City,347.0
F3513308,106,13:16,14:26,1 hours 10 minutes,2022-03-14,Bozeman,Salt Lake City,347.0
F3848187,139,11:44,13:05,1 hours 21 minutes,2022-03-14,Bozeman,Salt Lake City,347.0
F3852198,161,20:25,21:36,1 hours 11 minutes,2022-03-14,Bozeman,Salt Lake City,347.0
F3675388,495,10:53,14:35,2 hours 42 minutes,2022-03-25,Dallas,Richmond,1158.0
F3701345,341,19:12,22:57,2 hours 45 minutes,2022-03-25,Dallas,Richmond,1158.0
F3711887,533,06:54,09:24,3 hours 30 minutes,2022-03-31,Norfolk,Dallas,1212.0
F3724432,504,16:58,20:03,4 hours 5 minutes,2022-03-31,Norfolk,Dallas,1212.0
F3574587,263,21:57,23:27,1 hours 30 minutes,2022-03-10,Des Moines,Nashville,530.0
F3514266,323,22:48,00:41,1 hours 53 minutes,2022-03-19,Atlanta,Syracuse,794.0
F3549450,252,11:10,13:10,2 hours 0 minutes,2022-03-19,Atlanta,Syracuse,794.0
F3857542,226,17:16,20:09,1 hours 53 minutes,2022-03-25,Denver,Moline,752.0
F3858116,195,09:41,12:50,2 hours 9 minutes,2022-03-25,Denver,Moline,752.0
F3589827,66,07:54,09:01,1 hours 7 minutes,2022-03-19,Amarillo,Dallas,312.0
F3601161,146,10:51,11:58,1 hours 7 minutes,2022-03-19,Amarillo,Dallas,312.0
F3609470,105,04:56,06:03,1 hours 7 minutes,2022-03-19,Amarillo,Dallas,312.0
F4029378,86,05:53,06:54,1 hours 1 minutes,2022-03-19,Amarillo,Dallas,323.0
F4029379,98,14:50,15:54,1 hours 4 minutes,2022-03-19,Amarillo,Dallas,323.0
F4046367,149,13:21,14:26,1 hours 5 minutes,2022-03-19,Amarillo,Dallas,312.0
F3667560,63,07:02,08:06,1 hours 4 minutes,2022-03-21,Dallas,Houston,224.0
F3710248,106,21:55,23:32,1 hours 37 minutes,2022-03-21,Dallas,Houston,224.0
F3718936,60,10:17,11:26,1 hours 9 minutes,2022-03-21,Dallas,Houston,224.0
F3723215,64,08:24,09:26,1 hours 2 minutes,2022-03-21,Dallas,Houston,224.0
F3723709,89,12:48,13:58,1 hours 10 minutes,2022-03-21,Dallas,Houston,224.0
F3827461,49,12:18,13:49,1 hours 31 minutes,2022-03-21,Dallas,Houston,224.0
F3827494,101,14:17,16:00,1 hours 43 minutes,2022-03-21,Dallas,Houston,224.0
F3897376,103,06:59,08:02,1 hours 3 minutes,2022-03-21,Dallas,Houston,224.0
F3897612,49,21:28,22:51,1 hours 23 minutes,2022-03-21,Dallas,Houston,224.0
F3897754,72,15:56,17:23,1 hours 27 minutes,2022-03-21,Dallas,Houston,224.0
F3955863,87,07:56,09:02,1 hours 6 minutes,2022-03-21,Dallas,Houston,239.0
F3955864,77,13:13,14:26,1 hours 13 minutes,2022-03-21,Dallas,Houston,239.0
F3955865,83,13:58,15:13,1 hours 15 minutes,2022-03-21,Dallas,Houston,239.0
F3955868,98,21:43,22:59,1 hours 16 minutes,2022-03-21,Dallas,Houston,239.0
F3955869,95,22:24,23:45,1 hours 21 minutes,2022-03-21,Dallas,Houston,239.0
F3955870,71,23:48,01:34,1 hours 46 minutes,2022-03-21,Dallas,Houston,239.0
F3955871,106,06:33,07:35,1 hours 2 minutes,2022-03-21,Dallas,Houston,239.0
F3955873,55,07:56,09:04,1 hours 8 minutes,2022-03-21,Dallas,Houston,216.0
F3955874,55,06:04,06:59,0 hours 55 minutes,2022-03-21,Dallas,Houston,216.0
F3955875,61,12:01,13:01,1 hours 0 minutes,2022-03-21,Dallas,Houston,216.0
F3955876,49,14:39,16:08,1 hours 29 minutes,2022-03-21,Dallas,Houston,216.0
F4038422,55,09:35,11:29,1 hours 54 minutes,2022-03-21,Dallas,Houston,224.0
F4045567,62,10:49,12:15,1 hours 26 minutes,2022-03-21,Dallas,Houston,247.0
F4046251,91,20:32,22:24,1 hours 52 minutes,2022-03-21,Dallas,Houston,247.0
F4038835,201,11:59,15:11,2 hours 12 minutes,2022-03-23,Houston,Louisville,788.0
F4038901,255,19:55,22:55,2 hours 0 minutes,2022-03-23,Houston,Louisville,788.0
F3494946,636,20:20,00:23,3 hours 3 minutes,2022-03-10,Minneapolis,Orlando,1310.0
F3501731,372,09:58,15:16,4 hours 18 minutes,2022-03-10,Minneapolis,Orlando,1310.0
F3516294,308,19:45,23:47,3 hours 2 minutes,2022-03-10,Minneapolis,Orlando,1310.0
F3535928,371,13:06,17:13,3 hours 7 minutes,2022-03-10,Minneapolis,Orlando,1310.0
F3544945,535,07:59,12:45,3 hours 46 minutes,2022-03-10,Minneapolis,Orlando,1310.0
F3546837,632,06:02,10:09,3 hours 7 minutes,2022-03-10,Minneapolis,Orlando,1310.0
F3547689,343,16:03,20:26,3 hours 23 minutes,2022-03-10,Minneapolis,Orlando,1310.0
F3615028,350,20:09,00:59,3 hours 50 minutes,2022-03-10,Minneapolis,Orlando,1310.0
F3509750,421,17:18,19:35,3 hours 17 minutes,2022-03-16,Fort Myers,Minneapolis,1416.0
F3510294,336,14:37,17:04,3 hours 27 minutes,2022-03-16,Fort Myers,Minneapolis,1416.0
F3524475,456,06:02,08:16,3 hours 14 minutes,2022-03-16,Fort Myers,Minneapolis,1416.0
F3530633,527,11:35,13:49,3 hours 14 minutes,2022-03-16,Fort Myers,Minneapolis,1416.0
F3546646,564,13:05,15:22,3 hours 17 minutes,2022-03-16,Fort Myers,Minneapolis,1416.0
F3552570,362,18:19,20:40,3 hours 21 minutes,2022-03-16,Fort Myers,Minneapolis,1416.0
F3622604,328,05:49,08:18,3 hours 29 minutes,2022-03-16,Fort Myers,Minneapolis,1416.0
F3782232,445,20:51,23:13,3 hours 22 minutes,2022-03-16,Fort Myers,Minneapolis,1416.0
F3862730,100,17:35,18:25,0 hours 50 minutes,2022-03-19,Everett,Spokane,222.0
F3862772,54,06:56,07:46,0 hours 50 minutes,2022-03-19,Everett,Spokane,222.0
F3640942,100,12:55,14:12,1 hours 17 minutes,2022-03-20,Buffalo,New York,292.0
F3644287,143,05:40,07:05,1 hours 25 minutes,2022-03-20,Buffalo,New York,301.0
F3646098,147,12:17,13:42,1 hours 25 minutes,2022-03-20,Buffalo,New York,301.0
F3647561,130,15:26,16:39,1 hours 13 minutes,2022-03-20,Buffalo,New York,292.0
F3649924,116,18:22,19:42,1 hours 20 minutes,2022-03-20,Buffalo,New York,292.0
F3651086,73,10:54,12:08,1 hours 14 minutes,2022-03-20,Buffalo,New York,292.0
F3652360,125,19:27,20:51,1 hours 24 minutes,2022-03-20,Buffalo,New York,301.0
F3755378,64,20:50,22:12,1 hours 22 minutes,2022-03-20,Buffalo,New York,301.0
F3761869,131,13:48,15:06,1 hours 18 minutes,2022-03-20,Buffalo,New York,301.0
F3638233,47,14:58,16:35,1 hours 37 minutes,2022-03-22,New York,Syracuse,209.0
F3641939,51,21:55,22:51,0 hours 56 minutes,2022-03-22,New York,Syracuse,198.0
F3642285,85,11:08,12:15,1 hours 7 minutes,2022-03-22,New York,Syracuse,198.0
F3653969,88,15:41,17:08,1 hours 27 minutes,2022-03-22,New York,Syracuse,198.0
F3654696,97,12:27,13:31,1 hours 4 minutes,2022-03-22,New York,Syracuse,209.0
F3761739,85,09:18,10:32,1 hours 14 minutes,2022-03-22,New York,Syracuse,209.0
F3488064,1280,14:18,17:28,6 hours 10 minutes,2022-03-13,Seattle,Kahului,2640.0
F3583249,551,09:33,12:43,6 hours 10 minutes,2022-03-13,Seattle,Kahului,2640.0
F3743237,1064,18:04,21:33,6 hours 29 minutes,2022-03-13,Seattle,Kahului,2640.0
F3743255,1258,12:47,16:11,6 hours 24 minutes,2022-03-13,Seattle,Kahului,2640.0
F3743275,944,07:13,10:25,6 hours 12 minutes,2022-03-13,Seattle,Kahului,2640.0
F3584740,36,11:51,12:26,0 hours 35 minutes,2022-03-15,Kahului,Kona,84.0
F3585973,22,13:06,13:38,0 hours 32 minutes,2022-03-15,Kahului,Kona,84.0
F3587016,39,14:34,15:12,0 hours 38 minutes,2022-03-15,Kahului,Kona,84.0
F4002759,36,16:02,16:34,0 hours 32 minutes,2022-03-15,Kahului,Kona,84.0
F3584541,74,06:08,06:53,0 hours 45 minutes,2022-03-17,Kona,Honolulu,163.0
F3584717,38,06:52,07:40,0 hours 48 minutes,2022-03-17,Kona,Honolulu,163.0
F3585003,65,07:56,08:42,0 hours 46 minutes,2022-03-17,Kona,Honolulu,163.0
F3585194,62,08:51,09:33,0 hours 42 minutes,2022-03-17,Kona,Honolulu,163.0
F3585484,62,09:49,10:36,0 hours 47 minutes,2022-03-17,Kona,Honolulu,163.0
F3585868,61,11:01,11:49,0 hours 48 minutes,2022-03-17,Kona,Honolulu,163.0
F3586032,48,11:52,12:37,0 hours 45 minutes,2022-03-17,Kona,Honolulu,163.0
F3586281,47,13:03,13:52,0 hours 49 minutes,2022-03-17,Kona,Honolulu,163.0
F3586723,63,14:25,15:10,0 hours 45 minutes,2022-03-17,Kona,Honolulu,163.0
F3586827,34,15:32,16:17,0 hours 45 minutes,2022-03-17,Kona,Honolulu,163.0
F3586987,61,16:06,16:49,0 hours 43 minutes,2022-03-17,Kona,Honolulu,163.0
F3587415,78,14:20,15:05,0 hours 45 minutes,2022-03-17,Kona,Honolulu,163.0
F3587529,37,17:17,18:03,0 hours 46 minutes,2022-03-17,Kona,Honolulu,163.0
F3587674,77,21:00,21:49,0 hours 49 minutes,2022-03-17,Kona,Honolulu,163.0
F3587944,51,18:48,19:32,0 hours 44 minutes,2022-03-17,Kona,Honolulu,163.0
F4023830,80,13:50,14:37,0 hours 47 minutes,2022-03-17,Kona,Honolulu,163.0
F4023831,51,10:06,10:52,0 hours 46 minutes,2022-03-17,Kona,Honolulu,163.0
F4023832,38,18:17,19:00,0 hours 43 minutes,2022-03-17,Kona,Honolulu,163.0
F4023833,55,06:59,07:42,0 hours 43 minutes,2022-03-17,Kona,Honolulu,163.0
F3489272,889,12:54,21:36,5 hours 42 minutes,2022-03-19,Honolulu,Seattle,2677.0
F3583100,816,13:10,21:52,5 hours 42 minutes,2022-03-19,Honolulu,Seattle,2677.0
F3746651,1161,13:02,21:51,5 hours 49 minutes,2022-03-19,Honolulu,Seattle,2677.0
F3746707,1138,23:26,08:01,5 hours 35 minutes,2022-03-19,Honolulu,Seattle,2677.0
F3746939,970,22:31,07:07,5 hours 36 minutes,2022-03-19,Honolulu,Seattle,2677.0
F3746957,1300,08:01,16:47,5 hours 46 minutes,2022-03-19,Honolulu,Seattle,2677.0
F3782020,1332,21:58,06:31,5 hours 33 minutes,2022-03-19,Honolulu,Seattle,2677.0
F3498719,56,22:46,23:42,0 hours 56 minutes,2022-03-20,Atlanta,Asheville,164.0
F3521395,59,15:53,16:39,0 hours 46 minutes,2022-03-20,Atlanta,Asheville,164.0
F3532916,74,12:38,13:23,0 hours 45 minutes,2022-03-20,Atlanta,Asheville,164.0
F3539444,70,17:58,18:45,0 hours 47 minutes,2022-03-20,Atlanta,Asheville,164.0
F3553812,40,08:08,08:54,0 hours 46 minutes,2022-03-20,Atlanta,Asheville,164.0
F3787279,104,16:28,17:47,1 hours 19 minutes,2022-03-23,Washington,Wilmington,319.0
F3635161,65,08:56,10:02,1 hours 6 minutes,2022-03-25,Wilmington,Charlotte,185.0
F3666352,82,14:27,15:29,1 hours 2 minutes,2022-03-25,Wilmington,Charlotte,185.0
F3783527,37,10:57,12:01,1 hours 4 minutes,2022-03-25,Wilmington,Charlotte,185.0
F3786901,60,16:04,17:12,1 hours 8 minutes,2022-03-25,Wilmington,Charlotte,185.0
F4051032,62,04:49,05:51,1 hours 2 minutes,2022-03-25,Wilmington,Charlotte,185.0
F4053620,61,06:54,08:07,1 hours 13 minutes,2022-03-25,Wilmington,Charlotte,185.0
F4061668,60,20:02,21:04,1 hours 2 minutes,2022-03-25,Wilmington,Charlotte,185.0
F3604430,321,16:16,17:39,2 hours 23 minutes,2022-03-27,Charlotte,Fayetteville,754.0
F3605851,340,20:14,21:46,2 hours 32 minutes,2022-03-27,Charlotte,Fayetteville,754.0
F3732889,30,09:23,10:40,1 hours 17 minutes,2022-03-27,Charlotte,Fayetteville,118.0
F3733119,54,07:23,08:23,1 hours 0 minutes,2022-03-27,Charlotte,Fayetteville,118.0
F3783448,28,18:14,19:06,0 hours 52 minutes,2022-03-27,Charlotte,Fayetteville,118.0
F3784175,31,22:46,23:37,0 hours 51 minutes,2022-03-27,Charlotte,Fayetteville,118.0
F3793893,287,08:53,10:12,2 hours 19 minutes,2022-03-27,Charlotte,Fayetteville,754.0
F3598553,383,05:54,09:28,2 hours 34 minutes,2022-03-29,Fayetteville,Washington,963.0
F3986469,144,06:25,07:35,1 hours 10 minutes,2022-03-23,Lubbock,Austin,341.0
F4012007,105,20:12,21:34,1 hours 22 minutes,2022-03-25,Austin,Amarillo,418.0
F3601219,319,07:03,10:11,2 hours 8 minutes,2022-03-20,Fayetteville,Charlotte,754.0
F3604446,176,18:17,21:29,2 hours 12 minutes,2022-03-20,Fayetteville,Charlotte,754.0
F3732913,39,10:58,11:50,0 hours 52 minutes,2022-03-20,Fayetteville,Charlotte,118.0
F3733137,52,08:49,09:51,1 hours 2 minutes,2022-03-20,Fayetteville,Charlotte,118.0
F3783468,34,20:05,20:51,0 hours 46 minutes,2022-03-20,Fayetteville,Charlotte,118.0
F3793912,312,11:10,14:16,2 hours 6 minutes,2022-03-20,Fayetteville,Charlotte,754.0
F3794427,57,05:23,06:26,1 hours 3 minutes,2022-03-20,Fayetteville,Charlotte,118.0
F3635234,166,14:52,15:51,1 hours 59 minutes,2022-03-22,Charlotte,St. Louis,575.0
F3661428,255,20:38,21:35,1 hours 57 minutes,2022-03-22,Charlotte,St. Louis,575.0
F3674403,224,11:15,12:12,1 hours 57 minutes,2022-03-22,Charlotte,St. Louis,575.0
F3674465,245,16:33,17:25,1 hours 52 minutes,2022-03-22,Charlotte,St. Louis,575.0
F3982020,160,14:37,15:25,1 hours 48 minutes,2022-03-22,Charlotte,St. Louis,575.0
F3666639,285,06:56,09:09,3 hours 13 minutes,2022-03-06,Cleveland,Dallas,1021.0
F3704515,445,15:57,18:46,3 hours 49 minutes,2022-03-06,Cleveland,Dallas,1021.0
F3720856,504,11:37,13:42,3 hours 5 minutes,2022-03-06,Cleveland,Dallas,1021.0
F3721026,361,19:35,21:44,3 hours 9 minutes,2022-03-06,Cleveland,Dallas,1021.0
F3664323,92,20:58,22:12,1 hours 14 minutes,2022-03-08,Dallas,San Antonio,247.0
F3665799,53,18:26,19:35,1 hours 9 minutes,2022-03-08,Dallas,San Antonio,247.0
F3676354,73,09:47,11:00,1 hours 13 minutes,2022-03-08,Dallas,San Antonio,247.0
F3676414,73,16:30,17:36,1 hours 6 minutes,2022-03-08,Dallas,San Antonio,247.0
F3694780,86,10:31,11:43,1 hours 12 minutes,2022-03-08,Dallas,San Antonio,247.0
F3694908,71,15:00,16:17,1 hours 17 minutes,2022-03-08,Dallas,San Antonio,247.0
F3712011,75,17:54,19:03,1 hours 9 minutes,2022-03-08,Dallas,San Antonio,247.0
F3716791,79,20:02,21:20,1 hours 18 minutes,2022-03-08,Dallas,San Antonio,247.0
F3727667,115,12:37,13:50,1 hours 13 minutes,2022-03-08,Dallas,San Antonio,247.0
F4015852,115,07:54,09:00,1 hours 6 minutes,2022-03-08,Dallas,San Antonio,247.0
F4015853,98,12:55,14:07,1 hours 12 minutes,2022-03-08,Dallas,San Antonio,247.0
F4015854,95,11:11,12:18,1 hours 7 minutes,2022-03-08,Dallas,San Antonio,247.0
F4015855,118,18:30,19:37,1 hours 7 minutes,2022-03-08,Dallas,San Antonio,247.0
F4015856,117,22:22,23:23,1 hours 1 minutes,2022-03-08,Dallas,San Antonio,247.0
F4015857,56,14:25,15:32,1 hours 7 minutes,2022-03-08,Dallas,San Antonio,247.0
F4015858,85,17:06,18:13,1 hours 7 minutes,2022-03-08,Dallas,San Antonio,247.0
F3887079,55,07:36,08:32,0 hours 56 minutes,2022-03-10,San Antonio,Houston,191.0
F3887682,77,05:29,06:17,0 hours 48 minutes,2022-03-10,San Antonio,Houston,191.0
F3887684,82,17:47,18:38,0 hours 51 minutes,2022-03-10,San Antonio,Houston,191.0
F3887853,87,14:12,15:05,0 hours 53 minutes,2022-03-10,San Antonio,Houston,191.0
F3943144,42,18:25,19:24,0 hours 59 minutes,2022-03-10,San Antonio,Houston,192.0
F3943145,41,22:01,22:44,0 hours 43 minutes,2022-03-10,San Antonio,Houston,192.0
F3943146,80,14:18,14:57,0 hours 39 minutes,2022-03-10,San Antonio,Houston,192.0
F3943147,50,10:53,11:36,0 hours 43 minutes,2022-03-10,San Antonio,Houston,192.0
F4038956,84,12:08,13:13,1 hours 5 minutes,2022-03-10,San Antonio,Houston,191.0
F4039100,65,09:39,10:46,1 hours 7 minutes,2022-03-10,San Antonio,Houston,191.0
F3852727,542,07:32,11:29,2 hours 57 minutes,2022-03-12,Houston,Cleveland,1091.0
F3877729,391,14:50,18:43,2 hours 53 minutes,2022-03-12,Houston,Cleveland,1091.0
F3768389,305,10:32,13:38,3 hours 6 minutes,2022-03-23,Hartford,Fort Myers,1180.0
F3569882,360,06:04,08:46,2 hours 42 minutes,2022-03-29,Orlando,Hartford,1050.0
F3617708,349,13:20,15:50,2 hours 30 minutes,2022-03-29,Orlando,Hartford,1050.0
F3769277,476,20:05,22:56,2 hours 51 minutes,2022-03-29,Orlando,Hartford,1050.0
F3774929,523,13:17,15:57,2 hours 40 minutes,2022-03-29,Orlando,Hartford,1050.0
F3961721,405,07:57,10:38,2 hours 41 minutes,2022-03-29,Orlando,Hartford,1050.0
F3961722,440,20:04,22:47,2 hours 43 minutes,2022-03-29,Orlando,Hartford,1050.0
F3542203,137,08:44,09:47,2 hours 3 minutes,2022-03-09,Detroit,Kansas City,629.0
F3553537,292,15:47,16:51,2 hours 4 minutes,2022-03-09,Detroit,Kansas City,629.0
F3553962,189,12:20,13:22,2 hours 2 minutes,2022-03-09,Detroit,Kansas City,629.0
F3554069,289,21:12,22:18,2 hours 6 minutes,2022-03-09,Detroit,Kansas City,629.0
F3945612,47,12:15,13:05,0 hours 50 minutes,2022-03-11,Kansas City,St. Louis,237.0
F3945613,74,18:59,19:54,0 hours 55 minutes,2022-03-11,Kansas City,St. Louis,237.0
F3638851,19,18:10,18:49,0 hours 39 minutes,2022-03-22,Lansing,Detroit,74.0
F3654567,31,05:21,06:08,0 hours 47 minutes,2022-03-22,Lansing,Detroit,74.0
F3656107,18,11:33,12:12,0 hours 39 minutes,2022-03-22,Lansing,Detroit,74.0
F3502958,43,23:04,23:56,0 hours 52 minutes,2022-03-25,Detroit,Cleveland,95.0
F3635715,23,12:23,13:06,0 hours 43 minutes,2022-03-25,Detroit,Cleveland,95.0
F3636357,44,08:41,09:24,0 hours 43 minutes,2022-03-25,Detroit,Cleveland,95.0
F3808934,45,16:10,17:02,0 hours 52 minutes,2022-03-25,Detroit,Cleveland,95.0
F3802105,47,11:53,12:47,0 hours 54 minutes,2022-03-20,Yuma,Phoenix,160.0
F4044236,78,08:40,09:48,1 hours 8 minutes,2022-03-20,Yuma,Phoenix,160.0
F4047022,73,16:28,17:22,0 hours 54 minutes,2022-03-20,Yuma,Phoenix,160.0
F4047276,43,05:16,06:07,0 hours 51 minutes,2022-03-20,Yuma,Phoenix,160.0
F3588631,64,18:27,18:51,1 hours 24 minutes,2022-03-06,Cincinnati,Chicago,264.0
F3591516,106,11:14,11:30,1 hours 16 minutes,2022-03-06,Cincinnati,Chicago,264.0
F3606057,118,06:56,07:15,1 hours 19 minutes,2022-03-06,Cincinnati,Chicago,264.0
F3803576,93,14:32,14:52,1 hours 20 minutes,2022-03-06,Cincinnati,Chicago,264.0
F3825649,83,14:00,14:29,1 hours 29 minutes,2022-03-06,Cincinnati,Chicago,264.0
F3825650,109,18:10,18:45,1 hours 35 minutes,2022-03-06,Cincinnati,Chicago,264.0
F3825723,113,07:36,08:19,1 hours 43 minutes,2022-03-06,Cincinnati,Chicago,264.0
F3931645,53,11:07,11:18,1 hours 11 minutes,2022-03-06,Cincinnati,Chicago,264.0
F3994207,116,22:39,22:37,0 hours 58 minutes,2022-03-06,Cincinnati,Chicago,249.0
F3994208,116,06:40,06:48,1 hours 8 minutes,2022-03-06,Cincinnati,Chicago,249.0
F3579882,247,05:48,07:08,2 hours 20 minutes,2022-03-24,Punta Gorda,Belleville,921.0
F3598610,39,12:24,13:08,0 hours 44 minutes,2022-03-28,Chicago,Peoria,130.0
F3606026,53,17:20,18:09,0 hours 49 minutes,2022-03-28,Chicago,Peoria,130.0
F3919106,47,21:01,21:42,0 hours 41 minutes,2022-03-28,Chicago,Peoria,130.0
F3919203,53,08:48,09:41,0 hours 53 minutes,2022-03-28,Chicago,Peoria,130.0
F3574832,464,18:22,22:13,2 hours 51 minutes,2022-03-30,Peoria,Punta Gorda,1045.0
F3799650,314,08:19,11:27,2 hours 8 minutes,2022-03-20,Chicago,White Plains,738.0
F3799691,359,17:27,20:21,1 hours 54 minutes,2022-03-20,Chicago,White Plains,738.0
F3802071,360,15:08,18:10,2 hours 2 minutes,2022-03-20,Chicago,White Plains,738.0
F3923606,209,14:14,17:23,2 hours 9 minutes,2022-03-20,Chicago,White Plains,738.0
F3923617,288,07:34,10:35,2 hours 1 minutes,2022-03-20,Chicago,White Plains,738.0
F3923657,247,19:06,22:12,2 hours 6 minutes,2022-03-20,Chicago,White Plains,738.0
F3512108,492,12:27,17:07,2 hours 40 minutes,2022-03-16,Denver,Atlanta,1199.0
F3515149,453,18:25,23:18,2 hours 53 minutes,2022-03-16,Denver,Atlanta,1199.0
F3527451,244,07:02,11:48,2 hours 46 minutes,2022-03-16,Denver,Atlanta,1199.0
F3529922,594,14:14,19:38,3 hours 24 minutes,2022-03-16,Denver,Atlanta,1199.0
F3530512,303,05:49,10:53,3 hours 4 minutes,2022-03-16,Denver,Atlanta,1199.0
F3531367,432,00:31,05:22,2 hours 51 minutes,2022-03-16,Denver,Atlanta,1199.0
F3532056,416,09:55,14:51,2 hours 56 minutes,2022-03-16,Denver,Atlanta,1199.0
F3551411,470,15:15,20:24,3 hours 9 minutes,2022-03-16,Denver,Atlanta,1199.0
F3564323,452,00:44,05:32,2 hours 48 minutes,2022-03-16,Denver,Atlanta,1199.0
F3912008,410,17:39,22:26,2 hours 47 minutes,2022-03-16,Denver,Atlanta,1199.0
F3912242,502,10:46,15:30,2 hours 44 minutes,2022-03-16,Denver,Atlanta,1199.0
F3912549,439,07:45,12:29,2 hours 44 minutes,2022-03-16,Denver,Atlanta,1199.0
F4004684,573,17:02,21:43,2 hours 41 minutes,2022-03-16,Denver,Atlanta,1199.0
F4004685,459,10:13,15:00,2 hours 47 minutes,2022-03-16,Denver,Atlanta,1199.0
F3637421,37,12:41,13:41,1 hours 0 minutes,2022-03-18,Atlanta,Augusta,143.0
F3637449,39,19:53,20:42,0 hours 49 minutes,2022-03-18,Atlanta,Augusta,143.0
F3640165,56,18:43,19:24,0 hours 41 minutes,2022-03-18,Atlanta,Augusta,143.0
F3642842,53,15:07,15:53,0 hours 46 minutes,2022-03-18,Atlanta,Augusta,143.0
F3650212,63,08:40,11:02,2 hours 22 minutes,2022-03-18,Atlanta,Augusta,143.0
F3824795,300,16:00,18:03,4 hours 3 minutes,2022-03-22,Savannah,Denver,1414.0
F3887708,760,18:33,21:26,5 hours 53 minutes,2022-03-10,Raleigh,San Francisco,2400.0
F3510370,714,10:29,18:17,4 hours 48 minutes,2022-03-16,Los Angeles,Raleigh,2239.0
F3720077,1030,23:28,07:33,5 hours 5 minutes,2022-03-16,Los Angeles,Raleigh,2239.0
F3510255,662,17:20,19:30,5 hours 10 minutes,2022-03-17,Raleigh,Los Angeles,2239.0
F3720024,582,08:32,10:54,5 hours 22 minutes,2022-03-17,Raleigh,Los Angeles,2239.0
F3799617,144,08:57,10:34,1 hours 37 minutes,2022-03-19,Los Angeles,Sacramento,373.0
F3799626,95,21:52,23:08,1 hours 16 minutes,2022-03-19,Los Angeles,Sacramento,373.0
F3811658,112,08:11,09:37,1 hours 26 minutes,2022-03-19,Los Angeles,Sacramento,373.0
F3811799,113,19:02,20:26,1 hours 24 minutes,2022-03-19,Los Angeles,Sacramento,373.0
F3831912,118,22:29,23:47,1 hours 18 minutes,2022-03-19,Los Angeles,Sacramento,373.0
F3851236,180,13:22,14:50,1 hours 28 minutes,2022-03-19,Los Angeles,Sacramento,373.0
F3851357,137,09:14,10:39,1 hours 25 minutes,2022-03-19,Los Angeles,Sacramento,373.0
F3949920,166,11:52,13:03,1 hours 11 minutes,2022-03-19,Los Angeles,Sacramento,373.0
F3949921,109,08:28,09:43,1 hours 15 minutes,2022-03-19,Los Angeles,Sacramento,373.0
F3949922,85,16:41,18:01,1 hours 20 minutes,2022-03-19,Los Angeles,Sacramento,373.0
F3827520,25,06:43,07:37,0 hours 54 minutes,2022-03-21,Sacramento,San Francisco,86.0
F3827824,24,20:54,21:53,0 hours 59 minutes,2022-03-21,Sacramento,San Francisco,86.0
F3856271,17,10:16,11:12,0 hours 56 minutes,2022-03-21,Sacramento,San Francisco,86.0
F3894359,842,09:12,17:26,5 hours 14 minutes,2022-03-23,San Francisco,Raleigh,2400.0
F3499958,262,08:04,08:42,1 hours 38 minutes,2022-03-21,Salt Lake City,San Diego,626.0
F3523813,292,11:36,12:19,1 hours 43 minutes,2022-03-21,Salt Lake City,San Diego,626.0
F3539484,294,22:46,23:21,1 hours 35 minutes,2022-03-21,Salt Lake City,San Diego,626.0
F3551183,188,15:22,15:56,1 hours 34 minutes,2022-03-21,Salt Lake City,San Diego,626.0
F3554505,139,17:15,17:50,1 hours 35 minutes,2022-03-21,Salt Lake City,San Diego,626.0
F3817051,225,08:32,09:34,2 hours 2 minutes,2022-03-21,Salt Lake City,San Diego,626.0
F3981053,299,12:43,13:15,1 hours 32 minutes,2022-03-21,Salt Lake City,San Diego,626.0
F3843044,48,10:51,11:59,1 hours 8 minutes,2022-03-23,San Diego,Los Angeles,109.0
F3843069,37,06:35,07:36,1 hours 1 minutes,2022-03-23,San Diego,Los Angeles,109.0
F3844928,38,06:10,07:09,0 hours 59 minutes,2022-03-23,San Diego,Los Angeles,109.0
F3750510,93,07:53,09:23,1 hours 30 minutes,2022-03-25,Los Angeles,San Francisco,337.0
F3750513,161,18:10,19:25,1 hours 15 minutes,2022-03-25,Los Angeles,San Francisco,337.0
F3770614,138,17:35,18:48,1 hours 13 minutes,2022-03-25,Los Angeles,San Francisco,337.0
F3808574,146,15:20,17:13,1 hours 53 minutes,2022-03-25,Los Angeles,San Francisco,337.0
F3808636,162,08:21,09:43,1 hours 22 minutes,2022-03-25,Los Angeles,San Francisco,337.0
F3808669,74,21:45,22:51,1 hours 6 minutes,2022-03-25,Los Angeles,San Francisco,337.0
F3808690,142,06:12,07:26,1 hours 14 minutes,2022-03-25,Los Angeles,San Francisco,337.0
F3808711,70,11:11,12:23,1 hours 12 minutes,2022-03-25,Los Angeles,San Francisco,337.0
F3808929,80,17:56,19:02,1 hours 6 minutes,2022-03-25,Los Angeles,San Francisco,337.0
F3809075,73,12:55,14:01,1 hours 6 minutes,2022-03-25,Los Angeles,San Francisco,337.0
F3815395,105,20:07,21:19,1 hours 12 minutes,2022-03-25,Los Angeles,San Francisco,337.0
F3815788,76,08:57,10:24,1 hours 27 minutes,2022-03-25,Los Angeles,San Francisco,337.0
F3815831,144,17:04,18:30,1 hours 26 minutes,2022-03-25,Los Angeles,San Francisco,337.0
F3820587,112,06:03,07:31,1 hours 28 minutes,2022-03-25,Los Angeles,San Francisco,337.0
F3820601,155,21:05,22:19,1 hours 14 minutes,2022-03-25,Los Angeles,San Francisco,337.0
F3820696,91,10:10,11:20,1 hours 10 minutes,2022-03-25,Los Angeles,San Francisco,337.0
F3820699,95,22:33,23:49,1 hours 16 minutes,2022-03-25,Los Angeles,San Francisco,337.0
F3820711,166,16:11,17:22,1 hours 11 minutes,2022-03-25,Los Angeles,San Francisco,337.0
F3820745,143,14:43,15:59,1 hours 16 minutes,2022-03-25,Los Angeles,San Francisco,337.0
F3820757,80,13:01,14:14,1 hours 13 minutes,2022-03-25,Los Angeles,San Francisco,337.0
F3882803,114,16:06,17:15,1 hours 9 minutes,2022-03-25,Los Angeles,San Francisco,337.0
F3883144,78,13:13,14:19,1 hours 6 minutes,2022-03-25,Los Angeles,San Francisco,337.0
F3883222,118,07:57,09:38,1 hours 41 minutes,2022-03-25,Los Angeles,San Francisco,337.0
F3883225,118,05:56,07:08,1 hours 12 minutes,2022-03-25,Los Angeles,San Francisco,337.0
F3883400,131,10:38,11:55,1 hours 17 minutes,2022-03-25,Los Angeles,San Francisco,337.0
F3883585,136,22:36,23:47,1 hours 11 minutes,2022-03-25,Los Angeles,San Francisco,337.0
F3883974,163,19:13,20:26,1 hours 13 minutes,2022-03-25,Los Angeles,San Francisco,337.0
F4013650,108,17:39,18:40,1 hours 1 minutes,2022-03-25,Los Angeles,San Francisco,337.0
F4013651,154,12:56,14:01,1 hours 5 minutes,2022-03-25,Los Angeles,San Francisco,337.0
F4013652,103,20:55,21:55,1 hours 0 minutes,2022-03-25,Los Angeles,San Francisco,337.0
F3541891,133,19:52,22:29,1 hours 37 minutes,2022-03-27,San Francisco,Salt Lake City,599.0
F3544443,208,06:01,08:45,1 hours 44 minutes,2022-03-27,San Francisco,Salt Lake City,599.0
F3547757,205,10:09,12:47,1 hours 38 minutes,2022-03-27,San Francisco,Salt Lake City,599.0
F3547920,204,14:25,17:22,1 hours 57 minutes,2022-03-27,San Francisco,Salt Lake City,599.0
F3549131,227,18:28,21:04,1 hours 36 minutes,2022-03-27,San Francisco,Salt Lake City,599.0
F3820101,162,09:38,12:20,1 hours 42 minutes,2022-03-27,San Francisco,Salt Lake City,599.0
F3854856,125,16:44,19:30,1 hours 46 minutes,2022-03-27,San Francisco,Salt Lake City,599.0
F3855404,182,18:41,21:19,1 hours 38 minutes,2022-03-27,San Francisco,Salt Lake City,599.0
F3589368,70,14:12,14:58,0 hours 46 minutes,2022-03-16,Chicago,Green Bay,174.0
F3809940,82,20:10,21:19,1 hours 9 minutes,2022-03-16,Chicago,Green Bay,174.0
F3816033,36,17:28,18:23,0 hours 55 minutes,2022-03-16,Chicago,Green Bay,174.0
F3925800,58,10:14,11:04,0 hours 50 minutes,2022-03-16,Chicago,Green Bay,174.0
F3925928,45,14:16,15:16,1 hours 0 minutes,2022-03-16,Chicago,Green Bay,174.0
F3993487,448,05:47,09:00,2 hours 13 minutes,2022-03-05,St. Louis,Fort Myers,979.0
F3993488,414,15:19,18:39,2 hours 20 minutes,2022-03-05,St. Louis,Fort Myers,979.0
F3993489,289,17:50,21:07,2 hours 17 minutes,2022-03-05,St. Louis,Fort Myers,979.0
F3993490,310,08:33,11:49,2 hours 16 minutes,2022-03-05,St. Louis,Fort Myers,979.0
F3561502,72,07:56,09:06,1 hours 10 minutes,2022-03-09,Miami,Orlando,192.0
F3621672,77,05:34,06:41,1 hours 7 minutes,2022-03-09,Miami,Orlando,192.0
F3662110,41,17:48,18:59,1 hours 11 minutes,2022-03-09,Miami,Orlando,192.0
F3670416,82,15:45,17:15,1 hours 30 minutes,2022-03-09,Miami,Orlando,192.0
F3670813,38,08:29,09:46,1 hours 17 minutes,2022-03-09,Miami,Orlando,192.0
F3677456,46,21:08,22:19,1 hours 11 minutes,2022-03-09,Miami,Orlando,192.0
F3680035,81,23:12,00:17,1 hours 5 minutes,2022-03-09,Miami,Orlando,192.0
F3683014,62,14:25,15:28,1 hours 3 minutes,2022-03-09,Miami,Orlando,192.0
F3710915,88,06:58,08:15,1 hours 17 minutes,2022-03-09,Miami,Orlando,192.0
F3714276,60,18:37,20:21,1 hours 44 minutes,2022-03-09,Miami,Orlando,192.0
F3562366,426,05:54,07:56,3 hours 2 minutes,2022-03-11,Orlando,St. Louis,882.0
F3612364,354,23:24,00:50,2 hours 26 minutes,2022-03-11,Orlando,St. Louis,882.0
F3945717,202,14:46,16:08,2 hours 22 minutes,2022-03-11,Orlando,St. Louis,882.0
F3945718,430,19:47,21:17,2 hours 30 minutes,2022-03-11,Orlando,St. Louis,882.0
F3945719,345,06:15,08:25,3 hours 10 minutes,2022-03-11,Orlando,St. Louis,882.0
F3945720,325,10:58,12:27,2 hours 29 minutes,2022-03-11,Orlando,St. Louis,882.0
F3567264,44,09:55,10:59,1 hours 4 minutes,2022-03-23,Orlando,Fort Myers,133.0
F3986704,42,16:38,17:28,0 hours 50 minutes,2022-03-23,Orlando,Fort Myers,133.0
F3517415,289,22:17,00:13,2 hours 56 minutes,2022-03-07,New York,Nashville,764.0
F3627075,233,17:14,18:46,2 hours 32 minutes,2022-03-07,New York,Nashville,764.0
F3638013,175,08:00,09:22,2 hours 22 minutes,2022-03-07,New York,Nashville,765.0
F3641150,315,10:15,11:49,2 hours 34 minutes,2022-03-07,New York,Nashville,764.0
F3644478,315,18:15,20:14,2 hours 59 minutes,2022-03-07,New York,Nashville,765.0
F3647862,359,07:03,08:49,2 hours 46 minutes,2022-03-07,New York,Nashville,764.0
F3713452,373,15:05,16:38,2 hours 33 minutes,2022-03-07,New York,Nashville,764.0
F3755439,351,13:11,15:07,2 hours 56 minutes,2022-03-07,New York,Nashville,765.0
F3766632,278,08:00,09:23,2 hours 23 minutes,2022-03-07,New York,Nashville,765.0
F3998382,248,16:15,17:46,2 hours 31 minutes,2022-03-07,New York,Nashville,764.0
F3998383,208,11:40,13:18,2 hours 38 minutes,2022-03-07,New York,Nashville,764.0
F3998384,162,19:36,21:24,2 hours 48 minutes,2022-03-07,New York,Nashville,764.0
F3998385,215,07:10,08:39,2 hours 29 minutes,2022-03-07,New York,Nashville,764.0
F4048948,186,18:48,20:59,3 hours 11 minutes,2022-03-07,New York,Nashville,765.0
F4053695,266,10:00,11:57,2 hours 57 minutes,2022-03-07,New York,Nashville,764.0
F4058469,344,06:19,07:56,2 hours 37 minutes,2022-03-07,New York,Nashville,764.0
F4058945,167,10:36,12:30,2 hours 54 minutes,2022-03-07,New York,Nashville,765.0
F4061614,247,17:03,18:59,2 hours 56 minutes,2022-03-07,New York,Nashville,764.0
F4063813,353,15:20,17:00,2 hours 40 minutes,2022-03-07,New York,Nashville,764.0
F4063914,309,18:28,20:02,2 hours 34 minutes,2022-03-07,New York,Nashville,764.0
F4063991,260,15:03,16:54,2 hours 51 minutes,2022-03-07,New York,Nashville,765.0
F3639100,263,11:33,15:05,2 hours 32 minutes,2022-03-13,Memphis,New York,963.0
F3645916,313,09:31,12:57,2 hours 26 minutes,2022-03-13,Memphis,New York,963.0
F4051048,387,06:32,10:23,2 hours 51 minutes,2022-03-13,Memphis,New York,963.0
F4058399,348,14:22,17:49,2 hours 27 minutes,2022-03-13,Memphis,New York,963.0
F3573678,272,16:46,18:16,2 hours 30 minutes,2022-03-25,Punta Gorda,Nashville,692.0
F3856318,193,14:19,16:15,1 hours 56 minutes,2022-03-24,Pensacola,Houston,489.0
F3884756,189,07:01,08:49,1 hours 48 minutes,2022-03-24,Pensacola,Houston,489.0
F3884799,206,16:54,18:52,1 hours 58 minutes,2022-03-24,Pensacola,Houston,489.0
F3920827,234,11:58,13:45,1 hours 47 minutes,2022-03-24,Pensacola,Houston,489.0
F4011151,191,13:29,15:10,1 hours 41 minutes,2022-03-24,Pensacola,Houston,488.0
F3881783,46,20:35,21:29,0 hours 54 minutes,2022-03-26,Houston,San Antonio,191.0
F3881819,86,14:36,15:31,0 hours 55 minutes,2022-03-26,Houston,San Antonio,191.0
F4031778,80,22:31,23:14,0 hours 43 minutes,2022-03-26,Houston,San Antonio,192.0
F4031779,78,15:33,16:17,0 hours 44 minutes,2022-03-26,Houston,San Antonio,192.0
F4040786,64,12:21,13:25,1 hours 4 minutes,2022-03-26,Houston,San Antonio,191.0
F4041078,64,10:15,11:16,1 hours 1 minutes,2022-03-26,Houston,San Antonio,191.0
F4041513,81,18:19,19:09,0 hours 50 minutes,2022-03-26,Houston,San Antonio,191.0
F3672490,52,09:13,10:29,1 hours 16 minutes,2022-03-28,San Antonio,Dallas,247.0
F3676405,74,10:24,11:29,1 hours 5 minutes,2022-03-28,San Antonio,Dallas,247.0
F3676463,60,18:35,19:44,1 hours 9 minutes,2022-03-28,San Antonio,Dallas,247.0
F3677157,114,07:50,09:04,1 hours 14 minutes,2022-03-28,San Antonio,Dallas,247.0
F3694831,112,12:15,13:19,1 hours 4 minutes,2022-03-28,San Antonio,Dallas,247.0
F3694959,66,16:41,17:52,1 hours 11 minutes,2022-03-28,San Antonio,Dallas,247.0
F3705080,114,07:01,08:01,1 hours 0 minutes,2022-03-28,San Antonio,Dallas,247.0
F3711642,62,04:52,05:56,1 hours 4 minutes,2022-03-28,San Antonio,Dallas,247.0
F3721242,112,05:52,07:18,1 hours 26 minutes,2022-03-28,San Antonio,Dallas,247.0
F3727718,115,15:04,16:02,0 hours 58 minutes,2022-03-28,San Antonio,Dallas,247.0
F3959306,74,20:51,21:50,0 hours 59 minutes,2022-03-28,San Antonio,Dallas,247.0
F3959307,108,14:52,15:55,1 hours 3 minutes,2022-03-28,San Antonio,Dallas,247.0
F3959308,85,07:53,08:54,1 hours 1 minutes,2022-03-28,San Antonio,Dallas,247.0
F3959309,88,17:34,18:38,1 hours 4 minutes,2022-03-28,San Antonio,Dallas,247.0
F3959310,102,10:05,11:25,1 hours 20 minutes,2022-03-28,San Antonio,Dallas,247.0
F3959311,100,21:06,21:59,0 hours 53 minutes,2022-03-28,San Antonio,Dallas,247.0
F3959312,121,11:59,13:08,1 hours 9 minutes,2022-03-28,San Antonio,Dallas,247.0
F3959313,64,05:43,06:40,0 hours 57 minutes,2022-03-28,San Antonio,Dallas,247.0
F3607998,241,13:38,15:36,1 hours 58 minutes,2022-03-30,Dallas,Pensacola,604.0
F3609373,292,20:33,22:36,2 hours 3 minutes,2022-03-30,Dallas,Pensacola,604.0
F3696750,231,15:34,17:28,1 hours 54 minutes,2022-03-30,Dallas,Pensacola,604.0
F3964049,184,16:26,18:38,2 hours 12 minutes,2022-03-30,Dallas,Pensacola,592.0
F4047363,182,16:37,18:42,2 hours 5 minutes,2022-03-30,Dallas,Pensacola,604.0
F3614993,120,08:37,09:54,1 hours 17 minutes,2022-03-06,Oakland,Los Angeles,337.0
F3831184,156,07:09,08:32,1 hours 23 minutes,2022-03-06,Oakland,Los Angeles,337.0
F3831207,93,15:58,17:14,1 hours 16 minutes,2022-03-06,Oakland,Los Angeles,337.0
F3835236,74,11:47,13:03,1 hours 16 minutes,2022-03-06,Oakland,Los Angeles,337.0
F3995728,119,00:01,01:05,1 hours 4 minutes,2022-03-06,Oakland,Los Angeles,337.0
F3995729,147,10:33,11:45,1 hours 12 minutes,2022-03-06,Oakland,Los Angeles,337.0
F3995730,90,14:39,15:51,1 hours 12 minutes,2022-03-06,Oakland,Los Angeles,337.0
F3995731,109,08:41,09:50,1 hours 9 minutes,2022-03-06,Oakland,Los Angeles,337.0
F3995732,92,07:06,08:27,1 hours 21 minutes,2022-03-06,Oakland,Los Angeles,337.0
F3995733,109,18:54,20:14,1 hours 20 minutes,2022-03-06,Oakland,Los Angeles,337.0
F3995734,120,13:37,14:46,1 hours 9 minutes,2022-03-06,Oakland,Los Angeles,337.0
F3494805,196,15:57,17:43,1 hours 46 minutes,2022-03-22,Atlanta,Buffalo,712.0
F3500666,169,21:50,23:33,1 hours 43 minutes,2022-03-22,Atlanta,Buffalo,712.0
F3782636,165,10:01,11:46,1 hours 45 minutes,2022-03-22,Atlanta,Buffalo,712.0
F3640946,131,14:53,16:19,1 hours 26 minutes,2022-03-24,Buffalo,New York,292.0
F3644291,149,05:43,07:06,1 hours 23 minutes,2022-03-24,Buffalo,New York,301.0
F3646102,100,12:06,13:24,1 hours 18 minutes,2022-03-24,Buffalo,New York,301.0
F3647565,97,15:35,17:14,1 hours 39 minutes,2022-03-24,Buffalo,New York,292.0
F3649928,74,19:23,20:45,1 hours 22 minutes,2022-03-24,Buffalo,New York,292.0
F3651090,73,10:24,11:49,1 hours 25 minutes,2022-03-24,Buffalo,New York,292.0
F3652364,81,19:09,20:36,1 hours 27 minutes,2022-03-24,Buffalo,New York,301.0
F3654378,145,05:53,07:14,1 hours 21 minutes,2022-03-24,Buffalo,New York,292.0
F3755792,88,06:55,08:18,1 hours 23 minutes,2022-03-24,Buffalo,New York,301.0
F3759701,138,09:58,11:16,1 hours 18 minutes,2022-03-24,Buffalo,New York,301.0
F3763401,130,20:39,22:00,1 hours 21 minutes,2022-03-24,Buffalo,New York,301.0
F3806571,79,07:24,08:15,0 hours 51 minutes,2022-03-24,Sun Valley,Salt Lake City,222.0
F3806750,91,13:03,14:16,1 hours 13 minutes,2022-03-24,Sun Valley,Salt Lake City,222.0
F3595447,81,08:10,09:28,1 hours 18 minutes,2022-03-31,Chicago,St. Louis,258.0
F3672774,83,13:07,14:09,1 hours 2 minutes,2022-03-31,Chicago,St. Louis,258.0
F3699969,102,20:44,22:09,1 hours 25 minutes,2022-03-31,Chicago,St. Louis,258.0
F3798869,68,10:37,12:01,1 hours 24 minutes,2022-03-31,Chicago,St. Louis,258.0
F3823116,113,19:42,21:33,1 hours 51 minutes,2022-03-31,Chicago,St. Louis,258.0
F3823533,122,09:44,11:29,1 hours 45 minutes,2022-03-31,Chicago,St. Louis,258.0
F3823927,109,13:20,14:46,1 hours 26 minutes,2022-03-31,Chicago,St. Louis,258.0
F3917154,70,20:08,21:50,1 hours 42 minutes,2022-03-31,Chicago,St. Louis,258.0
F3991587,101,22:49,00:12,1 hours 23 minutes,2022-03-31,Chicago,St. Louis,251.0
F3991588,54,19:47,20:55,1 hours 8 minutes,2022-03-31,Chicago,St. Louis,251.0
F3991589,85,11:50,12:56,1 hours 6 minutes,2022-03-31,Chicago,St. Louis,251.0
F3991590,61,15:58,16:55,0 hours 57 minutes,2022-03-31,Chicago,St. Louis,251.0
F3991591,121,08:50,09:58,1 hours 8 minutes,2022-03-31,Chicago,St. Louis,251.0
F4078133,114,15:29,16:41,1 hours 12 minutes,2022-03-31,Chicago,St. Louis,258.0
F3786516,223,12:16,13:47,1 hours 31 minutes,2022-03-02,Myrtle Beach,Philadelphia,473.0
F3730109,18,13:39,14:30,0 hours 51 minutes,2022-03-04,Philadelphia,Harrisburg,84.0
F3732392,17,10:09,11:04,0 hours 55 minutes,2022-03-04,Philadelphia,Harrisburg,84.0
F3733669,30,15:26,16:20,0 hours 54 minutes,2022-03-04,Philadelphia,Harrisburg,84.0
F3735217,24,20:00,20:59,0 hours 59 minutes,2022-03-04,Philadelphia,Harrisburg,84.0
F3561678,894,23:49,07:00,4 hours 11 minutes,2022-03-10,Las Vegas,Orlando,2039.0
F3627775,695,22:45,06:25,4 hours 40 minutes,2022-03-10,Las Vegas,Orlando,2039.0
F4022756,567,15:40,22:44,4 hours 4 minutes,2022-03-10,Las Vegas,Orlando,2039.0
F3562857,62,23:19,00:20,1 hours 1 minutes,2022-03-13,Orlando,Miami,192.0
F3621645,57,19:21,20:28,1 hours 7 minutes,2022-03-13,Orlando,Miami,192.0
F3670391,65,18:58,20:01,1 hours 3 minutes,2022-03-13,Orlando,Miami,192.0
F3679560,79,06:09,07:07,0 hours 58 minutes,2022-03-13,Orlando,Miami,192.0
F3682987,75,15:38,16:57,1 hours 19 minutes,2022-03-13,Orlando,Miami,192.0
F3686726,41,19:25,20:38,1 hours 13 minutes,2022-03-13,Orlando,Miami,192.0
F3710890,71,10:22,11:30,1 hours 8 minutes,2022-03-13,Orlando,Miami,192.0
F3714251,59,20:54,22:22,1 hours 28 minutes,2022-03-13,Orlando,Miami,192.0
F3718016,41,20:18,21:24,1 hours 6 minutes,2022-03-13,Orlando,Miami,192.0
F3721986,58,07:12,08:14,1 hours 2 minutes,2022-03-13,Orlando,Miami,192.0
F3628089,838,20:40,22:47,5 hours 7 minutes,2022-03-16,Fort Lauderdale,Las Vegas,2173.0
F3777532,896,21:10,23:28,5 hours 18 minutes,2022-03-16,Fort Lauderdale,Las Vegas,2173.0
F3749910,346,19:06,21:42,2 hours 36 minutes,2022-03-24,Las Vegas,Everett,894.0
F3864108,246,12:17,14:49,2 hours 32 minutes,2022-03-24,Las Vegas,Everett,894.0
F3864661,48,17:14,18:08,0 hours 54 minutes,2022-03-26,Everett,Spokane,222.0
F3864702,57,06:50,08:00,1 hours 10 minutes,2022-03-26,Everett,Spokane,222.0
F3752289,62,06:29,07:36,1 hours 7 minutes,2022-03-28,Spokane,Seattle,224.0
F3752355,81,07:59,09:05,1 hours 6 minutes,2022-03-28,Spokane,Seattle,224.0
F3752407,48,13:53,15:00,1 hours 7 minutes,2022-03-28,Spokane,Seattle,224.0
F3752496,106,19:23,20:47,1 hours 24 minutes,2022-03-28,Spokane,Seattle,224.0
F3752654,68,14:58,16:12,1 hours 14 minutes,2022-03-28,Spokane,Seattle,224.0
F3752778,98,04:57,05:56,0 hours 59 minutes,2022-03-28,Spokane,Seattle,224.0
F3807861,98,19:13,20:24,1 hours 11 minutes,2022-03-28,Spokane,Seattle,224.0
F3807871,84,15:17,16:18,1 hours 1 minutes,2022-03-28,Spokane,Seattle,224.0
F3807873,74,05:33,06:35,1 hours 2 minutes,2022-03-28,Spokane,Seattle,224.0
F3807912,57,06:55,08:05,1 hours 10 minutes,2022-03-28,Spokane,Seattle,224.0
F3807950,70,13:34,14:38,1 hours 4 minutes,2022-03-28,Spokane,Seattle,224.0
F3808278,93,09:24,10:42,1 hours 18 minutes,2022-03-28,Spokane,Seattle,224.0
F3865239,98,16:09,17:34,1 hours 25 minutes,2022-03-28,Spokane,Seattle,224.0
F3865284,80,11:13,12:14,1 hours 1 minutes,2022-03-28,Spokane,Seattle,224.0
F3865305,77,17:23,18:30,1 hours 7 minutes,2022-03-28,Spokane,Seattle,224.0
F3865314,47,12:09,13:16,1 hours 7 minutes,2022-03-28,Spokane,Seattle,224.0
F3865385,83,20:38,22:10,1 hours 32 minutes,2022-03-28,Spokane,Seattle,224.0
F3503055,380,11:46,14:03,2 hours 17 minutes,2022-03-30,Seattle,Las Vegas,867.0
F3526221,365,19:26,21:39,2 hours 13 minutes,2022-03-30,Seattle,Las Vegas,867.0
F3535226,197,07:41,10:16,2 hours 35 minutes,2022-03-30,Seattle,Las Vegas,867.0
F3547052,306,15:12,17:21,2 hours 9 minutes,2022-03-30,Seattle,Las Vegas,867.0
F3620839,423,19:09,21:30,2 hours 21 minutes,2022-03-30,Seattle,Las Vegas,867.0
F3622769,297,13:15,15:34,2 hours 19 minutes,2022-03-30,Seattle,Las Vegas,867.0
F3625183,349,14:31,16:47,2 hours 16 minutes,2022-03-30,Seattle,Las Vegas,867.0
F3753851,361,18:29,20:38,2 hours 9 minutes,2022-03-30,Seattle,Las Vegas,867.0
F3753856,308,06:20,08:47,2 hours 27 minutes,2022-03-30,Seattle,Las Vegas,867.0
F3753876,259,16:57,19:30,2 hours 33 minutes,2022-03-30,Seattle,Las Vegas,867.0
F3754021,181,21:09,23:25,2 hours 16 minutes,2022-03-30,Seattle,Las Vegas,867.0
F3754046,177,08:02,10:35,2 hours 33 minutes,2022-03-30,Seattle,Las Vegas,867.0
F3754102,427,19:40,21:55,2 hours 15 minutes,2022-03-30,Seattle,Las Vegas,867.0
F3754103,178,13:53,16:16,2 hours 23 minutes,2022-03-30,Seattle,Las Vegas,867.0
F3754105,197,12:34,14:43,2 hours 9 minutes,2022-03-30,Seattle,Las Vegas,867.0
F3988917,368,06:32,08:47,2 hours 15 minutes,2022-03-30,Seattle,Las Vegas,867.0
F3988918,408,11:44,13:57,2 hours 13 minutes,2022-03-30,Seattle,Las Vegas,867.0
F3988919,202,16:19,18:29,2 hours 10 minutes,2022-03-30,Seattle,Las Vegas,867.0
F3946450,307,19:45,22:17,2 hours 32 minutes,2022-03-11,Pittsburgh,Fort Myers,966.0
F3946451,409,05:30,08:08,2 hours 38 minutes,2022-03-11,Pittsburgh,Fort Myers,966.0
F3597778,322,15:28,18:01,2 hours 33 minutes,2022-03-17,Miami,Pittsburgh,1013.0
F3597934,327,09:11,12:01,2 hours 50 minutes,2022-03-17,Miami,Pittsburgh,1013.0
F3672364,450,21:53,00:37,2 hours 44 minutes,2022-03-17,Miami,Pittsburgh,1013.0
F3724124,382,18:08,20:52,2 hours 44 minutes,2022-03-17,Miami,Pittsburgh,1013.0
F3950984,170,06:15,07:38,1 hours 23 minutes,2022-03-19,Reno,San Diego,488.0
F3950985,235,19:09,20:35,1 hours 26 minutes,2022-03-19,Reno,San Diego,488.0
F3766946,169,16:43,18:01,1 hours 18 minutes,2022-03-25,Los Angeles,Reno,391.0
F3808522,163,10:59,12:18,1 hours 19 minutes,2022-03-25,Los Angeles,Reno,391.0
F3808808,124,14:55,16:14,1 hours 19 minutes,2022-03-25,Los Angeles,Reno,391.0
F3808907,106,19:28,20:34,1 hours 6 minutes,2022-03-25,Los Angeles,Reno,391.0
F3820709,147,11:18,12:41,1 hours 23 minutes,2022-03-25,Los Angeles,Reno,391.0
F3857995,134,10:42,12:19,1 hours 37 minutes,2022-03-25,Los Angeles,Reno,391.0
F4013649,153,10:16,11:28,1 hours 12 minutes,2022-03-25,Los Angeles,Reno,391.0
F3507032,604,19:22,00:20,2 hours 58 minutes,2022-03-21,Los Angeles,Dallas,1235.0
F3531739,605,08:53,13:45,2 hours 52 minutes,2022-03-21,Los Angeles,Dallas,1235.0
F3618140,451,08:15,13:21,3 hours 6 minutes,2022-03-21,Los Angeles,Dallas,1235.0
F3628826,364,06:05,11:19,3 hours 14 minutes,2022-03-21,Los Angeles,Dallas,1235.0
F3674877,302,20:49,01:42,2 hours 53 minutes,2022-03-21,Los Angeles,Dallas,1235.0
F3677656,389,05:58,12:02,4 hours 4 minutes,2022-03-21,Los Angeles,Dallas,1235.0
F3680249,413,23:56,04:50,2 hours 54 minutes,2022-03-21,Los Angeles,Dallas,1235.0
F3685432,414,06:40,11:53,3 hours 13 minutes,2022-03-21,Los Angeles,Dallas,1235.0
F3699709,500,00:54,06:02,3 hours 8 minutes,2022-03-21,Los Angeles,Dallas,1235.0
F3705187,565,18:53,23:50,2 hours 57 minutes,2022-03-21,Los Angeles,Dallas,1235.0
F3708613,550,17:59,23:05,3 hours 6 minutes,2022-03-21,Los Angeles,Dallas,1235.0
F3724097,508,08:02,13:15,3 hours 13 minutes,2022-03-21,Los Angeles,Dallas,1235.0
F3747907,609,10:57,16:25,3 hours 28 minutes,2022-03-21,Los Angeles,Dallas,1246.0
F3956825,467,07:48,12:48,3 hours 0 minutes,2022-03-21,Los Angeles,Dallas,1246.0
F3956827,584,19:35,00:20,2 hours 45 minutes,2022-03-21,Los Angeles,Dallas,1246.0
F3956828,429,17:54,22:50,2 hours 56 minutes,2022-03-21,Los Angeles,Dallas,1246.0
F3710134,83,20:58,22:16,1 hours 18 minutes,2022-03-23,Dallas,Houston,224.0
F3710250,71,18:50,20:03,1 hours 13 minutes,2022-03-23,Dallas,Houston,224.0
F3718938,59,10:21,11:39,1 hours 18 minutes,2022-03-23,Dallas,Houston,224.0
F3719052,103,15:25,16:36,1 hours 11 minutes,2022-03-23,Dallas,Houston,224.0
F3723217,96,08:27,09:28,1 hours 1 minutes,2022-03-23,Dallas,Houston,224.0
F3723711,76,12:24,14:01,1 hours 37 minutes,2022-03-23,Dallas,Houston,224.0
F3841077,102,12:22,13:54,1 hours 32 minutes,2022-03-23,Dallas,Houston,224.0
F3841111,109,14:18,15:28,1 hours 10 minutes,2022-03-23,Dallas,Houston,224.0
F3894032,47,07:07,08:47,1 hours 40 minutes,2022-03-23,Dallas,Houston,224.0
F3894263,77,17:25,19:18,1 hours 53 minutes,2022-03-23,Dallas,Houston,224.0
F3894403,99,15:46,16:55,1 hours 9 minutes,2022-03-23,Dallas,Houston,224.0
F3985499,108,08:51,09:49,0 hours 58 minutes,2022-03-23,Dallas,Houston,239.0
F3985500,89,11:27,12:29,1 hours 2 minutes,2022-03-23,Dallas,Houston,239.0
F3985501,89,16:17,17:22,1 hours 5 minutes,2022-03-23,Dallas,Houston,239.0
F3985502,99,17:57,19:02,1 hours 5 minutes,2022-03-23,Dallas,Houston,239.0
F3985503,105,19:44,20:45,1 hours 1 minutes,2022-03-23,Dallas,Houston,239.0
F3985504,60,20:30,21:32,1 hours 2 minutes,2022-03-23,Dallas,Houston,239.0
F3985505,77,22:09,23:07,0 hours 58 minutes,2022-03-23,Dallas,Houston,239.0
F3985506,83,06:26,07:22,0 hours 56 minutes,2022-03-23,Dallas,Houston,239.0
F3985507,65,09:33,10:36,1 hours 3 minutes,2022-03-23,Dallas,Houston,239.0
F3985509,104,07:58,08:57,0 hours 59 minutes,2022-03-23,Dallas,Houston,216.0
F3985510,59,22:09,23:02,0 hours 53 minutes,2022-03-23,Dallas,Houston,216.0
F3985511,72,06:06,07:07,1 hours 1 minutes,2022-03-23,Dallas,Houston,216.0
F3985512,57,11:40,12:40,1 hours 0 minutes,2022-03-23,Dallas,Houston,216.0
F3985513,57,18:13,19:21,1 hours 8 minutes,2022-03-23,Dallas,Houston,216.0
F3985514,59,13:36,14:35,0 hours 59 minutes,2022-03-23,Dallas,Houston,216.0
F4038424,81,09:37,11:17,1 hours 40 minutes,2022-03-23,Dallas,Houston,224.0
F4045568,84,13:10,14:29,1 hours 19 minutes,2022-03-23,Dallas,Houston,247.0
F4046253,63,19:11,20:28,1 hours 17 minutes,2022-03-23,Dallas,Houston,247.0
F4047188,118,14:33,15:45,1 hours 12 minutes,2022-03-23,Dallas,Houston,247.0
F4047560,85,08:33,09:43,1 hours 10 minutes,2022-03-23,Dallas,Houston,247.0
F3857893,84,14:20,15:29,1 hours 9 minutes,2022-03-25,Houston,Corpus Christi,201.0
F3920258,42,12:24,13:20,0 hours 56 minutes,2022-03-25,Houston,Corpus Christi,201.0
F3920259,75,10:13,11:30,1 hours 17 minutes,2022-03-25,Houston,Corpus Christi,201.0
F3920542,100,18:54,20:06,1 hours 12 minutes,2022-03-25,Houston,Corpus Christi,201.0
F3920552,53,16:39,17:42,1 hours 3 minutes,2022-03-25,Houston,Corpus Christi,201.0
F4013197,52,15:39,16:28,0 hours 49 minutes,2022-03-25,Houston,Corpus Christi,187.0
F4013198,58,22:38,23:22,0 hours 44 minutes,2022-03-25,Houston,Corpus Christi,187.0
F4013199,90,08:41,09:26,0 hours 45 minutes,2022-03-25,Houston,Corpus Christi,187.0
F4013200,69,11:30,12:22,0 hours 52 minutes,2022-03-25,Houston,Corpus Christi,187.0
F3674007,319,11:17,16:18,3 hours 1 minutes,2022-03-11,Palm Springs,Dallas,1126.0
F3710325,290,14:47,19:33,2 hours 46 minutes,2022-03-11,Palm Springs,Dallas,1126.0
F3723355,377,06:02,10:57,2 hours 55 minutes,2022-03-11,Palm Springs,Dallas,1126.0
F3594260,87,08:39,09:51,1 hours 12 minutes,2022-03-13,Dallas,San Angelo,229.0
F3608903,50,12:39,13:42,1 hours 3 minutes,2022-03-13,Dallas,San Angelo,229.0
F3814561,54,22:31,23:48,1 hours 17 minutes,2022-03-13,Dallas,San Angelo,229.0
F3814567,52,17:02,18:02,1 hours 0 minutes,2022-03-13,Dallas,San Angelo,229.0
F3826574,459,14:48,16:39,3 hours 51 minutes,2022-03-17,Houston,Palm Springs,1269.0
F3826917,514,18:06,19:44,3 hours 38 minutes,2022-03-17,Houston,Palm Springs,1269.0
F4004107,301,15:59,19:05,2 hours 6 minutes,2022-03-16,Nashville,Fort Myers,722.0
F3617991,166,07:47,08:53,2 hours 6 minutes,2022-03-22,Orlando,Nashville,616.0
F3620923,130,16:25,17:55,2 hours 30 minutes,2022-03-22,Orlando,Nashville,616.0
F3983262,224,19:09,20:06,1 hours 57 minutes,2022-03-22,Orlando,Nashville,616.0
F3983263,256,09:47,10:33,1 hours 46 minutes,2022-03-22,Orlando,Nashville,616.0
F3983264,246,06:17,07:08,1 hours 51 minutes,2022-03-22,Orlando,Nashville,616.0
F3983266,261,22:10,23:02,1 hours 52 minutes,2022-03-22,Orlando,Nashville,616.0
F3564989,505,14:09,17:38,3 hours 29 minutes,2022-03-18,San Juan,Jacksonville,1288.0
F3589152,123,06:52,08:03,1 hours 11 minutes,2022-03-20,Jacksonville,Miami,335.0
F3590336,129,13:19,14:29,1 hours 10 minutes,2022-03-20,Jacksonville,Miami,335.0
F3590380,67,11:04,12:19,1 hours 15 minutes,2022-03-20,Jacksonville,Miami,335.0
F3591984,132,15:34,17:01,1 hours 27 minutes,2022-03-20,Jacksonville,Miami,335.0
F3594002,146,08:50,10:00,1 hours 10 minutes,2022-03-20,Jacksonville,Miami,335.0
F3661736,156,06:09,07:22,1 hours 13 minutes,2022-03-20,Jacksonville,Miami,335.0
F3665277,68,18:23,19:41,1 hours 18 minutes,2022-03-20,Jacksonville,Miami,335.0
F3628643,438,13:22,15:42,2 hours 20 minutes,2022-03-24,Fort Lauderdale,San Juan,1046.0
F3758288,389,14:28,16:53,2 hours 25 minutes,2022-03-24,Fort Lauderdale,San Juan,1046.0
F3766770,225,10:39,13:09,2 hours 30 minutes,2022-03-24,Fort Lauderdale,San Juan,1046.0
F3769345,239,17:44,20:09,2 hours 25 minutes,2022-03-24,Fort Lauderdale,San Juan,1046.0
F3772411,365,16:33,19:01,2 hours 28 minutes,2022-03-24,Fort Lauderdale,San Juan,1046.0
F4009598,520,22:03,00:34,2 hours 31 minutes,2022-03-24,Fort Lauderdale,San Juan,1046.0
F4009599,406,15:22,17:48,2 hours 26 minutes,2022-03-24,Fort Lauderdale,San Juan,1046.0
F3713625,338,07:40,08:56,2 hours 16 minutes,2022-03-25,Indianapolis,Dallas,761.0
F3719802,236,20:04,21:21,2 hours 17 minutes,2022-03-25,Indianapolis,Dallas,761.0
F3719843,246,11:12,12:14,2 hours 2 minutes,2022-03-25,Indianapolis,Dallas,761.0
F3724009,333,16:04,17:18,2 hours 14 minutes,2022-03-25,Indianapolis,Dallas,761.0
F4013340,333,11:03,12:00,1 hours 57 minutes,2022-03-25,Indianapolis,Dallas,755.0
F3664342,88,21:41,22:43,1 hours 2 minutes,2022-03-27,Dallas,San Antonio,247.0
F3665818,114,18:32,19:29,0 hours 57 minutes,2022-03-27,Dallas,San Antonio,247.0
F3672461,54,06:58,07:56,0 hours 58 minutes,2022-03-27,Dallas,San Antonio,247.0
F3676373,91,08:28,09:26,0 hours 58 minutes,2022-03-27,Dallas,San Antonio,247.0
F3676433,51,16:26,17:24,0 hours 58 minutes,2022-03-27,Dallas,San Antonio,247.0
F3694799,52,10:37,11:38,1 hours 1 minutes,2022-03-27,Dallas,San Antonio,247.0
F3694927,104,14:38,15:34,0 hours 56 minutes,2022-03-27,Dallas,San Antonio,247.0
F3703429,121,22:48,23:49,1 hours 1 minutes,2022-03-27,Dallas,San Antonio,247.0
F3712030,52,17:33,18:33,1 hours 0 minutes,2022-03-27,Dallas,San Antonio,247.0
F3716810,59,19:56,21:05,1 hours 9 minutes,2022-03-27,Dallas,San Antonio,247.0
F3727686,81,12:29,13:31,1 hours 2 minutes,2022-03-27,Dallas,San Antonio,247.0
F4034624,104,06:04,07:00,0 hours 56 minutes,2022-03-27,Dallas,San Antonio,247.0
F4034625,96,12:57,13:52,0 hours 55 minutes,2022-03-27,Dallas,San Antonio,247.0
F4034626,75,07:51,08:44,0 hours 53 minutes,2022-03-27,Dallas,San Antonio,247.0
F4034627,116,15:32,16:25,0 hours 53 minutes,2022-03-27,Dallas,San Antonio,247.0
F4034628,59,19:31,20:29,0 hours 58 minutes,2022-03-27,Dallas,San Antonio,247.0
F4034629,65,14:19,15:09,0 hours 50 minutes,2022-03-27,Dallas,San Antonio,247.0
F4034630,90,12:23,13:23,1 hours 0 minutes,2022-03-27,Dallas,San Antonio,247.0
F4034631,73,21:42,22:45,1 hours 3 minutes,2022-03-27,Dallas,San Antonio,247.0
F3577442,241,11:01,12:47,1 hours 46 minutes,2022-03-27,Savannah,Columbus,539.0
F3630717,160,20:00,22:17,2 hours 17 minutes,2022-03-15,Dayton,Washington,391.0
F3631009,153,09:42,11:04,1 hours 22 minutes,2022-03-15,Dayton,Washington,391.0
F3785182,176,06:16,07:29,1 hours 13 minutes,2022-03-15,Dayton,Washington,391.0
F3793605,195,12:29,13:55,1 hours 26 minutes,2022-03-15,Dayton,Washington,391.0
F3926506,111,07:56,09:29,1 hours 33 minutes,2022-03-15,Dayton,Washington,368.0
F3575578,321,20:07,23:07,3 hours 0 minutes,2022-03-12,Elmira,Punta Gorda,1090.0
F3490296,52,18:23,20:21,0 hours 58 minutes,2022-03-07,Milwaukee,Detroit,237.0
F3500852,108,09:27,11:55,1 hours 28 minutes,2022-03-07,Milwaukee,Detroit,237.0
F3534225,103,13:26,15:35,1 hours 9 minutes,2022-03-07,Milwaukee,Detroit,237.0
F3808513,92,08:13,10:36,1 hours 23 minutes,2022-03-07,Milwaukee,Detroit,237.0
F3833145,71,14:29,15:42,1 hours 13 minutes,2022-03-09,Detroit,Escanaba,306.0
F3501915,117,23:12,00:19,1 hours 7 minutes,2022-03-11,Detroit,Buffalo,241.0
F3525667,97,08:24,09:25,1 hours 1 minutes,2022-03-11,Detroit,Buffalo,241.0
F3525710,93,10:48,12:07,1 hours 19 minutes,2022-03-11,Detroit,Buffalo,241.0
F3638346,69,16:39,17:42,1 hours 3 minutes,2022-03-11,Detroit,Buffalo,241.0
F3637199,89,09:41,11:08,1 hours 27 minutes,2022-03-17,Syracuse,Detroit,374.0
F3844577,178,06:03,07:36,1 hours 33 minutes,2022-03-17,Syracuse,Detroit,374.0
F3844675,97,13:02,14:16,1 hours 14 minutes,2022-03-17,Syracuse,Detroit,374.0
F3844753,146,18:13,19:34,1 hours 21 minutes,2022-03-17,Syracuse,Detroit,374.0
F3640941,66,16:33,17:54,1 hours 21 minutes,2022-03-18,Buffalo,New York,292.0
F3644285,147,05:40,06:57,1 hours 17 minutes,2022-03-18,Buffalo,New York,301.0
F3646096,65,12:05,13:43,1 hours 38 minutes,2022-03-18,Buffalo,New York,301.0
F3647560,62,17:36,18:54,1 hours 18 minutes,2022-03-18,Buffalo,New York,292.0
F3651085,122,10:12,11:27,1 hours 15 minutes,2022-03-18,Buffalo,New York,292.0
F3652358,61,19:10,20:38,1 hours 28 minutes,2022-03-18,Buffalo,New York,301.0
F3654373,61,05:56,07:08,1 hours 12 minutes,2022-03-18,Buffalo,New York,292.0
F3757010,61,11:18,12:35,1 hours 17 minutes,2022-03-18,Buffalo,New York,301.0
F3759515,127,20:54,22:17,1 hours 23 minutes,2022-03-18,Buffalo,New York,301.0
F3763638,83,07:06,08:52,1 hours 46 minutes,2022-03-18,Buffalo,New York,301.0
F4008251,201,13:33,15:52,1 hours 19 minutes,2022-03-23,St. Louis,Pittsburgh,554.0
F4027769,276,12:31,13:37,3 hours 6 minutes,2022-03-18,Kansas City,San Diego,1334.0
F3817045,148,19:55,21:08,1 hours 13 minutes,2022-03-21,San Diego,Fresno,314.0
F3817065,133,13:55,15:05,1 hours 10 minutes,2022-03-21,San Diego,Fresno,314.0
F3818060,53,12:35,13:38,1 hours 3 minutes,2022-03-23,Fresno,Los Angeles,209.0
F3841222,79,10:24,11:29,1 hours 5 minutes,2022-03-23,Fresno,Los Angeles,209.0
F3841244,79,05:54,07:00,1 hours 6 minutes,2022-03-23,Fresno,Los Angeles,209.0
F3511442,529,19:23,00:37,3 hours 14 minutes,2022-03-24,Los Angeles,Kansas City,1363.0
F3628485,674,09:30,14:38,3 hours 8 minutes,2022-03-24,Los Angeles,Kansas City,1363.0
F3491744,359,14:09,16:39,2 hours 30 minutes,2022-03-02,Detroit,Fort Myers,1084.0
F3502564,237,20:49,23:46,2 hours 57 minutes,2022-03-02,Detroit,Fort Myers,1084.0
F3517488,371,12:24,14:57,2 hours 33 minutes,2022-03-02,Detroit,Fort Myers,1084.0
F3520800,430,18:43,21:16,2 hours 33 minutes,2022-03-02,Detroit,Fort Myers,1084.0
F3531975,339,10:12,12:45,2 hours 33 minutes,2022-03-02,Detroit,Fort Myers,1084.0
F3549049,332,07:18,10:04,2 hours 46 minutes,2022-03-02,Detroit,Fort Myers,1084.0
F3612695,403,14:23,16:58,2 hours 35 minutes,2022-03-02,Detroit,Fort Myers,1084.0
F3615904,421,13:22,16:00,2 hours 38 minutes,2022-03-02,Detroit,Fort Myers,1084.0
F3617403,225,19:55,22:22,2 hours 27 minutes,2022-03-02,Detroit,Fort Myers,1084.0
F3617416,346,06:20,09:05,2 hours 45 minutes,2022-03-02,Detroit,Fort Myers,1084.0
F3559924,71,23:56,01:15,1 hours 19 minutes,2022-03-06,Fort Lauderdale,Orlando,177.0
F3618292,35,07:47,08:44,0 hours 57 minutes,2022-03-06,Fort Lauderdale,Orlando,177.0
F3626901,74,23:01,00:06,1 hours 5 minutes,2022-03-06,Fort Lauderdale,Orlando,177.0
F3994690,60,06:45,07:37,0 hours 52 minutes,2022-03-06,Fort Lauderdale,Orlando,177.0
F3503095,457,05:55,08:38,2 hours 43 minutes,2022-03-08,Orlando,Detroit,957.0
F3503312,332,16:40,19:18,2 hours 38 minutes,2022-03-08,Orlando,Detroit,957.0
F3508195,267,11:15,13:52,2 hours 37 minutes,2022-03-08,Orlando,Detroit,957.0
F3518748,386,20:08,22:33,2 hours 25 minutes,2022-03-08,Orlando,Detroit,957.0
F3520252,262,14:32,17:07,2 hours 35 minutes,2022-03-08,Orlando,Detroit,957.0
F3521647,248,21:56,00:15,2 hours 19 minutes,2022-03-08,Orlando,Detroit,957.0
F3535236,318,08:24,10:51,2 hours 27 minutes,2022-03-08,Orlando,Detroit,957.0
F3560843,213,07:25,10:07,2 hours 42 minutes,2022-03-08,Orlando,Detroit,957.0
F3613088,457,15:29,18:06,2 hours 37 minutes,2022-03-08,Orlando,Detroit,957.0
F3613495,397,12:06,14:26,2 hours 20 minutes,2022-03-08,Orlando,Detroit,957.0
F3622626,421,05:14,07:41,2 hours 27 minutes,2022-03-08,Orlando,Detroit,957.0
F3623160,357,07:43,10:21,2 hours 38 minutes,2022-03-08,Orlando,Detroit,957.0
F3536347,306,12:32,14:22,2 hours 50 minutes,2022-03-03,Dallas,Salt Lake City,989.0
F3553010,444,07:40,09:10,2 hours 30 minutes,2022-03-03,Dallas,Salt Lake City,989.0
F3553480,272,14:44,16:20,2 hours 36 minutes,2022-03-03,Dallas,Salt Lake City,989.0
F3554872,347,18:28,20:10,2 hours 42 minutes,2022-03-03,Dallas,Salt Lake City,989.0
F3678365,388,11:19,12:55,2 hours 36 minutes,2022-03-03,Dallas,Salt Lake City,989.0
F3706629,465,13:02,14:39,2 hours 37 minutes,2022-03-03,Dallas,Salt Lake City,989.0
F3706691,436,08:53,10:44,2 hours 51 minutes,2022-03-03,Dallas,Salt Lake City,989.0
F3718322,298,17:03,18:42,2 hours 39 minutes,2022-03-03,Dallas,Salt Lake City,989.0
F3722226,332,20:56,22:32,2 hours 36 minutes,2022-03-03,Dallas,Salt Lake City,989.0
F3942077,225,08:35,10:20,2 hours 45 minutes,2022-03-03,Dallas,Salt Lake City,999.0
F3942078,283,14:48,16:37,2 hours 49 minutes,2022-03-03,Dallas,Salt Lake City,999.0
F3568191,251,16:37,19:43,2 hours 6 minutes,2022-03-25,New Orleans,Orlando,551.0
F3625843,259,18:29,20:58,1 hours 29 minutes,2022-03-25,New Orleans,Orlando,551.0
F4014206,269,18:26,20:52,1 hours 26 minutes,2022-03-25,New Orleans,Orlando,551.0
F4014207,247,04:59,07:27,1 hours 28 minutes,2022-03-25,New Orleans,Orlando,551.0
F4014208,119,11:47,14:10,1 hours 23 minutes,2022-03-25,New Orleans,Orlando,551.0
F3506779,214,18:01,20:38,2 hours 37 minutes,2022-03-04,Seattle,Los Angeles,954.0
F3526659,401,13:35,16:02,2 hours 27 minutes,2022-03-04,Seattle,Los Angeles,954.0
F3527330,303,11:52,14:27,2 hours 35 minutes,2022-03-04,Seattle,Los Angeles,954.0
F3527470,267,15:33,18:13,2 hours 40 minutes,2022-03-04,Seattle,Los Angeles,954.0
F3527803,195,09:52,12:35,2 hours 43 minutes,2022-03-04,Seattle,Los Angeles,954.0
F3554326,248,07:14,10:01,2 hours 47 minutes,2022-03-04,Seattle,Los Angeles,954.0
F3737967,419,06:54,09:33,2 hours 39 minutes,2022-03-04,Seattle,Los Angeles,954.0
F3737978,398,22:22,00:59,2 hours 37 minutes,2022-03-04,Seattle,Los Angeles,954.0
F3737980,451,07:55,10:45,2 hours 50 minutes,2022-03-04,Seattle,Los Angeles,954.0
F3737998,319,21:34,00:18,2 hours 44 minutes,2022-03-04,Seattle,Los Angeles,954.0
F3738006,253,15:30,18:13,2 hours 43 minutes,2022-03-04,Seattle,Los Angeles,954.0
F3738007,382,06:05,08:47,2 hours 42 minutes,2022-03-04,Seattle,Los Angeles,954.0
F3738225,201,17:48,20:35,2 hours 47 minutes,2022-03-04,Seattle,Los Angeles,954.0
F3738248,235,19:58,22:45,2 hours 47 minutes,2022-03-04,Seattle,Los Angeles,954.0
F3738310,198,11:56,14:45,2 hours 49 minutes,2022-03-04,Seattle,Los Angeles,954.0
F3804106,466,05:56,08:49,2 hours 53 minutes,2022-03-04,Seattle,Los Angeles,954.0
F3804126,204,16:26,19:04,2 hours 38 minutes,2022-03-04,Seattle,Los Angeles,954.0
F3824163,354,14:22,17:05,2 hours 43 minutes,2022-03-04,Seattle,Los Angeles,954.0
F3828104,19,23:49,00:29,0 hours 40 minutes,2022-03-06,Los Angeles,Santa Barbara,89.0
F3825479,99,18:40,19:40,1 hours 0 minutes,2022-03-08,Santa Barbara,San Francisco,262.0
F3841518,128,06:27,07:29,1 hours 2 minutes,2022-03-08,Santa Barbara,San Francisco,262.0
F3890982,128,14:06,15:11,1 hours 5 minutes,2022-03-08,Santa Barbara,San Francisco,262.0
F3500511,300,06:18,08:26,2 hours 8 minutes,2022-03-10,San Francisco,Seattle,679.0
F3741287,249,07:51,10:23,2 hours 32 minutes,2022-03-10,San Francisco,Seattle,679.0
F3741300,297,13:29,15:45,2 hours 16 minutes,2022-03-10,San Francisco,Seattle,679.0
F3741314,199,21:32,23:34,2 hours 2 minutes,2022-03-10,San Francisco,Seattle,679.0
F3741669,278,05:52,08:03,2 hours 11 minutes,2022-03-10,San Francisco,Seattle,679.0
F3741692,208,10:39,13:01,2 hours 22 minutes,2022-03-10,San Francisco,Seattle,679.0
F3741693,151,19:28,21:40,2 hours 12 minutes,2022-03-10,San Francisco,Seattle,679.0
F3741707,253,16:22,18:47,2 hours 25 minutes,2022-03-10,San Francisco,Seattle,679.0
F3741744,288,20:18,22:30,2 hours 12 minutes,2022-03-10,San Francisco,Seattle,679.0
F3741748,335,13:40,16:05,2 hours 25 minutes,2022-03-10,San Francisco,Seattle,679.0
F3781853,233,14:34,16:31,1 hours 57 minutes,2022-03-10,San Francisco,Seattle,679.0
F3830441,206,16:28,18:50,2 hours 22 minutes,2022-03-10,San Francisco,Seattle,679.0
F3832514,164,19:52,22:08,2 hours 16 minutes,2022-03-10,San Francisco,Seattle,679.0
F3849844,218,10:26,12:31,2 hours 5 minutes,2022-03-10,San Francisco,Seattle,679.0
F3887056,224,08:33,10:45,2 hours 12 minutes,2022-03-10,San Francisco,Seattle,679.0
F3887132,211,19:11,21:30,2 hours 19 minutes,2022-03-10,San Francisco,Seattle,679.0
F3887235,207,10:37,12:56,2 hours 19 minutes,2022-03-10,San Francisco,Seattle,679.0
F3888405,291,13:21,15:31,2 hours 10 minutes,2022-03-10,San Francisco,Seattle,679.0
F3888475,202,16:37,18:47,2 hours 10 minutes,2022-03-10,San Francisco,Seattle,679.0
F3521820,95,14:14,16:34,1 hours 20 minutes,2022-03-04,St. Louis,Detroit,440.0
F3549761,207,06:22,08:53,1 hours 31 minutes,2022-03-04,St. Louis,Detroit,440.0
F3834940,213,10:26,12:54,1 hours 28 minutes,2022-03-04,St. Louis,Detroit,440.0
F3851004,130,17:31,19:59,1 hours 28 minutes,2022-03-04,St. Louis,Detroit,440.0
F3970492,176,13:34,15:54,1 hours 20 minutes,2022-03-04,St. Louis,Detroit,440.0
F3970493,145,19:11,21:28,1 hours 17 minutes,2022-03-04,St. Louis,Detroit,440.0
F3831731,59,12:10,13:12,1 hours 2 minutes,2022-03-06,Detroit,Pellston,243.0
F3835261,67,20:44,21:49,1 hours 5 minutes,2022-03-06,Detroit,Pellston,243.0
F3669873,121,04:53,06:35,1 hours 42 minutes,2022-03-11,Tampa,Charlotte,507.0
F3670550,201,08:09,10:08,1 hours 59 minutes,2022-03-11,Tampa,Charlotte,507.0
F3674712,158,19:42,21:31,1 hours 49 minutes,2022-03-11,Tampa,Charlotte,507.0
F3675168,230,17:17,18:57,1 hours 40 minutes,2022-03-11,Tampa,Charlotte,507.0
F3679670,139,10:35,12:44,2 hours 9 minutes,2022-03-11,Tampa,Charlotte,507.0
F3680146,178,18:41,20:22,1 hours 41 minutes,2022-03-11,Tampa,Charlotte,507.0
F3705298,106,06:05,07:44,1 hours 39 minutes,2022-03-11,Tampa,Charlotte,507.0
F3635130,76,07:21,08:28,1 hours 7 minutes,2022-03-13,Charlotte,Wilmington,185.0
F3666311,83,12:51,13:37,0 hours 46 minutes,2022-03-13,Charlotte,Wilmington,185.0
F3783486,86,09:18,10:33,1 hours 15 minutes,2022-03-13,Charlotte,Wilmington,185.0
F3786861,39,14:29,15:29,1 hours 0 minutes,2022-03-13,Charlotte,Wilmington,185.0
F4050361,89,16:43,17:43,1 hours 0 minutes,2022-03-13,Charlotte,Wilmington,185.0
F4056587,46,22:21,23:29,1 hours 8 minutes,2022-03-13,Charlotte,Wilmington,185.0
F4061639,73,18:10,19:01,0 hours 51 minutes,2022-03-13,Charlotte,Wilmington,185.0
F3499799,963,22:16,00:21,5 hours 5 minutes,2022-03-18,Atlanta,Sacramento,2092.0
F3527031,453,08:56,10:53,4 hours 57 minutes,2022-03-18,Atlanta,Sacramento,2092.0
F3819809,61,12:33,13:33,1 hours 0 minutes,2022-03-22,Fresno,Los Angeles,209.0
F3824729,75,05:59,07:03,1 hours 4 minutes,2022-03-22,Fresno,Los Angeles,209.0
F3844430,76,10:24,11:29,1 hours 5 minutes,2022-03-22,Fresno,Los Angeles,209.0
F3487933,689,17:29,00:30,4 hours 1 minutes,2022-03-24,Los Angeles,Atlanta,1947.0
F3490035,765,09:00,16:09,4 hours 9 minutes,2022-03-24,Los Angeles,Atlanta,1947.0
F3506673,695,01:00,08:27,4 hours 27 minutes,2022-03-24,Los Angeles,Atlanta,1947.0
F3507389,940,06:08,13:21,4 hours 13 minutes,2022-03-24,Los Angeles,Atlanta,1947.0
F3539574,522,13:03,20:14,4 hours 11 minutes,2022-03-24,Los Angeles,Atlanta,1947.0
F3613265,820,22:44,05:56,4 hours 12 minutes,2022-03-24,Los Angeles,Atlanta,1947.0
F3626518,888,17:36,00:42,4 hours 6 minutes,2022-03-24,Los Angeles,Atlanta,1947.0
F3698085,609,11:10,18:25,4 hours 15 minutes,2022-03-24,Los Angeles,Atlanta,1947.0
F3778079,784,22:24,05:22,3 hours 58 minutes,2022-03-24,Los Angeles,Atlanta,1947.0
F3778405,796,10:36,17:49,4 hours 13 minutes,2022-03-24,Los Angeles,Atlanta,1947.0
F3778628,847,15:09,22:19,4 hours 10 minutes,2022-03-24,Los Angeles,Atlanta,1947.0
F3779840,855,13:34,20:41,4 hours 7 minutes,2022-03-24,Los Angeles,Atlanta,1947.0
F3779902,555,07:11,14:23,4 hours 12 minutes,2022-03-24,Los Angeles,Atlanta,1947.0
F3780892,545,23:58,06:56,3 hours 58 minutes,2022-03-24,Los Angeles,Atlanta,1947.0
F3748894,1099,17:05,19:52,5 hours 47 minutes,2022-03-22,Washington,San Francisco,2442.0
F3894716,806,17:55,20:11,5 hours 16 minutes,2022-03-22,Washington,San Francisco,2419.0
F3895315,852,11:03,13:32,5 hours 29 minutes,2022-03-22,Washington,San Francisco,2419.0
F3895411,762,21:58,00:30,5 hours 32 minutes,2022-03-22,Washington,San Francisco,2419.0
F3896065,1090,08:26,10:46,5 hours 20 minutes,2022-03-22,Washington,San Francisco,2419.0
F3896125,862,19:13,21:46,5 hours 33 minutes,2022-03-22,Washington,San Francisco,2442.0
F3896186,1113,06:19,09:16,5 hours 57 minutes,2022-03-22,Washington,San Francisco,2419.0
F3749862,112,19:17,20:33,1 hours 16 minutes,2022-03-24,San Francisco,Los Angeles,337.0
F3749863,72,08:12,09:58,1 hours 46 minutes,2022-03-24,San Francisco,Los Angeles,337.0
F3765334,83,20:05,21:25,1 hours 20 minutes,2022-03-24,San Francisco,Los Angeles,337.0
F3805233,162,08:00,09:21,1 hours 21 minutes,2022-03-24,San Francisco,Los Angeles,337.0
F3806505,130,17:09,18:39,1 hours 30 minutes,2022-03-24,San Francisco,Los Angeles,337.0
F3806570,135,05:59,07:15,1 hours 16 minutes,2022-03-24,San Francisco,Los Angeles,337.0
F3806622,74,08:23,09:41,1 hours 18 minutes,2022-03-24,San Francisco,Los Angeles,337.0
F3806643,111,12:54,14:17,1 hours 23 minutes,2022-03-24,San Francisco,Los Angeles,337.0
F3806712,102,10:47,12:13,1 hours 26 minutes,2022-03-24,San Francisco,Los Angeles,337.0
F3807000,76,14:53,16:05,1 hours 12 minutes,2022-03-24,San Francisco,Los Angeles,337.0
F3814421,142,11:46,13:00,1 hours 14 minutes,2022-03-24,San Francisco,Los Angeles,337.0
F3814432,157,19:00,20:21,1 hours 21 minutes,2022-03-24,San Francisco,Los Angeles,337.0
F3819633,118,22:55,00:18,1 hours 23 minutes,2022-03-24,San Francisco,Los Angeles,337.0
F3819634,103,17:18,18:43,1 hours 25 minutes,2022-03-24,San Francisco,Los Angeles,337.0
F3819642,112,05:53,07:10,1 hours 17 minutes,2022-03-24,San Francisco,Los Angeles,337.0
F3820255,167,10:00,11:21,1 hours 21 minutes,2022-03-24,San Francisco,Los Angeles,337.0
F3820308,97,16:24,17:50,1 hours 26 minutes,2022-03-24,San Francisco,Los Angeles,337.0
F3820325,106,20:11,21:33,1 hours 22 minutes,2022-03-24,San Francisco,Los Angeles,337.0
F3820368,88,13:23,14:51,1 hours 28 minutes,2022-03-24,San Francisco,Los Angeles,337.0
F3884454,95,22:40,00:03,1 hours 23 minutes,2022-03-24,San Francisco,Los Angeles,337.0
F3884492,120,08:31,10:05,1 hours 34 minutes,2022-03-24,San Francisco,Los Angeles,337.0
F3884504,102,05:46,07:12,1 hours 26 minutes,2022-03-24,San Francisco,Los Angeles,337.0
F3884805,97,13:24,14:37,1 hours 13 minutes,2022-03-24,San Francisco,Los Angeles,337.0
F3884938,124,16:12,17:34,1 hours 22 minutes,2022-03-24,San Francisco,Los Angeles,337.0
F3885754,130,19:16,20:37,1 hours 21 minutes,2022-03-24,San Francisco,Los Angeles,337.0
F3885825,103,10:35,12:03,1 hours 28 minutes,2022-03-24,San Francisco,Los Angeles,337.0
F4011419,129,15:18,16:24,1 hours 6 minutes,2022-03-24,San Francisco,Los Angeles,337.0
F4011420,73,05:58,07:10,1 hours 12 minutes,2022-03-24,San Francisco,Los Angeles,337.0
F4011421,108,19:42,20:46,1 hours 4 minutes,2022-03-24,San Francisco,Los Angeles,337.0
F3829897,47,19:23,20:12,0 hours 49 minutes,2022-03-26,Los Angeles,San Diego,109.0
F3854507,37,22:33,23:31,0 hours 58 minutes,2022-03-26,Los Angeles,San Diego,109.0
F3871536,648,13:09,21:15,5 hours 6 minutes,2022-03-28,San Diego,Washington,2253.0
F3872652,806,08:00,15:56,4 hours 56 minutes,2022-03-28,San Diego,Washington,2253.0
F3632044,35,12:44,13:33,0 hours 49 minutes,2022-03-18,Asheville,Charlotte,91.0
F3632259,29,08:53,09:54,1 hours 1 minutes,2022-03-18,Asheville,Charlotte,91.0
F3632285,30,19:29,20:28,0 hours 59 minutes,2022-03-18,Asheville,Charlotte,91.0
F3788272,23,05:15,06:05,0 hours 50 minutes,2022-03-18,Asheville,Charlotte,91.0
F3792064,35,05:55,06:37,0 hours 42 minutes,2022-03-18,Asheville,Charlotte,91.0
F3792645,37,18:09,18:59,0 hours 50 minutes,2022-03-18,Asheville,Charlotte,91.0
F3631990,64,21:48,22:42,0 hours 54 minutes,2022-03-20,Charlotte,Augusta,140.0
F3730234,28,18:16,19:16,1 hours 0 minutes,2022-03-20,Charlotte,Augusta,140.0
F3733195,42,12:47,13:46,0 hours 59 minutes,2022-03-20,Charlotte,Augusta,140.0
F3735964,29,16:19,17:19,1 hours 0 minutes,2022-03-20,Charlotte,Augusta,140.0
F3794301,45,09:25,10:29,1 hours 4 minutes,2022-03-20,Charlotte,Augusta,140.0
F3814371,33,11:59,12:48,0 hours 49 minutes,2022-03-27,Yuma,Phoenix,160.0
F4044243,75,08:50,09:32,0 hours 42 minutes,2022-03-27,Yuma,Phoenix,160.0
F4047029,47,16:29,17:21,0 hours 52 minutes,2022-03-27,Yuma,Phoenix,160.0
F4047283,78,05:27,06:19,0 hours 52 minutes,2022-03-27,Yuma,Phoenix,160.0
F3569728,132,10:03,11:15,1 hours 12 minutes,2022-03-29,Phoenix,San Diego,304.0
F3662541,147,16:57,18:00,1 hours 3 minutes,2022-03-29,Phoenix,San Diego,304.0
F3694400,79,07:29,08:49,1 hours 20 minutes,2022-03-29,Phoenix,San Diego,304.0
F3694493,138,13:39,14:41,1 hours 2 minutes,2022-03-29,Phoenix,San Diego,304.0
F3696858,94,10:36,11:56,1 hours 20 minutes,2022-03-29,Phoenix,San Diego,304.0
F3951048,98,16:28,17:24,0 hours 56 minutes,2022-03-29,Phoenix,San Diego,304.0
F3962456,138,17:37,18:37,1 hours 0 minutes,2022-03-29,Phoenix,San Diego,304.0
F3962457,114,18:49,19:48,0 hours 59 minutes,2022-03-29,Phoenix,San Diego,304.0
F3962458,139,14:25,15:30,1 hours 5 minutes,2022-03-29,Phoenix,San Diego,304.0
F3962459,148,22:46,00:09,1 hours 23 minutes,2022-03-29,Phoenix,San Diego,304.0
F3962460,68,06:57,07:59,1 hours 2 minutes,2022-03-29,Phoenix,San Diego,304.0
F3962461,64,08:08,09:19,1 hours 11 minutes,2022-03-29,Phoenix,San Diego,304.0
F3962462,91,12:15,13:15,1 hours 0 minutes,2022-03-29,Phoenix,San Diego,304.0
F3962464,107,09:00,10:12,1 hours 12 minutes,2022-03-29,Phoenix,San Diego,304.0
F3589739,36,13:49,14:36,0 hours 47 minutes,2022-03-14,Longview,Dallas,140.0
F3602878,59,06:27,07:31,1 hours 4 minutes,2022-03-14,Longview,Dallas,140.0
F3816088,188,13:21,16:38,2 hours 17 minutes,2022-03-16,Dallas,South Bend,846.0
F3816179,297,18:54,22:17,2 hours 23 minutes,2022-03-16,Dallas,South Bend,846.0
F4044242,63,08:59,09:43,0 hours 44 minutes,2022-03-26,Yuma,Phoenix,160.0
F4047028,35,16:30,17:26,0 hours 56 minutes,2022-03-26,Yuma,Phoenix,160.0
F4047282,70,05:23,06:26,1 hours 3 minutes,2022-03-26,Yuma,Phoenix,160.0
F3693832,34,09:59,10:46,0 hours 47 minutes,2022-03-28,Phoenix,Tucson,110.0
F3695735,45,14:55,15:36,0 hours 41 minutes,2022-03-28,Phoenix,Tucson,110.0
F3813401,34,17:31,18:30,0 hours 59 minutes,2022-03-28,Phoenix,Tucson,110.0
F3814778,38,18:50,19:34,0 hours 44 minutes,2022-03-28,Phoenix,Tucson,110.0
F3814921,31,20:16,21:03,0 hours 47 minutes,2022-03-28,Phoenix,Tucson,110.0
F4045748,50,07:38,08:21,0 hours 43 minutes,2022-03-28,Phoenix,Tucson,110.0
F3929408,88,07:20,08:52,1 hours 32 minutes,2022-03-09,Texarkana,Houston,252.0
F3667569,47,09:22,10:26,1 hours 4 minutes,2022-03-11,Houston,Dallas,224.0
F3673858,101,07:53,09:10,1 hours 17 minutes,2022-03-11,Houston,Dallas,224.0
F3718957,99,12:10,13:20,1 hours 10 minutes,2022-03-11,Houston,Dallas,224.0
F3719071,66,16:49,18:02,1 hours 13 minutes,2022-03-11,Houston,Dallas,224.0
F3723234,94,10:20,12:03,1 hours 43 minutes,2022-03-11,Houston,Dallas,224.0
F3723626,83,21:00,22:07,1 hours 7 minutes,2022-03-11,Houston,Dallas,224.0
F3723677,110,04:59,05:57,0 hours 58 minutes,2022-03-11,Houston,Dallas,224.0
F3723730,80,14:34,15:52,1 hours 18 minutes,2022-03-11,Houston,Dallas,224.0
F3726142,61,06:54,08:01,1 hours 7 minutes,2022-03-11,Houston,Dallas,224.0
F3826124,85,10:02,11:47,1 hours 45 minutes,2022-03-11,Houston,Dallas,224.0
F3826125,77,12:09,13:38,1 hours 29 minutes,2022-03-11,Houston,Dallas,224.0
F3879110,101,14:21,15:26,1 hours 5 minutes,2022-03-11,Houston,Dallas,224.0
F3879599,101,20:48,22:14,1 hours 26 minutes,2022-03-11,Houston,Dallas,224.0
F3879784,62,18:47,20:06,1 hours 19 minutes,2022-03-11,Houston,Dallas,224.0
F3944999,112,07:10,08:07,0 hours 57 minutes,2022-03-11,Houston,Dallas,239.0
F3945000,99,08:36,10:07,1 hours 31 minutes,2022-03-11,Houston,Dallas,239.0
F3945001,113,10:52,12:09,1 hours 17 minutes,2022-03-11,Houston,Dallas,239.0
F3945002,54,12:37,13:34,0 hours 57 minutes,2022-03-11,Houston,Dallas,239.0
F3945003,111,15:32,16:42,1 hours 10 minutes,2022-03-11,Houston,Dallas,239.0
F3945004,56,16:53,18:12,1 hours 19 minutes,2022-03-11,Houston,Dallas,239.0
F3945005,70,19:16,20:18,1 hours 2 minutes,2022-03-11,Houston,Dallas,239.0
F3945006,72,22:54,23:56,1 hours 2 minutes,2022-03-11,Houston,Dallas,239.0
F3945007,100,06:09,07:04,0 hours 55 minutes,2022-03-11,Houston,Dallas,239.0
F3945114,101,18:46,20:08,1 hours 22 minutes,2022-03-11,Houston,Dallas,216.0
F3945115,105,05:41,06:31,0 hours 50 minutes,2022-03-11,Houston,Dallas,216.0
F3945116,97,13:34,14:44,1 hours 10 minutes,2022-03-11,Houston,Dallas,216.0
F3945117,52,08:10,09:20,1 hours 10 minutes,2022-03-11,Houston,Dallas,216.0
F3945118,107,23:02,00:31,1 hours 29 minutes,2022-03-11,Houston,Dallas,216.0
F3945119,83,19:10,20:28,1 hours 18 minutes,2022-03-11,Houston,Dallas,216.0
F4042791,47,19:47,20:51,1 hours 4 minutes,2022-03-11,Houston,Dallas,224.0
F4044027,61,06:15,07:29,1 hours 14 minutes,2022-03-11,Houston,Dallas,247.0
F4045197,59,04:53,06:17,1 hours 24 minutes,2022-03-11,Houston,Dallas,247.0
F4045582,62,12:37,13:58,1 hours 21 minutes,2022-03-11,Houston,Dallas,247.0
F4047206,79,17:17,18:32,1 hours 15 minutes,2022-03-11,Houston,Dallas,247.0
F4047579,74,10:25,11:30,1 hours 5 minutes,2022-03-11,Houston,Dallas,247.0
F3588843,99,18:27,19:29,1 hours 2 minutes,2022-03-13,Dallas,Fayetteville,280.0
F3591260,65,22:35,23:37,1 hours 2 minutes,2022-03-13,Dallas,Fayetteville,280.0
F3592114,113,20:33,21:45,1 hours 12 minutes,2022-03-13,Dallas,Fayetteville,280.0
F3604738,74,16:45,17:52,1 hours 7 minutes,2022-03-13,Dallas,Fayetteville,280.0
F3604818,97,09:36,10:44,1 hours 8 minutes,2022-03-13,Dallas,Fayetteville,280.0
F4044319,90,14:27,15:43,1 hours 16 minutes,2022-03-13,Dallas,Fayetteville,280.0
F4045442,451,13:18,16:51,2 hours 33 minutes,2022-03-13,Dallas,Fayetteville,1051.0
F3574314,203,09:13,10:15,2 hours 2 minutes,2022-03-13,Provo,Santa Ana,565.0
F4006930,83,20:02,21:14,1 hours 12 minutes,2022-03-16,Santa Ana,San Jose,342.0
F4006931,169,16:45,18:00,1 hours 15 minutes,2022-03-16,Santa Ana,San Jose,342.0
F4006932,121,13:30,14:46,1 hours 16 minutes,2022-03-16,Santa Ana,San Jose,342.0
F4006933,87,15:11,16:43,1 hours 32 minutes,2022-03-16,Santa Ana,San Jose,342.0
F4006934,135,06:54,08:15,1 hours 21 minutes,2022-03-16,Santa Ana,San Jose,342.0
F4006935,126,11:05,12:22,1 hours 17 minutes,2022-03-16,Santa Ana,San Jose,342.0
F4006936,70,17:53,19:05,1 hours 12 minutes,2022-03-16,Santa Ana,San Jose,342.0
F4006937,130,08:45,09:57,1 hours 12 minutes,2022-03-16,Santa Ana,San Jose,342.0
F4006938,117,10:09,11:21,1 hours 12 minutes,2022-03-16,Santa Ana,San Jose,342.0
F3497708,306,06:22,08:24,2 hours 2 minutes,2022-03-08,Harrisburg,Atlanta,620.0
F3529530,296,13:56,16:00,2 hours 4 minutes,2022-03-08,Harrisburg,Atlanta,620.0
F3594677,91,14:47,15:50,1 hours 3 minutes,2022-03-12,Mosinee,Chicago,213.0
F3597314,80,09:57,10:55,0 hours 58 minutes,2022-03-12,Mosinee,Chicago,213.0
F3594065,42,08:23,09:10,0 hours 47 minutes,2022-03-14,Chicago,Moline,139.0
F3594810,32,17:37,18:19,0 hours 42 minutes,2022-03-14,Chicago,Moline,139.0
F3821778,59,19:54,20:46,0 hours 52 minutes,2022-03-14,Chicago,Moline,139.0
F3926977,30,09:10,10:05,0 hours 55 minutes,2022-03-14,Chicago,Moline,139.0
