origin,destination,distance,duration
Sarasota,Chicago,"1,972 km",17 hours 55 mins
Sarasota,Chicago,"1,972 km",17 hours 55 mins
Chicago,Sarasota,"1,970 km",17 hours 56 mins
Chicago,Sarasota,"1,970 km",17 hours 56 mins
Washington,Tampa,"1,452 km",13 hours 15 mins
Washington,Tampa,"1,452 km",13 hours 15 mins
Tampa,Washington,"1,453 km",13 hours 15 mins
Tampa,Washington,"1,453 km",13 hours 15 mins
Charleston,St. Louis,"1,379 km",12 hours 43 mins
Charleston,St. Louis,"1,379 km",12 hours 43 mins
St. Louis,Charleston,"1,379 km",12 hours 43 mins
St. Louis,Charleston,"1,379 km",12 hours 43 mins
Jacksonville,Norfolk,986 km,8 hours 53 mins
Jacksonville,Norfolk,986 km,8 hours 53 mins
Norfolk,Jacksonville,986 km,8 hours 54 mins
Norfolk,Jacksonville,986 km,8 hours 54 mins
Phoenix,Billings,"1,946 km",18 hours 23 mins
Phoenix,Billings,"1,946 km",18 hours 23 mins
Billings,Phoenix,"1,951 km",18 hours 34 mins
Billings,Phoenix,"1,951 km",18 hours 34 mins
St. Louis,Oklahoma City,802 km,7 hours 17 mins
St. Louis,Oklahoma City,802 km,7 hours 17 mins
Oklahoma City,St. Louis,803 km,7 hours 19 mins
Oklahoma City,St. Louis,803 km,7 hours 19 mins
Denver,Medford,"2,017 km",19 hours 14 mins
Denver,Medford,"2,017 km",19 hours 14 mins
Medford,Denver,"2,019 km",19 hours 12 mins
Medford,Denver,"2,019 km",19 hours 12 mins
Charleston,New York,"1,220 km",11 hours 26 mins
Charleston,New York,"1,220 km",11 hours 26 mins
New York,Charleston,"1,228 km",11 hours 29 mins
New York,Charleston,"1,228 km",11 hours 29 mins
Dallas,Indianapolis,"1,447 km",13 hours 10 mins
Dallas,Indianapolis,"1,447 km",13 hours 10 mins
Indianapolis,Dallas,"1,432 km",13 hours 14 mins
Indianapolis,Dallas,"1,432 km",13 hours 14 mins
Chicago,Ogdensburg,"1,184 km",11 hours 9 mins
Chicago,Ogdensburg,"1,184 km",11 hours 9 mins
Ogdensburg,Chicago,"1,184 km",11 hours 12 mins
Ogdensburg,Chicago,"1,184 km",11 hours 12 mins
Long Beach,Dallas,"2,329 km",20 hours 57 mins
Long Beach,Dallas,"2,329 km",20 hours 57 mins
Dallas,Long Beach,"2,329 km",20 hours 58 mins
Dallas,Long Beach,"2,329 km",20 hours 58 mins
Huntsville,Indianapolis,640 km,6 hours 8 mins
Huntsville,Indianapolis,640 km,6 hours 8 mins
Indianapolis,Huntsville,648 km,6 hours 8 mins
Indianapolis,Huntsville,648 km,6 hours 8 mins
Bozeman,Los Angeles,"1,764 km",16 hours 8 mins
Bozeman,Los Angeles,"1,764 km",16 hours 8 mins
Los Angeles,Bozeman,"1,762 km",16 hours 3 mins
Los Angeles,Bozeman,"1,762 km",16 hours 3 mins
Baltimore,Milwaukee,"1,275 km",12 hours 2 mins
Baltimore,Milwaukee,"1,275 km",12 hours 2 mins
Milwaukee,Baltimore,"1,277 km",12 hours 8 mins
Milwaukee,Baltimore,"1,277 km",12 hours 8 mins
Punta Gorda,Plattsburgh,"2,451 km",22 hours 22 mins
Punta Gorda,Plattsburgh,"2,451 km",22 hours 22 mins
Plattsburgh,Punta Gorda,"2,460 km",22 hours 26 mins
Plattsburgh,Punta Gorda,"2,460 km",22 hours 26 mins
Appleton,Denver,"1,714 km",15 hours 37 mins
Appleton,Denver,"1,714 km",15 hours 37 mins
Denver,Appleton,"1,728 km",15 hours 36 mins
Denver,Appleton,"1,728 km",15 hours 36 mins
Little Rock,Phoenix,"2,087 km",18 hours 54 mins
Little Rock,Phoenix,"2,087 km",18 hours 54 mins
Phoenix,Little Rock,"2,090 km",18 hours 51 mins
Phoenix,Little Rock,"2,090 km",18 hours 51 mins
Savannah,Newark,"1,275 km",11 hours 47 mins
Savannah,Newark,"1,275 km",11 hours 47 mins
Newark,Savannah,"1,284 km",11 hours 52 mins
Newark,Savannah,"1,284 km",11 hours 52 mins
Dallas,Tallahassee,"1,338 km",12 hours 22 mins
Dallas,Tallahassee,"1,338 km",12 hours 22 mins
Tallahassee,Dallas,"1,346 km",12 hours 22 mins
Tallahassee,Dallas,"1,346 km",12 hours 22 mins
Myrtle Beach,Syracuse,"1,280 km",12 hours 16 mins
Myrtle Beach,Syracuse,"1,280 km",12 hours 16 mins
Syracuse,Myrtle Beach,"1,283 km",12 hours 27 mins
Syracuse,Myrtle Beach,"1,283 km",12 hours 27 mins
Wilmington,New York,949 km,9 hours 2 mins
Wilmington,New York,949 km,9 hours 2 mins
New York,Wilmington,959 km,9 hours 6 mins
New York,Wilmington,959 km,9 hours 6 mins
Baltimore,Milwaukee,"1,275 km",12 hours 2 mins
Baltimore,Milwaukee,"1,275 km",12 hours 2 mins
Milwaukee,Baltimore,"1,277 km",12 hours 8 mins
Milwaukee,Baltimore,"1,277 km",12 hours 8 mins
Tampa,Austin,"1,841 km",16 hours 23 mins
Tampa,Austin,"1,841 km",16 hours 23 mins
Austin,Tampa,"1,841 km",16 hours 24 mins
Austin,Tampa,"1,841 km",16 hours 24 mins
Charleston,St. Louis,"1,379 km",12 hours 43 mins
Charleston,St. Louis,"1,379 km",12 hours 43 mins
St. Louis,Charleston,"1,379 km",12 hours 43 mins
St. Louis,Charleston,"1,379 km",12 hours 43 mins
Miami,Des Moines,"2,523 km",22 hours 52 mins
Miami,Des Moines,"2,523 km",22 hours 52 mins
Des Moines,Miami,"2,517 km",22 hours 54 mins
Des Moines,Miami,"2,517 km",22 hours 54 mins
Atlanta,New Orleans,757 km,6 hours 43 mins
Atlanta,New Orleans,757 km,6 hours 43 mins
New Orleans,Atlanta,755 km,6 hours 43 mins
New Orleans,Atlanta,755 km,6 hours 43 mins
Belleville,Las Vegas,"2,595 km",23 hours 16 mins
Belleville,Las Vegas,"2,595 km",23 hours 16 mins
Las Vegas,Belleville,"2,594 km",23 hours 10 mins
Las Vegas,Belleville,"2,594 km",23 hours 10 mins
Dallas,Pensacola,"1,041 km",9 hours 45 mins
Dallas,Pensacola,"1,041 km",9 hours 45 mins
Pensacola,Dallas,"1,049 km",9 hours 44 mins
Pensacola,Dallas,"1,049 km",9 hours 44 mins
Salt Lake City,Fresno,"1,309 km",11 hours 44 mins
Salt Lake City,Fresno,"1,309 km",11 hours 44 mins
Fresno,Salt Lake City,"1,309 km",11 hours 47 mins
Fresno,Salt Lake City,"1,309 km",11 hours 47 mins
Houston,San Diego,"2,366 km",20 hours 58 mins
Houston,San Diego,"2,366 km",20 hours 58 mins
San Diego,Houston,"2,365 km",21 hours 3 mins
San Diego,Houston,"2,365 km",21 hours 3 mins
Minneapolis,Baltimore,"1,795 km",16 hours 36 mins
Minneapolis,Baltimore,"1,795 km",16 hours 36 mins
Baltimore,Minneapolis,"1,785 km",16 hours 36 mins
Baltimore,Minneapolis,"1,785 km",16 hours 36 mins
Kansas City,Newark,"1,901 km",17 hours 52 mins
Kansas City,Newark,"1,901 km",17 hours 52 mins
Newark,Kansas City,"1,900 km",17 hours 48 mins
Newark,Kansas City,"1,900 km",17 hours 48 mins
Atlanta,Minneapolis,"1,821 km",16 hours 26 mins
Atlanta,Minneapolis,"1,821 km",16 hours 26 mins
Minneapolis,Atlanta,"1,814 km",16 hours 20 mins
Minneapolis,Atlanta,"1,814 km",16 hours 20 mins
Moline,Dallas,"1,316 km",13 hours 3 mins
Moline,Dallas,"1,316 km",13 hours 3 mins
Dallas,Moline,"1,316 km",13 hours 4 mins
Dallas,Moline,"1,316 km",13 hours 4 mins
Phoenix,Des Moines,"2,249 km",21 hours 16 mins
Phoenix,Des Moines,"2,249 km",21 hours 16 mins
Des Moines,Phoenix,"2,252 km",21 hours 20 mins
Des Moines,Phoenix,"2,252 km",21 hours 20 mins
Scranton,Newark,179 km,1 hour 51 mins
Scranton,Newark,179 km,1 hour 51 mins
Newark,Scranton,179 km,1 hour 56 mins
Newark,Scranton,179 km,1 hour 56 mins
Houston,Punta Gorda,"1,732 km",15 hours 16 mins
Houston,Punta Gorda,"1,732 km",15 hours 16 mins
Punta Gorda,Houston,"1,733 km",15 hours 15 mins
Punta Gorda,Houston,"1,733 km",15 hours 15 mins
Gulfport,Charlotte,"1,037 km",9 hours 30 mins
Gulfport,Charlotte,"1,037 km",9 hours 30 mins
Charlotte,Gulfport,"1,036 km",9 hours 31 mins
Charlotte,Gulfport,"1,036 km",9 hours 31 mins
Raleigh,Dallas,"1,919 km",17 hours 22 mins
Raleigh,Dallas,"1,919 km",17 hours 22 mins
Dallas,Raleigh,"1,910 km",17 hours 23 mins
Dallas,Raleigh,"1,910 km",17 hours 23 mins
Kansas City,Orlando,"1,994 km",17 hours 58 mins
Kansas City,Orlando,"1,994 km",17 hours 58 mins
Orlando,Kansas City,"1,993 km",17 hours 52 mins
Orlando,Kansas City,"1,993 km",17 hours 52 mins
Tulsa,Phoenix,"1,714 km",15 hours 38 mins
Tulsa,Phoenix,"1,714 km",15 hours 38 mins
Phoenix,Tulsa,"1,714 km",15 hours 37 mins
Phoenix,Tulsa,"1,714 km",15 hours 37 mins
Tulsa,Houston,795 km,7 hours 26 mins
Tulsa,Houston,795 km,7 hours 26 mins
Houston,Tulsa,796 km,7 hours 26 mins
Houston,Tulsa,796 km,7 hours 26 mins
Everett,San Francisco,"1,345 km",12 hours 56 mins
Everett,San Francisco,"1,345 km",12 hours 56 mins
San Francisco,Everett,"1,345 km",12 hours 54 mins
San Francisco,Everett,"1,345 km",12 hours 54 mins
Gainesville,Charlotte,729 km,6 hours 44 mins
Gainesville,Charlotte,729 km,6 hours 44 mins
Charlotte,Gainesville,727 km,6 hours 41 mins
Charlotte,Gainesville,727 km,6 hours 41 mins
Los Angeles,Denver,"1,635 km",14 hours 52 mins
Los Angeles,Denver,"1,635 km",14 hours 52 mins
Denver,Los Angeles,"1,636 km",14 hours 58 mins
Denver,Los Angeles,"1,636 km",14 hours 58 mins
Los Angeles,Reno,761 km,7 hours 59 mins
Los Angeles,Reno,761 km,7 hours 59 mins
Reno,Los Angeles,831 km,7 hours 58 mins
Reno,Los Angeles,831 km,7 hours 58 mins
Knoxville,Denver,"2,145 km",19 hours 11 mins
Knoxville,Denver,"2,145 km",19 hours 11 mins
Denver,Knoxville,"2,149 km",19 hours 11 mins
Denver,Knoxville,"2,149 km",19 hours 11 mins
Boston,Washington,709 km,7 hours 12 mins
Boston,Washington,709 km,7 hours 12 mins
Washington,Boston,704 km,7 hours 12 mins
Washington,Boston,704 km,7 hours 12 mins
Ithaca,Philadelphia,369 km,3 hours 52 mins
Ithaca,Philadelphia,369 km,3 hours 52 mins
Philadelphia,Ithaca,369 km,3 hours 54 mins
Philadelphia,Ithaca,369 km,3 hours 54 mins
Denver,Oakland,"2,004 km",18 hours 23 mins
Denver,Oakland,"2,004 km",18 hours 23 mins
Oakland,Denver,"2,006 km",18 hours 19 mins
Oakland,Denver,"2,006 km",18 hours 19 mins
Bangor,Newark,729 km,7 hours 5 mins
Bangor,Newark,729 km,7 hours 5 mins
Newark,Bangor,726 km,7 hours 3 mins
Newark,Bangor,726 km,7 hours 3 mins
Minneapolis,Jacksonville,"2,370 km",21 hours 14 mins
Minneapolis,Jacksonville,"2,370 km",21 hours 14 mins
Jacksonville,Minneapolis,"2,377 km",21 hours 20 mins
Jacksonville,Minneapolis,"2,377 km",21 hours 20 mins
Panama City,Chicago,"1,488 km",14 hours 25 mins
Panama City,Chicago,"1,488 km",14 hours 25 mins
Chicago,Panama City,"1,492 km",14 hours 23 mins
Chicago,Panama City,"1,492 km",14 hours 23 mins
Washington,Cleveland,592 km,5 hours 55 mins
Washington,Cleveland,592 km,5 hours 55 mins
Cleveland,Washington,593 km,6 hours 7 mins
Cleveland,Washington,593 km,6 hours 7 mins
Myrtle Beach,Fort Lauderdale,"1,102 km",10 hours 4 mins
Myrtle Beach,Fort Lauderdale,"1,102 km",10 hours 4 mins
Fort Lauderdale,Myrtle Beach,"1,099 km",10 hours 3 mins
Fort Lauderdale,Myrtle Beach,"1,099 km",10 hours 3 mins
Charleston,Cincinnati,"1,000 km",9 hours 23 mins
Charleston,Cincinnati,"1,000 km",9 hours 23 mins
Cincinnati,Charleston,"1,000 km",9 hours 20 mins
Cincinnati,Charleston,"1,000 km",9 hours 20 mins
Nashville,Austin,"1,383 km",12 hours 33 mins
Nashville,Austin,"1,383 km",12 hours 33 mins
Austin,Nashville,"1,382 km",12 hours 31 mins
Austin,Nashville,"1,382 km",12 hours 31 mins
Las Vegas,Minneapolis,"2,667 km",23 hours 37 mins
Las Vegas,Minneapolis,"2,667 km",23 hours 37 mins
Minneapolis,Las Vegas,"2,669 km",23 hours 40 mins
Minneapolis,Las Vegas,"2,669 km",23 hours 40 mins
Pensacola,Dallas,"1,049 km",9 hours 44 mins
Pensacola,Dallas,"1,049 km",9 hours 44 mins
Dallas,Pensacola,"1,041 km",9 hours 45 mins
Dallas,Pensacola,"1,041 km",9 hours 45 mins
New Orleans,Houston,560 km,5 hours 12 mins
New Orleans,Houston,560 km,5 hours 12 mins
Houston,New Orleans,559 km,5 hours 10 mins
Houston,New Orleans,559 km,5 hours 10 mins
Fort Lauderdale,Kansas City,"2,319 km",20 hours 45 mins
Fort Lauderdale,Kansas City,"2,319 km",20 hours 45 mins
Kansas City,Fort Lauderdale,"2,317 km",20 hours 48 mins
Kansas City,Fort Lauderdale,"2,317 km",20 hours 48 mins
Charlotte,Akron,771 km,7 hours 16 mins
Charlotte,Akron,771 km,7 hours 16 mins
Akron,Charlotte,771 km,7 hours 13 mins
Akron,Charlotte,771 km,7 hours 13 mins
Tampa,Cleveland,"1,760 km",16 hours 15 mins
Tampa,Cleveland,"1,760 km",16 hours 15 mins
Cleveland,Tampa,"1,758 km",16 hours 12 mins
Cleveland,Tampa,"1,758 km",16 hours 12 mins
San Luis Obispo,Phoenix,907 km,8 hours 41 mins
San Luis Obispo,Phoenix,907 km,8 hours 41 mins
Phoenix,San Luis Obispo,905 km,8 hours 40 mins
Phoenix,San Luis Obispo,905 km,8 hours 40 mins
Washington,Montgomery,"1,287 km",11 hours 52 mins
Washington,Montgomery,"1,287 km",11 hours 52 mins
Montgomery,Washington,"1,286 km",11 hours 54 mins
Montgomery,Washington,"1,286 km",11 hours 54 mins
Chicago,El Paso,"2,393 km",21 hours 52 mins
Chicago,El Paso,"2,393 km",21 hours 52 mins
El Paso,Chicago,"2,390 km",21 hours 50 mins
El Paso,Chicago,"2,390 km",21 hours 50 mins
San Antonio,Tampa,"1,892 km",16 hours 50 mins
San Antonio,Tampa,"1,892 km",16 hours 50 mins
Tampa,San Antonio,"1,892 km",16 hours 48 mins
Tampa,San Antonio,"1,892 km",16 hours 48 mins
Atlantic City,Miami,"2,004 km",18 hours 7 mins
Atlantic City,Miami,"2,004 km",18 hours 7 mins
Miami,Atlantic City,"1,997 km",17 hours 59 mins
Miami,Atlantic City,"1,997 km",17 hours 59 mins
Oakland,Eugene,840 km,8 hours 3 mins
Oakland,Eugene,840 km,8 hours 3 mins
Eugene,Oakland,843 km,8 hours 4 mins
Eugene,Oakland,843 km,8 hours 4 mins
Newburgh,Tampa,"1,917 km",17 hours 42 mins
Newburgh,Tampa,"1,917 km",17 hours 42 mins
Tampa,Newburgh,"1,909 km",17 hours 36 mins
Tampa,Newburgh,"1,909 km",17 hours 36 mins
Grand Rapids,Tampa,"2,005 km",18 hours 14 mins
Grand Rapids,Tampa,"2,005 km",18 hours 14 mins
Tampa,Grand Rapids,"2,004 km",18 hours 13 mins
Tampa,Grand Rapids,"2,004 km",18 hours 13 mins
Chattanooga,Atlanta,190 km,1 hour 48 mins
Chattanooga,Atlanta,190 km,1 hour 48 mins
Atlanta,Chattanooga,190 km,1 hour 47 mins
Atlanta,Chattanooga,190 km,1 hour 47 mins
Detroit,Mosinee,894 km,8 hours 7 mins
Detroit,Mosinee,894 km,8 hours 7 mins
Mosinee,Detroit,892 km,8 hours 2 mins
Mosinee,Detroit,892 km,8 hours 2 mins
Bangor,Chicago,"1,949 km",17 hours 56 mins
Bangor,Chicago,"1,949 km",17 hours 56 mins
Chicago,Bangor,"1,947 km",17 hours 53 mins
Chicago,Bangor,"1,947 km",17 hours 53 mins
Philadelphia,Cleveland,694 km,6 hours 40 mins
Philadelphia,Cleveland,694 km,6 hours 40 mins
Cleveland,Philadelphia,693 km,6 hours 38 mins
Cleveland,Philadelphia,693 km,6 hours 38 mins
Hilton Head,Philadelphia,"1,142 km",10 hours 39 mins
Hilton Head,Philadelphia,"1,142 km",10 hours 39 mins
Philadelphia,Hilton Head,"1,149 km",10 hours 44 mins
Philadelphia,Hilton Head,"1,149 km",10 hours 44 mins
Salt Lake City,San Jose,"1,237 km",11 hours 20 mins
Salt Lake City,San Jose,"1,237 km",11 hours 20 mins
San Jose,Salt Lake City,"1,236 km",11 hours 16 mins
San Jose,Salt Lake City,"1,236 km",11 hours 16 mins
Midland,Las Vegas,"1,573 km",14 hours 18 mins
Midland,Las Vegas,"1,573 km",14 hours 18 mins
Las Vegas,Midland,"1,573 km",14 hours 20 mins
Las Vegas,Midland,"1,573 km",14 hours 20 mins
Raleigh,Tampa,"1,048 km",9 hours 34 mins
Raleigh,Tampa,"1,048 km",9 hours 34 mins
Tampa,Raleigh,"1,046 km",9 hours 31 mins
Tampa,Raleigh,"1,046 km",9 hours 31 mins
Plattsburgh,Fort Lauderdale,"2,515 km",22 hours 40 mins
Plattsburgh,Fort Lauderdale,"2,515 km",22 hours 40 mins
Fort Lauderdale,Plattsburgh,"2,504 km",22 hours 33 mins
Fort Lauderdale,Plattsburgh,"2,504 km",22 hours 33 mins
San Jose,Las Vegas,849 km,8 hours 5 mins
San Jose,Las Vegas,849 km,8 hours 5 mins
Las Vegas,San Jose,847 km,8 hours 4 mins
Las Vegas,San Jose,847 km,8 hours 4 mins
Dallas,Boise,"2,592 km",23 hours 37 mins
Dallas,Boise,"2,592 km",23 hours 37 mins
Boise,Dallas,"2,561 km",23 hours 36 mins
Boise,Dallas,"2,561 km",23 hours 36 mins
Traverse City,New York,"1,372 km",12 hours 57 mins
Traverse City,New York,"1,372 km",12 hours 57 mins
New York,Traverse City,"1,372 km",12 hours 57 mins
New York,Traverse City,"1,372 km",12 hours 57 mins
Charleston,Cincinnati,"1,000 km",9 hours 23 mins
Charleston,Cincinnati,"1,000 km",9 hours 23 mins
Cincinnati,Charleston,"1,000 km",9 hours 20 mins
Cincinnati,Charleston,"1,000 km",9 hours 20 mins
Cincinnati,Norfolk,974 km,9 hours 33 mins
Cincinnati,Norfolk,974 km,9 hours 33 mins
Norfolk,Cincinnati,976 km,9 hours 32 mins
Norfolk,Cincinnati,976 km,9 hours 32 mins
New York,Charlottesville,550 km,5 hours 46 mins
New York,Charlottesville,550 km,5 hours 46 mins
Charlottesville,New York,549 km,5 hours 46 mins
Charlottesville,New York,549 km,5 hours 46 mins
Washington,Traverse City,"1,221 km",11 hours 36 mins
Washington,Traverse City,"1,221 km",11 hours 36 mins
Traverse City,Washington,"1,221 km",11 hours 50 mins
Traverse City,Washington,"1,221 km",11 hours 50 mins
Pensacola,Kansas City,"1,447 km",14 hours 0 mins
Pensacola,Kansas City,"1,447 km",14 hours 0 mins
Kansas City,Pensacola,"1,433 km",14 hours 4 mins
Kansas City,Pensacola,"1,433 km",14 hours 4 mins
Los Angeles,Colorado Springs,"1,742 km",15 hours 46 mins
Los Angeles,Colorado Springs,"1,742 km",15 hours 46 mins
Colorado Springs,Los Angeles,"1,744 km",15 hours 51 mins
Colorado Springs,Los Angeles,"1,744 km",15 hours 51 mins
Savannah,Indianapolis,"1,240 km",11 hours 30 mins
Savannah,Indianapolis,"1,240 km",11 hours 30 mins
Indianapolis,Savannah,"1,242 km",11 hours 31 mins
Indianapolis,Savannah,"1,242 km",11 hours 31 mins
Orlando,Columbus,"1,524 km",14 hours 0 mins
Orlando,Columbus,"1,524 km",14 hours 0 mins
Columbus,Orlando,"1,526 km",14 hours 6 mins
Columbus,Orlando,"1,526 km",14 hours 6 mins
Punta Gorda,Appleton,"2,363 km",21 hours 19 mins
Punta Gorda,Appleton,"2,363 km",21 hours 19 mins
Appleton,Punta Gorda,"2,360 km",21 hours 18 mins
Appleton,Punta Gorda,"2,360 km",21 hours 18 mins
Rochester,Fort Lauderdale,"2,285 km",20 hours 51 mins
Rochester,Fort Lauderdale,"2,285 km",20 hours 51 mins
Fort Lauderdale,Rochester,"2,276 km",20 hours 40 mins
Fort Lauderdale,Rochester,"2,276 km",20 hours 40 mins
Omaha,Las Vegas,"2,067 km",18 hours 19 mins
Omaha,Las Vegas,"2,067 km",18 hours 19 mins
Las Vegas,Omaha,"2,065 km",18 hours 14 mins
Las Vegas,Omaha,"2,065 km",18 hours 14 mins
Cincinnati,Houston,"1,688 km",15 hours 49 mins
Cincinnati,Houston,"1,688 km",15 hours 49 mins
Houston,Dallas,385 km,3 hours 27 mins
Houston,Dallas,385 km,3 hours 27 mins
Dallas,Cincinnati,"1,501 km",13 hours 40 mins
Dallas,Cincinnati,"1,501 km",13 hours 40 mins
Sioux Falls,Gainesville,"2,405 km",21 hours 45 mins
Sioux Falls,Gainesville,"2,405 km",21 hours 45 mins
Gainesville,Orlando,181 km,1 hour 46 mins
Gainesville,Orlando,181 km,1 hour 46 mins
Orlando,Sioux Falls,"2,576 km",23 hours 2 mins
Orlando,Sioux Falls,"2,576 km",23 hours 2 mins
San Antonio,San Diego,"2,052 km",18 hours 10 mins
San Antonio,San Diego,"2,052 km",18 hours 10 mins
San Diego,Los Angeles,194 km,2 hours 0 mins
San Diego,Los Angeles,194 km,2 hours 0 mins
Los Angeles,San Antonio,"2,175 km",19 hours 28 mins
Los Angeles,San Antonio,"2,175 km",19 hours 28 mins
Providence,Wilmington,"1,247 km",11 hours 59 mins
Providence,Wilmington,"1,247 km",11 hours 59 mins
Wilmington,Fayetteville,149 km,1 hour 43 mins
Wilmington,Fayetteville,149 km,1 hour 43 mins
Fayetteville,Providence,"1,163 km",11 hours 10 mins
Fayetteville,Providence,"1,163 km",11 hours 10 mins
San Diego,Los Angeles,194 km,2 hours 0 mins
San Diego,Los Angeles,194 km,2 hours 0 mins
Amarillo,Dallas,589 km,5 hours 30 mins
Amarillo,Dallas,589 km,5 hours 30 mins
Dallas,Houston,385 km,3 hours 29 mins
Dallas,Houston,385 km,3 hours 29 mins
Houston,Amarillo,965 km,8 hours 50 mins
Houston,Amarillo,965 km,8 hours 50 mins
Sioux Falls,Phoenix,"2,279 km",21 hours 58 mins
Sioux Falls,Phoenix,"2,279 km",21 hours 58 mins
Phoenix,Flagstaff,232 km,2 hours 15 mins
Phoenix,Flagstaff,232 km,2 hours 15 mins
Flagstaff,Sioux Falls,"2,086 km",19 hours 57 mins
Flagstaff,Sioux Falls,"2,086 km",19 hours 57 mins
Houston,San Antonio,317 km,2 hours 56 mins
Houston,San Antonio,317 km,2 hours 56 mins
Charlotte,Houston,"1,668 km",15 hours 8 mins
Charlotte,Houston,"1,668 km",15 hours 8 mins
Houston,Dallas,385 km,3 hours 27 mins
Houston,Dallas,385 km,3 hours 27 mins
Dallas,Charlotte,"1,651 km",15 hours 2 mins
Dallas,Charlotte,"1,651 km",15 hours 2 mins
Tampa,Grand Rapids,"2,004 km",18 hours 13 mins
Tampa,Grand Rapids,"2,004 km",18 hours 13 mins
Grand Rapids,Detroit,253 km,2 hours 20 mins
Grand Rapids,Detroit,253 km,2 hours 20 mins
Detroit,Tampa,"1,896 km",17 hours 1 min
Detroit,Tampa,"1,896 km",17 hours 1 min
Dallas,Kansas City,818 km,7 hours 56 mins
Dallas,Kansas City,818 km,7 hours 56 mins
Kansas City,St. Louis,399 km,3 hours 42 mins
Kansas City,St. Louis,399 km,3 hours 42 mins
St. Louis,Dallas,"1,014 km",9 hours 44 mins
St. Louis,Dallas,"1,014 km",9 hours 44 mins
Trenton,Fort Myers,"1,922 km",17 hours 39 mins
Trenton,Fort Myers,"1,922 km",17 hours 39 mins
Fort Myers,Orlando,257 km,2 hours 59 mins
Fort Myers,Orlando,257 km,2 hours 59 mins
Orlando,Trenton,"1,634 km",14 hours 46 mins
Orlando,Trenton,"1,634 km",14 hours 46 mins
Louisville,Fort Myers,"1,598 km",14 hours 26 mins
Louisville,Fort Myers,"1,598 km",14 hours 26 mins
Fort Myers,Miami,252 km,2 hours 26 mins
Fort Myers,Miami,252 km,2 hours 26 mins
Miami,Louisville,"1,746 km",15 hours 38 mins
Miami,Louisville,"1,746 km",15 hours 38 mins
Great Falls,Seattle,"1,030 km",9 hours 45 mins
Great Falls,Seattle,"1,030 km",9 hours 45 mins
Seattle,Wenatchee,238 km,2 hours 33 mins
Seattle,Wenatchee,238 km,2 hours 33 mins
Wenatchee,Great Falls,854 km,8 hours 15 mins
Wenatchee,Great Falls,854 km,8 hours 15 mins
Bloomington,Augusta,"1,062 km",9 hours 52 mins
Bloomington,Augusta,"1,062 km",9 hours 52 mins
Augusta,Decatur,229 km,2 hours 19 mins
Augusta,Decatur,229 km,2 hours 19 mins
Decatur,Bloomington,837 km,7 hours 57 mins
Decatur,Bloomington,837 km,7 hours 57 mins
Huntsville,Fort Myers,"1,213 km",11 hours 26 mins
Huntsville,Fort Myers,"1,213 km",11 hours 26 mins
Fort Myers,Gainesville,399 km,3 hours 43 mins
Fort Myers,Gainesville,399 km,3 hours 43 mins
Gainesville,Huntsville,823 km,8 hours 3 mins
Gainesville,Huntsville,823 km,8 hours 3 mins
Dallas,Atlanta,"1,258 km",11 hours 18 mins
Dallas,Atlanta,"1,258 km",11 hours 18 mins
Atlanta,Valdosta,368 km,3 hours 20 mins
Atlanta,Valdosta,368 km,3 hours 20 mins
Valdosta,Dallas,"1,456 km",13 hours 32 mins
Valdosta,Dallas,"1,456 km",13 hours 32 mins
Pittsburgh,Philadelphia,490 km,4 hours 46 mins
Pittsburgh,Philadelphia,490 km,4 hours 46 mins
San Antonio,Moab,"1,736 km",16 hours 25 mins
San Antonio,Moab,"1,736 km",16 hours 25 mins
Moab,Salt Lake City,376 km,3 hours 43 mins
Moab,Salt Lake City,376 km,3 hours 43 mins
Salt Lake City,San Antonio,"2,117 km",20 hours 7 mins
Salt Lake City,San Antonio,"2,117 km",20 hours 7 mins
Newburgh,Tampa,"1,917 km",17 hours 42 mins
Newburgh,Tampa,"1,917 km",17 hours 42 mins
Tampa,Orlando,135 km,1 hour 21 mins
Tampa,Orlando,135 km,1 hour 21 mins
Orlando,Newburgh,"1,817 km",16 hours 31 mins
Orlando,Newburgh,"1,817 km",16 hours 31 mins
Denver,Madison,"1,551 km",14 hours 0 mins
Denver,Madison,"1,551 km",14 hours 0 mins
Madison,Milwaukee,128 km,1 hour 19 mins
Madison,Milwaukee,128 km,1 hour 19 mins
Milwaukee,Denver,"1,677 km",14 hours 54 mins
Milwaukee,Denver,"1,677 km",14 hours 54 mins
Moab,Denver,570 km,5 hours 23 mins
Moab,Denver,570 km,5 hours 23 mins
Denver,Gunnison,323 km,3 hours 39 mins
Denver,Gunnison,323 km,3 hours 39 mins
Gunnison,Moab,380 km,4 hours 1 min
Gunnison,Moab,380 km,4 hours 1 min
Newark,Lynchburg,639 km,6 hours 34 mins
Newark,Lynchburg,639 km,6 hours 34 mins
Lynchburg,Richmond,182 km,2 hours 7 mins
Lynchburg,Richmond,182 km,2 hours 7 mins
Richmond,Newark,526 km,5 hours 10 mins
Richmond,Newark,526 km,5 hours 10 mins
Richmond,Abilene,"2,345 km",21 hours 17 mins
Richmond,Abilene,"2,345 km",21 hours 17 mins
Abilene,Amarillo,446 km,4 hours 10 mins
Abilene,Amarillo,446 km,4 hours 10 mins
Amarillo,Richmond,"2,492 km",22 hours 21 mins
Amarillo,Richmond,"2,492 km",22 hours 21 mins
Evansville,Wilmington,"1,227 km",11 hours 46 mins
Evansville,Wilmington,"1,227 km",11 hours 46 mins
Wilmington,Charlotte,324 km,3 hours 24 mins
Wilmington,Charlotte,324 km,3 hours 24 mins
Charlotte,Evansville,897 km,8 hours 35 mins
Charlotte,Evansville,897 km,8 hours 35 mins
Houston,New York,"2,621 km",23 hours 58 mins
Houston,New York,"2,621 km",23 hours 58 mins
New York,Buffalo,601 km,6 hours 16 mins
New York,Buffalo,601 km,6 hours 16 mins
Buffalo,Houston,"2,390 km",22 hours 10 mins
Buffalo,Houston,"2,390 km",22 hours 10 mins
Seattle,San Diego,"2,020 km",19 hours 14 mins
Seattle,San Diego,"2,020 km",19 hours 14 mins
San Diego,San Jose,740 km,7 hours 17 mins
San Diego,San Jose,740 km,7 hours 17 mins
San Jose,Seattle,"1,351 km",12 hours 53 mins
San Jose,Seattle,"1,351 km",12 hours 53 mins
Fort Myers,Abilene,"2,261 km",20 hours 22 mins
Fort Myers,Abilene,"2,261 km",20 hours 22 mins
Abilene,Amarillo,446 km,4 hours 10 mins
Abilene,Amarillo,446 km,4 hours 10 mins
Amarillo,Fort Myers,"2,548 km",23 hours 13 mins
Amarillo,Fort Myers,"2,548 km",23 hours 13 mins
Monterey,Alamosa,"1,868 km",18 hours 33 mins
Monterey,Alamosa,"1,868 km",18 hours 33 mins
Alamosa,Durango,240 km,2 hours 53 mins
Alamosa,Durango,240 km,2 hours 53 mins
Durango,Monterey,"1,627 km",15 hours 42 mins
Durango,Monterey,"1,627 km",15 hours 42 mins
Boise,San Diego,"1,533 km",14 hours 24 mins
Boise,San Diego,"1,533 km",14 hours 24 mins
San Diego,Sacramento,812 km,7 hours 50 mins
San Diego,Sacramento,812 km,7 hours 50 mins
Sacramento,Boise,890 km,8 hours 34 mins
Sacramento,Boise,890 km,8 hours 34 mins
Pensacola,Fayetteville,"1,116 km",10 hours 5 mins
Pensacola,Fayetteville,"1,116 km",10 hours 5 mins
Fayetteville,Wilmington,149 km,1 hour 44 mins
Fayetteville,Wilmington,149 km,1 hour 44 mins
Wilmington,Pensacola,"1,187 km",10 hours 55 mins
Wilmington,Pensacola,"1,187 km",10 hours 55 mins
Seattle,Spokane,449 km,4 hours 10 mins
Seattle,Spokane,449 km,4 hours 10 mins
Reno,San Diego,910 km,9 hours 27 mins
Reno,San Diego,910 km,9 hours 27 mins
San Diego,Los Angeles,194 km,2 hours 0 mins
San Diego,Los Angeles,194 km,2 hours 0 mins
Los Angeles,Reno,761 km,7 hours 59 mins
Los Angeles,Reno,761 km,7 hours 59 mins
Oklahoma City,Wilmington,"2,038 km",18 hours 21 mins
Oklahoma City,Wilmington,"2,038 km",18 hours 21 mins
Wilmington,Charlotte,324 km,3 hours 24 mins
Wilmington,Charlotte,324 km,3 hours 24 mins
Charlotte,Oklahoma City,"1,745 km",16 hours 4 mins
Charlotte,Oklahoma City,"1,745 km",16 hours 4 mins
Helena,Salt Lake City,778 km,6 hours 52 mins
Helena,Salt Lake City,778 km,6 hours 52 mins
Salt Lake City,Moab,376 km,3 hours 42 mins
Salt Lake City,Moab,376 km,3 hours 42 mins
Moab,Helena,"1,151 km",10 hours 28 mins
Moab,Helena,"1,151 km",10 hours 28 mins
Lexington,Erie,689 km,6 hours 27 mins
Lexington,Erie,689 km,6 hours 27 mins
Erie,Philadelphia,678 km,6 hours 22 mins
Erie,Philadelphia,678 km,6 hours 22 mins
Philadelphia,Lexington,"1,029 km",9 hours 44 mins
Philadelphia,Lexington,"1,029 km",9 hours 44 mins
Myrtle Beach,Abilene,"2,135 km",19 hours 25 mins
Myrtle Beach,Abilene,"2,135 km",19 hours 25 mins
Abilene,Amarillo,446 km,4 hours 10 mins
Abilene,Amarillo,446 km,4 hours 10 mins
Amarillo,Myrtle Beach,"2,362 km",21 hours 29 mins
Amarillo,Myrtle Beach,"2,362 km",21 hours 29 mins
Orlando,Fort Lauderdale,341 km,3 hours 6 mins
Orlando,Fort Lauderdale,341 km,3 hours 6 mins
Chicago,Green Bay,332 km,3 hours 11 mins
Chicago,Green Bay,332 km,3 hours 11 mins
Green Bay,Marquette,186 km,1 hour 46 mins
Green Bay,Marquette,186 km,1 hour 46 mins
Marquette,Chicago,148 km,1 hour 35 mins
Marquette,Chicago,148 km,1 hour 35 mins
Houston,Chicago,"1,743 km",16 hours 12 mins
Houston,Chicago,"1,743 km",16 hours 12 mins
Chicago,Peoria,267 km,2 hours 31 mins
Chicago,Peoria,267 km,2 hours 31 mins
Peoria,Houston,"1,520 km",14 hours 25 mins
Peoria,Houston,"1,520 km",14 hours 25 mins
Raleigh,Abilene,"2,207 km",19 hours 57 mins
Raleigh,Abilene,"2,207 km",19 hours 57 mins
Abilene,Amarillo,446 km,4 hours 10 mins
Abilene,Amarillo,446 km,4 hours 10 mins
Amarillo,Raleigh,"2,372 km",21 hours 30 mins
Amarillo,Raleigh,"2,372 km",21 hours 30 mins
State College,Harrisburg,138 km,1 hour 32 mins
State College,Harrisburg,138 km,1 hour 32 mins
Fort Lauderdale,Harrisburg,"1,839 km",16 hours 28 mins
Fort Lauderdale,Harrisburg,"1,839 km",16 hours 28 mins
Harrisburg,Philadelphia,171 km,1 hour 48 mins
Harrisburg,Philadelphia,171 km,1 hour 48 mins
Philadelphia,Fort Lauderdale,"1,895 km",17 hours 2 mins
Philadelphia,Fort Lauderdale,"1,895 km",17 hours 2 mins
Detroit,Richmond,"1,006 km",9 hours 33 mins
Detroit,Richmond,"1,006 km",9 hours 33 mins
Richmond,Staunton,175 km,1 hour 43 mins
Richmond,Staunton,175 km,1 hour 43 mins
Staunton,Detroit,904 km,8 hours 44 mins
Staunton,Detroit,904 km,8 hours 44 mins
Denver,San Diego,"1,735 km",15 hours 50 mins
Denver,San Diego,"1,735 km",15 hours 50 mins
San Diego,Santa Barbara,351 km,3 hours 29 mins
San Diego,Santa Barbara,351 km,3 hours 29 mins
Santa Barbara,Denver,"1,778 km",16 hours 17 mins
Santa Barbara,Denver,"1,778 km",16 hours 17 mins
Norfolk,Detroit,"1,142 km",10 hours 49 mins
Norfolk,Detroit,"1,142 km",10 hours 49 mins
Detroit,Lansing,146 km,1 hour 24 mins
Detroit,Lansing,146 km,1 hour 24 mins
Lansing,Norfolk,"1,247 km",11 hours 48 mins
Lansing,Norfolk,"1,247 km",11 hours 48 mins
Dallas,Houston,385 km,3 hours 29 mins
Dallas,Houston,385 km,3 hours 29 mins
Cincinnati,Atlanta,741 km,6 hours 46 mins
Cincinnati,Atlanta,741 km,6 hours 46 mins
Atlanta,Augusta,233 km,2 hours 13 mins
Atlanta,Augusta,233 km,2 hours 13 mins
Augusta,Cincinnati,862 km,8 hours 32 mins
Augusta,Cincinnati,862 km,8 hours 32 mins
Seattle,Spokane,449 km,4 hours 10 mins
Seattle,Spokane,449 km,4 hours 10 mins
Spokane,Kansas City,"2,508 km",22 hours 35 mins
Spokane,Kansas City,"2,508 km",22 hours 35 mins
Gainesville,Fayetteville,746 km,6 hours 47 mins
Gainesville,Fayetteville,746 km,6 hours 47 mins
Fayetteville,Charlotte,223 km,2 hours 40 mins
Fayetteville,Charlotte,223 km,2 hours 40 mins
Charlotte,Gainesville,727 km,6 hours 41 mins
Charlotte,Gainesville,727 km,6 hours 41 mins
Grand Rapids,Wilmington,"1,488 km",14 hours 5 mins
Grand Rapids,Wilmington,"1,488 km",14 hours 5 mins
Wilmington,Fayetteville,149 km,1 hour 43 mins
Wilmington,Fayetteville,149 km,1 hour 43 mins
Fayetteville,Grand Rapids,"1,313 km",12 hours 41 mins
Fayetteville,Grand Rapids,"1,313 km",12 hours 41 mins
Manhattan,Texarkana,"2,218 km",20 hours 36 mins
Manhattan,Texarkana,"2,218 km",20 hours 36 mins
Texarkana,Longview,142 km,1 hour 36 mins
Texarkana,Longview,142 km,1 hour 36 mins
Longview,Manhattan,"2,380 km",21 hours 57 mins
Longview,Manhattan,"2,380 km",21 hours 57 mins
Dallas,New York,"2,491 km",22 hours 55 mins
Dallas,New York,"2,491 km",22 hours 55 mins
New York,Syracuse,398 km,4 hours 6 mins
New York,Syracuse,398 km,4 hours 6 mins
Syracuse,Dallas,"2,431 km",22 hours 8 mins
Syracuse,Dallas,"2,431 km",22 hours 8 mins
Green Bay,Fort Myers,"2,414 km",21 hours 56 mins
Green Bay,Fort Myers,"2,414 km",21 hours 56 mins
Fort Myers,Gainesville,399 km,3 hours 43 mins
Fort Myers,Gainesville,399 km,3 hours 43 mins
Gainesville,Green Bay,"2,026 km",18 hours 34 mins
Gainesville,Green Bay,"2,026 km",18 hours 34 mins
Seattle,Walla Walla,420 km,4 hours 12 mins
Seattle,Walla Walla,420 km,4 hours 12 mins
Walla Walla,El Paso,"2,336 km",21 hours 53 mins
Walla Walla,El Paso,"2,336 km",21 hours 53 mins
Minneapolis,Houston,"1,893 km",17 hours 26 mins
Minneapolis,Houston,"1,893 km",17 hours 26 mins
Houston,Dallas,385 km,3 hours 27 mins
Houston,Dallas,385 km,3 hours 27 mins
Dallas,Minneapolis,"1,515 km",14 hours 7 mins
Dallas,Minneapolis,"1,515 km",14 hours 7 mins
Greensboro,Augusta,409 km,3 hours 50 mins
Greensboro,Augusta,409 km,3 hours 50 mins
Augusta,Atlanta,234 km,2 hours 12 mins
Augusta,Atlanta,234 km,2 hours 12 mins
Atlanta,Greensboro,534 km,4 hours 59 mins
Atlanta,Greensboro,534 km,4 hours 59 mins
Atlanta,Charlotte,394 km,3 hours 47 mins
Atlanta,Charlotte,394 km,3 hours 47 mins
Charlotte,Wilmington,323 km,3 hours 24 mins
Charlotte,Wilmington,323 km,3 hours 24 mins
Wilmington,Atlanta,674 km,6 hours 8 mins
Wilmington,Atlanta,674 km,6 hours 8 mins
Charlottesville,New York,549 km,5 hours 46 mins
Charlottesville,New York,549 km,5 hours 46 mins
New York,Buffalo,601 km,6 hours 16 mins
New York,Buffalo,601 km,6 hours 16 mins
Buffalo,Charlottesville,732 km,8 hours 3 mins
Buffalo,Charlottesville,732 km,8 hours 3 mins
Dayton,Dallas,"1,588 km",14 hours 32 mins
Dayton,Dallas,"1,588 km",14 hours 32 mins
Dallas,Amarillo,588 km,5 hours 30 mins
Dallas,Amarillo,588 km,5 hours 30 mins
Amarillo,Dayton,"1,795 km",16 hours 15 mins
Amarillo,Dayton,"1,795 km",16 hours 15 mins
Fort Lauderdale,State College,"1,993 km",17 hours 56 mins
Fort Lauderdale,State College,"1,993 km",17 hours 56 mins
State College,Johnstown,137 km,1 hour 29 mins
State College,Johnstown,137 km,1 hour 29 mins
Johnstown,Fort Lauderdale,"1,914 km",17 hours 26 mins
Johnstown,Fort Lauderdale,"1,914 km",17 hours 26 mins
Grand Rapids,New York,"1,200 km",11 hours 11 mins
Grand Rapids,New York,"1,200 km",11 hours 11 mins
New York,Buffalo,601 km,6 hours 16 mins
New York,Buffalo,601 km,6 hours 16 mins
Buffalo,Grand Rapids,621 km,5 hours 52 mins
Buffalo,Grand Rapids,621 km,5 hours 52 mins
Rochester,Chicago,969 km,9 hours 5 mins
Rochester,Chicago,969 km,9 hours 5 mins
Chicago,Peoria,267 km,2 hours 31 mins
Chicago,Peoria,267 km,2 hours 31 mins
Peoria,Rochester,"1,192 km",11 hours 1 min
Peoria,Rochester,"1,192 km",11 hours 1 min
Tallahassee,Charlotte,714 km,7 hours 44 mins
Tallahassee,Charlotte,714 km,7 hours 44 mins
Charlotte,Fayetteville,223 km,2 hours 40 mins
Charlotte,Fayetteville,223 km,2 hours 40 mins
Fayetteville,Tallahassee,892 km,7 hours 59 mins
Fayetteville,Tallahassee,892 km,7 hours 59 mins
Jacksonville,Pellston,"2,032 km",18 hours 34 mins
Jacksonville,Pellston,"2,032 km",18 hours 34 mins
Pellston,Alpena,157 km,1 hour 43 mins
Pellston,Alpena,157 km,1 hour 43 mins
Alpena,Jacksonville,"1,971 km",18 hours 32 mins
Alpena,Jacksonville,"1,971 km",18 hours 32 mins
Eugene,Oakland,843 km,8 hours 4 mins
Eugene,Oakland,843 km,8 hours 4 mins
Oakland,Los Angeles,597 km,5 hours 43 mins
Oakland,Los Angeles,597 km,5 hours 43 mins
Los Angeles,Eugene,"1,377 km",13 hours 7 mins
Los Angeles,Eugene,"1,377 km",13 hours 7 mins
Denver,Flagstaff,"1,091 km",10 hours 45 mins
Denver,Flagstaff,"1,091 km",10 hours 45 mins
Flagstaff,Phoenix,233 km,2 hours 18 mins
Flagstaff,Phoenix,233 km,2 hours 18 mins
Phoenix,Denver,"1,321 km",12 hours 41 mins
Phoenix,Denver,"1,321 km",12 hours 41 mins
Nashville,Phoenix,"2,632 km",23 hours 51 mins
Nashville,Phoenix,"2,632 km",23 hours 51 mins
Phoenix,Prescott,160 km,1 hour 46 mins
Phoenix,Prescott,160 km,1 hour 46 mins
Prescott,Nashville,"2,629 km",23 hours 30 mins
Prescott,Nashville,"2,629 km",23 hours 30 mins
Hartford,Nashville,"1,620 km",15 hours 4 mins
Hartford,Nashville,"1,620 km",15 hours 4 mins
Nashville,Knoxville,290 km,2 hours 42 mins
Nashville,Knoxville,290 km,2 hours 42 mins
Knoxville,Hartford,"1,334 km",12 hours 27 mins
Knoxville,Hartford,"1,334 km",12 hours 27 mins
Syracuse,Chicago,"1,090 km",10 hours 10 mins
Syracuse,Chicago,"1,090 km",10 hours 10 mins
Chicago,Peoria,267 km,2 hours 31 mins
Chicago,Peoria,267 km,2 hours 31 mins
Peoria,Syracuse,"1,314 km",12 hours 7 mins
Peoria,Syracuse,"1,314 km",12 hours 7 mins
Fort Wayne,Rockford,401 km,4 hours 25 mins
Fort Wayne,Rockford,401 km,4 hours 25 mins
Rockford,Chicago,143 km,1 hour 34 mins
Rockford,Chicago,143 km,1 hour 34 mins
Chicago,Fort Wayne,261 km,3 hours 0 mins
Chicago,Fort Wayne,261 km,3 hours 0 mins
Salt Lake City,Detroit,"2,679 km",23 hours 58 mins
Salt Lake City,Detroit,"2,679 km",23 hours 58 mins
Detroit,Grand Rapids,254 km,2 hours 22 mins
Detroit,Grand Rapids,254 km,2 hours 22 mins
Grand Rapids,Salt Lake City,"2,509 km",22 hours 32 mins
Grand Rapids,Salt Lake City,"2,509 km",22 hours 32 mins
Raleigh,New York,812 km,7 hours 47 mins
Raleigh,New York,812 km,7 hours 47 mins
New York,Watertown,510 km,5 hours 9 mins
New York,Watertown,510 km,5 hours 9 mins
Watertown,Raleigh,"1,150 km",10 hours 59 mins
Watertown,Raleigh,"1,150 km",10 hours 59 mins
La Crosse,Minneapolis,256 km,2 hours 32 mins
La Crosse,Minneapolis,256 km,2 hours 32 mins
Minneapolis,Bemidji,347 km,3 hours 37 mins
Minneapolis,Bemidji,347 km,3 hours 37 mins
Bemidji,La Crosse,601 km,6 hours 0 mins
Bemidji,La Crosse,601 km,6 hours 0 mins
Bloomington,Pellston,845 km,7 hours 40 mins
Bloomington,Pellston,845 km,7 hours 40 mins
Pellston,Traverse City,137 km,1 hour 49 mins
Pellston,Traverse City,137 km,1 hour 49 mins
Traverse City,Bloomington,733 km,7 hours 8 mins
Traverse City,Bloomington,733 km,7 hours 8 mins
San Diego,Los Angeles,194 km,2 hours 0 mins
San Diego,Los Angeles,194 km,2 hours 0 mins
Memphis,Colorado Springs,"1,734 km",15 hours 32 mins
Memphis,Colorado Springs,"1,734 km",15 hours 32 mins
Colorado Springs,Denver,113 km,1 hour 9 mins
Colorado Springs,Denver,113 km,1 hour 9 mins
Denver,Memphis,"1,763 km",15 hours 33 mins
Denver,Memphis,"1,763 km",15 hours 33 mins
Eugene,Salt Lake City,"1,268 km",12 hours 11 mins
Eugene,Salt Lake City,"1,268 km",12 hours 11 mins
Salt Lake City,Moab,376 km,3 hours 42 mins
Salt Lake City,Moab,376 km,3 hours 42 mins
Moab,Eugene,"1,639 km",15 hours 49 mins
Moab,Eugene,"1,639 km",15 hours 49 mins
Atlanta,Austin,"1,501 km",13 hours 46 mins
Atlanta,Austin,"1,501 km",13 hours 46 mins
Austin,El Paso,928 km,8 hours 39 mins
Austin,El Paso,928 km,8 hours 39 mins
El Paso,Atlanta,"2,279 km",20 hours 16 mins
El Paso,Atlanta,"2,279 km",20 hours 16 mins
Chicago,International Falls,"1,015 km",9 hours 43 mins
Chicago,International Falls,"1,015 km",9 hours 43 mins
International Falls,Duluth,263 km,2 hours 46 mins
International Falls,Duluth,263 km,2 hours 46 mins
Duluth,Chicago,755 km,7 hours 5 mins
Duluth,Chicago,755 km,7 hours 5 mins
Tulsa,Augusta,"1,493 km",13 hours 32 mins
Tulsa,Augusta,"1,493 km",13 hours 32 mins
Augusta,Decatur,229 km,2 hours 19 mins
Augusta,Decatur,229 km,2 hours 19 mins
Decatur,Tulsa,"1,287 km",11 hours 39 mins
Decatur,Tulsa,"1,287 km",11 hours 39 mins
Rockford,Pensacola,"1,606 km",14 hours 34 mins
Rockford,Pensacola,"1,606 km",14 hours 34 mins
Pensacola,Tampa,752 km,6 hours 33 mins
Pensacola,Tampa,752 km,6 hours 33 mins
Tampa,Rockford,"2,029 km",18 hours 10 mins
Tampa,Rockford,"2,029 km",18 hours 10 mins
Denver,Amarillo,699 km,6 hours 29 mins
Denver,Amarillo,699 km,6 hours 29 mins
Amarillo,Dallas,589 km,5 hours 30 mins
Amarillo,Dallas,589 km,5 hours 30 mins
Dallas,Denver,"1,282 km",11 hours 56 mins
Dallas,Denver,"1,282 km",11 hours 56 mins
Richmond,Dallas,"2,056 km",18 hours 40 mins
Richmond,Dallas,"2,056 km",18 hours 40 mins
Dallas,Houston,385 km,3 hours 29 mins
Dallas,Houston,385 km,3 hours 29 mins
Houston,Richmond,"2,129 km",19 hours 9 mins
Houston,Richmond,"2,129 km",19 hours 9 mins
Palm Springs,Dallas,"2,144 km",19 hours 15 mins
Palm Springs,Dallas,"2,144 km",19 hours 15 mins
Dallas,San Angelo,415 km,3 hours 55 mins
Dallas,San Angelo,415 km,3 hours 55 mins
San Angelo,Palm Springs,"1,772 km",16 hours 3 mins
San Angelo,Palm Springs,"1,772 km",16 hours 3 mins
Tampa,Belleville,"1,608 km",14 hours 26 mins
Tampa,Belleville,"1,608 km",14 hours 26 mins
Belleville,Rockford,471 km,4 hours 30 mins
Belleville,Rockford,471 km,4 hours 30 mins
Rockford,Tampa,"2,022 km",18 hours 7 mins
Rockford,Tampa,"2,022 km",18 hours 7 mins
Baton Rouge,Wilmington,"1,511 km",13 hours 27 mins
Baton Rouge,Wilmington,"1,511 km",13 hours 27 mins
Wilmington,Fayetteville,149 km,1 hour 43 mins
Wilmington,Fayetteville,149 km,1 hour 43 mins
Fayetteville,Baton Rouge,"1,442 km",12 hours 46 mins
Fayetteville,Baton Rouge,"1,442 km",12 hours 46 mins
Albuquerque,Denver,722 km,6 hours 26 mins
Albuquerque,Denver,722 km,6 hours 26 mins
Denver,Colorado Springs,114 km,1 hour 11 mins
Denver,Colorado Springs,114 km,1 hour 11 mins
Colorado Springs,Albuquerque,611 km,5 hours 25 mins
Colorado Springs,Albuquerque,611 km,5 hours 25 mins
Evansville,Dallas,"1,169 km",11 hours 14 mins
Evansville,Dallas,"1,169 km",11 hours 14 mins
Dallas,Texarkana,287 km,2 hours 42 mins
Dallas,Texarkana,287 km,2 hours 42 mins
Texarkana,Evansville,903 km,8 hours 41 mins
Texarkana,Evansville,903 km,8 hours 41 mins
Sarasota,Lubbock,"2,416 km",21 hours 47 mins
Sarasota,Lubbock,"2,416 km",21 hours 47 mins
Lubbock,Abilene,264 km,2 hours 28 mins
Lubbock,Abilene,264 km,2 hours 28 mins
Abilene,Sarasota,"2,150 km",19 hours 25 mins
Abilene,Sarasota,"2,150 km",19 hours 25 mins
Nashville,Salt Lake City,"2,624 km",23 hours 37 mins
Nashville,Salt Lake City,"2,624 km",23 hours 37 mins
Salt Lake City,Moab,376 km,3 hours 42 mins
Salt Lake City,Moab,376 km,3 hours 42 mins
Moab,Nashville,"2,429 km",21 hours 47 mins
Moab,Nashville,"2,429 km",21 hours 47 mins
Montgomery,Abilene,"1,338 km",12 hours 21 mins
Montgomery,Abilene,"1,338 km",12 hours 21 mins
Abilene,San Angelo,145 km,1 hour 29 mins
Abilene,San Angelo,145 km,1 hour 29 mins
San Angelo,Montgomery,"1,458 km",13 hours 31 mins
San Angelo,Montgomery,"1,458 km",13 hours 31 mins
Houston,Grand Rapids,"1,970 km",18 hours 15 mins
Houston,Grand Rapids,"1,970 km",18 hours 15 mins
Grand Rapids,Detroit,253 km,2 hours 20 mins
Grand Rapids,Detroit,253 km,2 hours 20 mins
Detroit,Houston,"2,079 km",19 hours 34 mins
Detroit,Houston,"2,079 km",19 hours 34 mins
Cleveland,Nashville,839 km,7 hours 47 mins
Cleveland,Nashville,839 km,7 hours 47 mins
Nashville,Memphis,341 km,3 hours 10 mins
Nashville,Memphis,341 km,3 hours 10 mins
Memphis,Cleveland,"1,174 km",10 hours 46 mins
Memphis,Cleveland,"1,174 km",10 hours 46 mins
Atlanta,Alamosa,"2,298 km",21 hours 3 mins
Atlanta,Alamosa,"2,298 km",21 hours 3 mins
Alamosa,Gunnison,197 km,2 hours 11 mins
Alamosa,Gunnison,197 km,2 hours 11 mins
Gunnison,Atlanta,"2,445 km",22 hours 59 mins
Gunnison,Atlanta,"2,445 km",22 hours 59 mins
Milwaukee,Moab,"2,242 km",20 hours 2 mins
Milwaukee,Moab,"2,242 km",20 hours 2 mins
Moab,Salt Lake City,376 km,3 hours 43 mins
Moab,Salt Lake City,376 km,3 hours 43 mins
Salt Lake City,Milwaukee,"2,318 km",20 hours 39 mins
Salt Lake City,Milwaukee,"2,318 km",20 hours 39 mins
Toledo,Punta Gorda,"1,952 km",17 hours 25 mins
Toledo,Punta Gorda,"1,952 km",17 hours 25 mins
Punta Gorda,Pensacola,907 km,7 hours 53 mins
Punta Gorda,Pensacola,907 km,7 hours 53 mins
Pensacola,Toledo,"1,472 km",13 hours 25 mins
Pensacola,Toledo,"1,472 km",13 hours 25 mins
Washington,Charleston,856 km,7 hours 54 mins
Washington,Charleston,856 km,7 hours 54 mins
Charleston,Hilton Head,158 km,2 hours 2 mins
Charleston,Hilton Head,158 km,2 hours 2 mins
Hilton Head,Washington,916 km,8 hours 29 mins
Hilton Head,Washington,916 km,8 hours 29 mins
Sarasota,Dallas,"1,867 km",16 hours 50 mins
Sarasota,Dallas,"1,867 km",16 hours 50 mins
Dallas,Houston,385 km,3 hours 29 mins
Dallas,Houston,385 km,3 hours 29 mins
Houston,Sarasota,"1,662 km",14 hours 44 mins
Houston,Sarasota,"1,662 km",14 hours 44 mins
Dallas,San Diego,"2,186 km",19 hours 28 mins
Dallas,San Diego,"2,186 km",19 hours 28 mins
San Diego,San Luis Obispo,502 km,4 hours 59 mins
San Diego,San Luis Obispo,502 km,4 hours 59 mins
San Luis Obispo,Dallas,"2,554 km",23 hours 19 mins
San Luis Obispo,Dallas,"2,554 km",23 hours 19 mins
San Jose,Los Angeles,547 km,5 hours 21 mins
San Jose,Los Angeles,547 km,5 hours 21 mins
Grand Rapids,Chicago,288 km,2 hours 45 mins
Grand Rapids,Chicago,288 km,2 hours 45 mins
Chicago,Peoria,267 km,2 hours 31 mins
Chicago,Peoria,267 km,2 hours 31 mins
Peoria,Grand Rapids,507 km,4 hours 41 mins
Peoria,Grand Rapids,507 km,4 hours 41 mins
Charlottesville,Buffalo,733 km,8 hours 4 mins
Charlottesville,Buffalo,733 km,8 hours 4 mins
Buffalo,New York,600 km,6 hours 14 mins
Buffalo,New York,600 km,6 hours 14 mins
New York,Charlottesville,550 km,5 hours 46 mins
New York,Charlottesville,550 km,5 hours 46 mins
Billings,Abilene,"2,010 km",18 hours 11 mins
Billings,Abilene,"2,010 km",18 hours 11 mins
Abilene,Amarillo,446 km,4 hours 10 mins
Abilene,Amarillo,446 km,4 hours 10 mins
Amarillo,Billings,"1,552 km",14 hours 9 mins
Amarillo,Billings,"1,552 km",14 hours 9 mins
Charlotte,Buffalo,"1,061 km",10 hours 0 mins
Charlotte,Buffalo,"1,061 km",10 hours 0 mins
Buffalo,Niagara Falls,31.9 km,26 mins
Buffalo,Niagara Falls,31.9 km,26 mins
Niagara Falls,Charlotte,"1,093 km",10 hours 22 mins
Niagara Falls,Charlotte,"1,093 km",10 hours 22 mins
Salt Lake City,Eau Claire,"2,124 km",19 hours 21 mins
Salt Lake City,Eau Claire,"2,124 km",19 hours 21 mins
Eau Claire,Marquette,394 km,3 hours 34 mins
Eau Claire,Marquette,394 km,3 hours 34 mins
Marquette,Salt Lake City,"2,311 km",20 hours 39 mins
Marquette,Salt Lake City,"2,311 km",20 hours 39 mins
Minot,Bemidji,522 km,5 hours 11 mins
Minot,Bemidji,522 km,5 hours 11 mins
Bemidji,Hibbing,166 km,1 hour 56 mins
Bemidji,Hibbing,166 km,1 hour 56 mins
Hibbing,Minot,688 km,6 hours 57 mins
Hibbing,Minot,688 km,6 hours 57 mins
Houston,Fort Myers,"1,768 km",15 hours 42 mins
Houston,Fort Myers,"1,768 km",15 hours 42 mins
Fort Myers,Orlando,257 km,2 hours 59 mins
Fort Myers,Orlando,257 km,2 hours 59 mins
Orlando,Houston,"1,549 km",13 hours 41 mins
Orlando,Houston,"1,549 km",13 hours 41 mins
Dayton,Philadelphia,867 km,8 hours 17 mins
Dayton,Philadelphia,867 km,8 hours 17 mins
Philadelphia,State College,309 km,3 hours 12 mins
Philadelphia,State College,309 km,3 hours 12 mins
State College,Dayton,638 km,6 hours 13 mins
State College,Dayton,638 km,6 hours 13 mins
Lawton,Abilene,328 km,3 hours 6 mins
Lawton,Abilene,328 km,3 hours 6 mins
Abilene,Amarillo,446 km,4 hours 10 mins
Abilene,Amarillo,446 km,4 hours 10 mins
Amarillo,Lawton,346 km,3 hours 30 mins
Amarillo,Lawton,346 km,3 hours 30 mins
New Orleans,Panama City,527 km,5 hours 4 mins
New Orleans,Panama City,527 km,5 hours 4 mins
Panama City,Pensacola,223 km,2 hours 20 mins
Panama City,Pensacola,223 km,2 hours 20 mins
Pensacola,New Orleans,326 km,2 hours 57 mins
Pensacola,New Orleans,326 km,2 hours 57 mins
Flagstaff,Del Rio,"1,445 km",14 hours 12 mins
Flagstaff,Del Rio,"1,445 km",14 hours 12 mins
Del Rio,Abilene,397 km,3 hours 53 mins
Del Rio,Abilene,397 km,3 hours 53 mins
Abilene,Flagstaff,"1,298 km",12 hours 2 mins
Abilene,Flagstaff,"1,298 km",12 hours 2 mins
Gunnison,Dallas,"1,303 km",12 hours 42 mins
Gunnison,Dallas,"1,303 km",12 hours 42 mins
Dallas,Houston,385 km,3 hours 29 mins
Dallas,Houston,385 km,3 hours 29 mins
Houston,Gunnison,"1,677 km",16 hours 5 mins
Houston,Gunnison,"1,677 km",16 hours 5 mins
Dayton,Abilene,"1,843 km",16 hours 46 mins
Dayton,Abilene,"1,843 km",16 hours 46 mins
Abilene,Amarillo,446 km,4 hours 10 mins
Abilene,Amarillo,446 km,4 hours 10 mins
Amarillo,Lubbock,197 km,1 hour 47 mins
Amarillo,Lubbock,197 km,1 hour 47 mins
Lubbock,Dayton,"1,935 km",17 hours 35 mins
Lubbock,Dayton,"1,935 km",17 hours 35 mins
St. Louis,Pittsburgh,969 km,9 hours 3 mins
St. Louis,Pittsburgh,969 km,9 hours 3 mins
Pittsburgh,Harrisburg,328 km,3 hours 17 mins
Pittsburgh,Harrisburg,328 km,3 hours 17 mins
Harrisburg,Philadelphia,171 km,1 hour 48 mins
Harrisburg,Philadelphia,171 km,1 hour 48 mins
Philadelphia,St. Louis,"1,425 km",13 hours 23 mins
Philadelphia,St. Louis,"1,425 km",13 hours 23 mins
Milwaukee,Green Bay,188 km,1 hour 48 mins
Milwaukee,Green Bay,188 km,1 hour 48 mins
Green Bay,Madison,222 km,2 hours 22 mins
Green Bay,Madison,222 km,2 hours 22 mins
Minneapolis,Durango,"2,005 km",18 hours 49 mins
Minneapolis,Durango,"2,005 km",18 hours 49 mins
Durango,Alamosa,240 km,2 hours 52 mins
Durango,Alamosa,240 km,2 hours 52 mins
Alamosa,Denver,377 km,3 hours 38 mins
Alamosa,Denver,377 km,3 hours 38 mins
Denver,Minneapolis,"1,471 km",13 hours 0 mins
Denver,Minneapolis,"1,471 km",13 hours 0 mins
Sun Valley,Salt Lake City,474 km,4 hours 39 mins
Sun Valley,Salt Lake City,474 km,4 hours 39 mins
Salt Lake City,Moab,376 km,3 hours 42 mins
Salt Lake City,Moab,376 km,3 hours 42 mins
Moab,Ogden,434 km,4 hours 12 mins
Moab,Ogden,434 km,4 hours 12 mins
Ogden,Sun Valley,417 km,4 hours 8 mins
Ogden,Sun Valley,417 km,4 hours 8 mins
Atlanta,Harrisburg,"1,151 km",10 hours 41 mins
Atlanta,Harrisburg,"1,151 km",10 hours 41 mins
Harrisburg,Pittsburgh,327 km,3 hours 16 mins
Harrisburg,Pittsburgh,327 km,3 hours 16 mins
Pittsburgh,Philadelphia,490 km,4 hours 46 mins
Pittsburgh,Philadelphia,490 km,4 hours 46 mins
Philadelphia,Atlanta,"1,261 km",11 hours 47 mins
Philadelphia,Atlanta,"1,261 km",11 hours 47 mins
South Bend,Fort Myers,"2,010 km",18 hours 23 mins
South Bend,Fort Myers,"2,010 km",18 hours 23 mins
Fort Myers,Gainesville,399 km,3 hours 43 mins
Fort Myers,Gainesville,399 km,3 hours 43 mins
Gainesville,Orlando,181 km,1 hour 46 mins
Gainesville,Orlando,181 km,1 hour 46 mins
Orlando,South Bend,"1,792 km",16 hours 22 mins
Orlando,South Bend,"1,792 km",16 hours 22 mins
Sun Valley,Walla Walla,651 km,6 hours 29 mins
Sun Valley,Walla Walla,651 km,6 hours 29 mins
Walla Walla,Spokane,246 km,2 hours 44 mins
Walla Walla,Spokane,246 km,2 hours 44 mins
Spokane,Wenatchee,272 km,2 hours 41 mins
Spokane,Wenatchee,272 km,2 hours 41 mins
Wenatchee,Sun Valley,918 km,9 hours 5 mins
Wenatchee,Sun Valley,918 km,9 hours 5 mins
Fort Lauderdale,Pittsburgh,"1,858 km",16 hours 53 mins
Fort Lauderdale,Pittsburgh,"1,858 km",16 hours 53 mins
Pittsburgh,Latrobe,64.2 km,53 mins
Pittsburgh,Latrobe,64.2 km,53 mins
Latrobe,Philadelphia,413 km,4 hours 25 mins
Latrobe,Philadelphia,413 km,4 hours 25 mins
Philadelphia,Fort Lauderdale,"1,895 km",17 hours 2 mins
Philadelphia,Fort Lauderdale,"1,895 km",17 hours 2 mins
Roswell,Dallas,791 km,7 hours 13 mins
Roswell,Dallas,791 km,7 hours 13 mins
Dallas,Abilene,291 km,2 hours 41 mins
Dallas,Abilene,291 km,2 hours 41 mins
Abilene,Amarillo,446 km,4 hours 10 mins
Abilene,Amarillo,446 km,4 hours 10 mins
Amarillo,Roswell,345 km,3 hours 29 mins
Amarillo,Roswell,345 km,3 hours 29 mins
Providence,Buffalo,723 km,6 hours 49 mins
Providence,Buffalo,723 km,6 hours 49 mins
Buffalo,Niagara Falls,31.9 km,26 mins
Buffalo,Niagara Falls,31.9 km,26 mins
Niagara Falls,Islip,741 km,7 hours 19 mins
Niagara Falls,Islip,741 km,7 hours 19 mins
Islip,Providence,225 km,3 hours 32 mins
Islip,Providence,225 km,3 hours 32 mins
Philadelphia,Madison,"1,457 km",13 hours 44 mins
Philadelphia,Madison,"1,457 km",13 hours 44 mins
Madison,Green Bay,226 km,2 hours 20 mins
Madison,Green Bay,226 km,2 hours 20 mins
Green Bay,Milwaukee,188 km,1 hour 49 mins
Green Bay,Milwaukee,188 km,1 hour 49 mins
Milwaukee,Philadelphia,"1,367 km",12 hours 54 mins
Milwaukee,Philadelphia,"1,367 km",12 hours 54 mins
Los Angeles,San Diego,193 km,1 hour 57 mins
Los Angeles,San Diego,193 km,1 hour 57 mins
San Diego,San Francisco,808 km,7 hours 51 mins
San Diego,San Francisco,808 km,7 hours 51 mins
Dallas,Brownsville,877 km,7 hours 55 mins
Dallas,Brownsville,877 km,7 hours 55 mins
Brownsville,Austin,565 km,5 hours 8 mins
Brownsville,Austin,565 km,5 hours 8 mins
Syracuse,State College,379 km,4 hours 5 mins
Syracuse,State College,379 km,4 hours 5 mins
State College,Johnstown,137 km,1 hour 29 mins
State College,Johnstown,137 km,1 hour 29 mins
Johnstown,Harrisburg,222 km,2 hours 25 mins
Johnstown,Harrisburg,222 km,2 hours 25 mins
Harrisburg,Syracuse,406 km,3 hours 56 mins
Harrisburg,Syracuse,406 km,3 hours 56 mins
San Diego,Los Angeles,194 km,2 hours 0 mins
San Diego,Los Angeles,194 km,2 hours 0 mins
Los Angeles,San Francisco,614 km,5 hours 56 mins
Los Angeles,San Francisco,614 km,5 hours 56 mins
Moline,Abilene,"1,618 km",14 hours 27 mins
Moline,Abilene,"1,618 km",14 hours 27 mins
Abilene,Amarillo,446 km,4 hours 10 mins
Abilene,Amarillo,446 km,4 hours 10 mins
Amarillo,Lubbock,197 km,1 hour 47 mins
Amarillo,Lubbock,197 km,1 hour 47 mins
Lubbock,Moline,"1,704 km",15 hours 14 mins
Lubbock,Moline,"1,704 km",15 hours 14 mins
Cedar Rapids,Augusta,"1,579 km",14 hours 35 mins
Cedar Rapids,Augusta,"1,579 km",14 hours 35 mins
Augusta,Decatur,229 km,2 hours 19 mins
Augusta,Decatur,229 km,2 hours 19 mins
Decatur,Atlanta,13.0 km,19 mins
Decatur,Atlanta,13.0 km,19 mins
Atlanta,Cedar Rapids,"1,349 km",12 hours 26 mins
Atlanta,Cedar Rapids,"1,349 km",12 hours 26 mins
Bakersfield,Abilene,"2,072 km",19 hours 6 mins
Bakersfield,Abilene,"2,072 km",19 hours 6 mins
Abilene,Amarillo,446 km,4 hours 10 mins
Abilene,Amarillo,446 km,4 hours 10 mins
Amarillo,Lubbock,197 km,1 hour 47 mins
Amarillo,Lubbock,197 km,1 hour 47 mins
Lubbock,Bakersfield,"1,805 km",16 hours 39 mins
Lubbock,Bakersfield,"1,805 km",16 hours 39 mins
Dallas,Richmond,"2,054 km",18 hours 37 mins
Dallas,Richmond,"2,054 km",18 hours 37 mins
Richmond,Staunton,175 km,1 hour 43 mins
Richmond,Staunton,175 km,1 hour 43 mins
Staunton,Petersburg,209 km,2 hours 0 mins
Staunton,Petersburg,209 km,2 hours 0 mins
Petersburg,Dallas,"2,079 km",18 hours 42 mins
Petersburg,Dallas,"2,079 km",18 hours 42 mins
Chicago,Rockford,143 km,1 hour 32 mins
Chicago,Rockford,143 km,1 hour 32 mins
Rockford,Moline,191 km,1 hour 57 mins
Rockford,Moline,191 km,1 hour 57 mins
Moline,Boise,"2,466 km",21 hours 53 mins
Moline,Boise,"2,466 km",21 hours 53 mins
Rochester,Orlando,"1,987 km",18 hours 18 mins
Rochester,Orlando,"1,987 km",18 hours 18 mins
Orlando,Gainesville,179 km,1 hour 43 mins
Orlando,Gainesville,179 km,1 hour 43 mins
Gainesville,Fort Myers,398 km,3 hours 43 mins
Gainesville,Fort Myers,398 km,3 hours 43 mins
Fort Myers,Rochester,"2,259 km",20 hours 54 mins
Fort Myers,Rochester,"2,259 km",20 hours 54 mins
Grand Rapids,Lansing,110 km,1 hour 1 min
Grand Rapids,Lansing,110 km,1 hour 1 min
Lansing,Detroit,145 km,1 hour 24 mins
Lansing,Detroit,145 km,1 hour 24 mins
Austin,Nashville,"1,382 km",12 hours 31 mins
Austin,Nashville,"1,382 km",12 hours 31 mins
Nashville,Chattanooga,214 km,2 hours 4 mins
Nashville,Chattanooga,214 km,2 hours 4 mins
Chattanooga,Knoxville,181 km,1 hour 42 mins
Chattanooga,Knoxville,181 km,1 hour 42 mins
Knoxville,Austin,"1,671 km",15 hours 7 mins
Knoxville,Austin,"1,671 km",15 hours 7 mins
Baltimore,Fort Myers,"1,715 km",15 hours 41 mins
Baltimore,Fort Myers,"1,715 km",15 hours 41 mins
Fort Myers,Gainesville,399 km,3 hours 43 mins
Fort Myers,Gainesville,399 km,3 hours 43 mins
Gainesville,Orlando,181 km,1 hour 46 mins
Gainesville,Orlando,181 km,1 hour 46 mins
Orlando,Baltimore,"1,426 km",12 hours 53 mins
Orlando,Baltimore,"1,426 km",12 hours 53 mins
Austin,Minneapolis,"1,882 km",16 hours 46 mins
Austin,Minneapolis,"1,882 km",16 hours 46 mins
Minneapolis,Bemidji,347 km,3 hours 37 mins
Minneapolis,Bemidji,347 km,3 hours 37 mins
Bemidji,Hibbing,166 km,1 hour 56 mins
Bemidji,Hibbing,166 km,1 hour 56 mins
Hibbing,Austin,"2,192 km",19 hours 47 mins
Hibbing,Austin,"2,192 km",19 hours 47 mins
San Luis Obispo,Amarillo,"1,972 km",18 hours 0 mins
San Luis Obispo,Amarillo,"1,972 km",18 hours 0 mins
Amarillo,Abilene,461 km,4 hours 12 mins
Amarillo,Abilene,461 km,4 hours 12 mins
Abilene,Lubbock,263 km,2 hours 31 mins
Abilene,Lubbock,263 km,2 hours 31 mins
Lubbock,San Luis Obispo,"2,024 km",18 hours 52 mins
Lubbock,San Luis Obispo,"2,024 km",18 hours 52 mins
San Diego,Portland,"1,741 km",16 hours 38 mins
San Diego,Portland,"1,741 km",16 hours 38 mins
Portland,Medford,439 km,4 hours 17 mins
Portland,Medford,439 km,4 hours 17 mins
Medford,Eugene,268 km,2 hours 40 mins
Medford,Eugene,268 km,2 hours 40 mins
Eugene,San Diego,"1,572 km",14 hours 58 mins
Eugene,San Diego,"1,572 km",14 hours 58 mins
Raleigh,Belleville,"1,302 km",12 hours 17 mins
Raleigh,Belleville,"1,302 km",12 hours 17 mins
Belleville,Rockford,471 km,4 hours 30 mins
Belleville,Rockford,471 km,4 hours 30 mins
Rockford,Chicago,143 km,1 hour 34 mins
Rockford,Chicago,143 km,1 hour 34 mins
Chicago,Raleigh,"1,298 km",12 hours 28 mins
Chicago,Raleigh,"1,298 km",12 hours 28 mins
Detroit,Minneapolis,"1,119 km",10 hours 14 mins
Detroit,Minneapolis,"1,119 km",10 hours 14 mins
Minneapolis,Duluth,248 km,2 hours 16 mins
Minneapolis,Duluth,248 km,2 hours 16 mins
Duluth,Gustavus,357 km,3 hours 19 mins
Duluth,Gustavus,357 km,3 hours 19 mins
Gustavus,Detroit,"1,163 km",10 hours 36 mins
Gustavus,Detroit,"1,163 km",10 hours 36 mins
Raleigh,Nashville,867 km,8 hours 8 mins
Raleigh,Nashville,867 km,8 hours 8 mins
Nashville,Knoxville,290 km,2 hours 42 mins
Nashville,Knoxville,290 km,2 hours 42 mins
Knoxville,Memphis,629 km,5 hours 44 mins
Knoxville,Memphis,629 km,5 hours 44 mins
Memphis,Raleigh,"1,206 km",11 hours 13 mins
Memphis,Raleigh,"1,206 km",11 hours 13 mins
Philadelphia,Killeen,"2,610 km",23 hours 48 mins
Philadelphia,Killeen,"2,610 km",23 hours 48 mins
Killeen,Laredo,486 km,4 hours 38 mins
Killeen,Laredo,486 km,4 hours 38 mins
Laredo,Texarkana,978 km,8 hours 57 mins
Laredo,Texarkana,978 km,8 hours 57 mins
Texarkana,Philadelphia,"2,080 km",19 hours 5 mins
Texarkana,Philadelphia,"2,080 km",19 hours 5 mins
Cleveland,Orlando,"1,670 km",15 hours 12 mins
Cleveland,Orlando,"1,670 km",15 hours 12 mins
Orlando,Jacksonville,226 km,2 hours 2 mins
Orlando,Jacksonville,226 km,2 hours 2 mins
Jacksonville,Fort Myers,511 km,4 hours 55 mins
Jacksonville,Fort Myers,511 km,4 hours 55 mins
Fort Myers,Cleveland,"1,951 km",18 hours 0 mins
Fort Myers,Cleveland,"1,951 km",18 hours 0 mins
Bozeman,Chicago,"2,233 km",19 hours 51 mins
Bozeman,Chicago,"2,233 km",19 hours 51 mins
Chicago,Rockford,143 km,1 hour 32 mins
Chicago,Rockford,143 km,1 hour 32 mins
Rockford,Moline,191 km,1 hour 57 mins
Rockford,Moline,191 km,1 hour 57 mins
Moline,Bozeman,"1,992 km",18 hours 8 mins
Moline,Bozeman,"1,992 km",18 hours 8 mins
Houston,Amarillo,965 km,8 hours 50 mins
Houston,Amarillo,965 km,8 hours 50 mins
Amarillo,Dallas,589 km,5 hours 30 mins
Amarillo,Dallas,589 km,5 hours 30 mins
Bloomington,Dallas,"1,385 km",12 hours 47 mins
Bloomington,Dallas,"1,385 km",12 hours 47 mins
Dallas,Amarillo,588 km,5 hours 30 mins
Dallas,Amarillo,588 km,5 hours 30 mins
Amarillo,Houston,965 km,8 hours 49 mins
Amarillo,Houston,965 km,8 hours 49 mins
Houston,Bloomington,"1,585 km",14 hours 49 mins
Houston,Bloomington,"1,585 km",14 hours 49 mins
Bangor,Jacksonville,"2,219 km",20 hours 22 mins
Bangor,Jacksonville,"2,219 km",20 hours 22 mins
Jacksonville,Daytona Beach,153 km,1 hour 29 mins
Jacksonville,Daytona Beach,153 km,1 hour 29 mins
Daytona Beach,Gainesville,158 km,2 hours 1 min
Daytona Beach,Gainesville,158 km,2 hours 1 min
Gainesville,Bangor,"2,319 km",21 hours 29 mins
Gainesville,Bangor,"2,319 km",21 hours 29 mins
Twin Falls,Salt Lake City,351 km,3 hours 14 mins
Twin Falls,Salt Lake City,351 km,3 hours 14 mins
Salt Lake City,Moab,376 km,3 hours 42 mins
Salt Lake City,Moab,376 km,3 hours 42 mins
Moab,Ogden,434 km,4 hours 12 mins
Moab,Ogden,434 km,4 hours 12 mins
Ogden,Twin Falls,295 km,2 hours 45 mins
Ogden,Twin Falls,295 km,2 hours 45 mins
Charlotte,Detroit,"1,012 km",9 hours 50 mins
Charlotte,Detroit,"1,012 km",9 hours 50 mins
Detroit,Kalamazoo,226 km,2 hours 13 mins
Detroit,Kalamazoo,226 km,2 hours 13 mins
Kalamazoo,Grand Rapids,81.3 km,49 mins
Kalamazoo,Grand Rapids,81.3 km,49 mins
Grand Rapids,Charlotte,"1,197 km",11 hours 30 mins
Grand Rapids,Charlotte,"1,197 km",11 hours 30 mins
New York,Grand Rapids,"1,200 km",11 hours 15 mins
New York,Grand Rapids,"1,200 km",11 hours 15 mins
Grand Rapids,Alpena,385 km,3 hours 52 mins
Grand Rapids,Alpena,385 km,3 hours 52 mins
Alpena,Detroit,398 km,3 hours 52 mins
Alpena,Detroit,398 km,3 hours 52 mins
Detroit,New York,989 km,9 hours 22 mins
Detroit,New York,989 km,9 hours 22 mins
Salt Lake City,San Diego,"1,207 km",10 hours 48 mins
Salt Lake City,San Diego,"1,207 km",10 hours 48 mins
San Diego,Oakland,789 km,7 hours 38 mins
San Diego,Oakland,789 km,7 hours 38 mins
Oakland,Burbank,581 km,5 hours 29 mins
Oakland,Burbank,581 km,5 hours 29 mins
Burbank,Salt Lake City,"1,112 km",9 hours 55 mins
Burbank,Salt Lake City,"1,112 km",9 hours 55 mins
Baltimore,Tampa,"1,525 km",13 hours 56 mins
Baltimore,Tampa,"1,525 km",13 hours 56 mins
Tampa,Orlando,135 km,1 hour 21 mins
Tampa,Orlando,135 km,1 hour 21 mins
Orlando,Miami,378 km,3 hours 26 mins
Orlando,Miami,378 km,3 hours 26 mins
Miami,Baltimore,"1,758 km",15 hours 50 mins
Miami,Baltimore,"1,758 km",15 hours 50 mins
Tucson,Moline,"2,508 km",23 hours 42 mins
Tucson,Moline,"2,508 km",23 hours 42 mins
Moline,Belleville,417 km,3 hours 59 mins
Moline,Belleville,417 km,3 hours 59 mins
Belleville,Chicago,474 km,4 hours 36 mins
Belleville,Chicago,474 km,4 hours 36 mins
Tallahassee,Dallas,"1,346 km",12 hours 22 mins
Tallahassee,Dallas,"1,346 km",12 hours 22 mins
Dallas,Houston,385 km,3 hours 29 mins
Dallas,Houston,385 km,3 hours 29 mins
Houston,Corpus Christi,334 km,3 hours 12 mins
Houston,Corpus Christi,334 km,3 hours 12 mins
Corpus Christi,Tallahassee,"1,480 km",13 hours 26 mins
Corpus Christi,Tallahassee,"1,480 km",13 hours 26 mins
Orlando,Boston,"2,068 km",19 hours 1 min
Orlando,Boston,"2,068 km",19 hours 1 min
Boston,Nantucket,161 km,3 hours 37 mins
Boston,Nantucket,161 km,3 hours 37 mins
Nantucket,Martha's Vineyard,60.8 km,2 hours 35 mins
Nantucket,Martha's Vineyard,60.8 km,2 hours 35 mins
Martha's Vineyard,Orlando,"2,166 km",21 hours 4 mins
Martha's Vineyard,Orlando,"2,166 km",21 hours 4 mins
Chicago,Fort Myers,"2,076 km",18 hours 53 mins
Chicago,Fort Myers,"2,076 km",18 hours 53 mins
Fort Myers,Gainesville,399 km,3 hours 43 mins
Fort Myers,Gainesville,399 km,3 hours 43 mins
Gainesville,Orlando,181 km,1 hour 46 mins
Gainesville,Orlando,181 km,1 hour 46 mins
Orlando,Chicago,"1,858 km",16 hours 53 mins
Orlando,Chicago,"1,858 km",16 hours 53 mins
Richmond,Houston,"2,131 km",19 hours 11 mins
Richmond,Houston,"2,131 km",19 hours 11 mins
Houston,Amarillo,965 km,8 hours 50 mins
Houston,Amarillo,965 km,8 hours 50 mins
Amarillo,Dallas,589 km,5 hours 30 mins
Amarillo,Dallas,589 km,5 hours 30 mins
Dallas,Richmond,"2,054 km",18 hours 37 mins
Dallas,Richmond,"2,054 km",18 hours 37 mins
Columbus,Denver,"2,026 km",18 hours 16 mins
Columbus,Denver,"2,026 km",18 hours 16 mins
Denver,Gunnison,323 km,3 hours 39 mins
Denver,Gunnison,323 km,3 hours 39 mins
Gunnison,Durango,275 km,3 hours 43 mins
Gunnison,Durango,275 km,3 hours 43 mins
Durango,Columbus,"2,408 km",22 hours 47 mins
Durango,Columbus,"2,408 km",22 hours 47 mins
Jacksonville,Wilmington,702 km,6 hours 18 mins
Jacksonville,Wilmington,702 km,6 hours 18 mins
Wilmington,Charlotte,324 km,3 hours 24 mins
Wilmington,Charlotte,324 km,3 hours 24 mins
Charlotte,Asheville,209 km,2 hours 7 mins
Charlotte,Asheville,209 km,2 hours 7 mins
Asheville,Jacksonville,712 km,6 hours 25 mins
Asheville,Jacksonville,712 km,6 hours 25 mins
New Orleans,Paducah,916 km,8 hours 53 mins
New Orleans,Paducah,916 km,8 hours 53 mins
Paducah,Owensboro,205 km,2 hours 10 mins
Paducah,Owensboro,205 km,2 hours 10 mins
Owensboro,Lexington,286 km,2 hours 47 mins
Owensboro,Lexington,286 km,2 hours 47 mins
Lexington,New Orleans,"1,201 km",10 hours 53 mins
Lexington,New Orleans,"1,201 km",10 hours 53 mins
Atlanta,Abilene,"1,553 km",13 hours 53 mins
Atlanta,Abilene,"1,553 km",13 hours 53 mins
Abilene,Amarillo,446 km,4 hours 10 mins
Abilene,Amarillo,446 km,4 hours 10 mins
Amarillo,Lubbock,197 km,1 hour 47 mins
Amarillo,Lubbock,197 km,1 hour 47 mins
Lubbock,Atlanta,"1,815 km",16 hours 12 mins
Lubbock,Atlanta,"1,815 km",16 hours 12 mins
Providence,Fort Myers,"2,303 km",21 hours 28 mins
Providence,Fort Myers,"2,303 km",21 hours 28 mins
Fort Myers,Orlando,257 km,2 hours 59 mins
Fort Myers,Orlando,257 km,2 hours 59 mins
Orlando,Fort Lauderdale,341 km,3 hours 6 mins
Orlando,Fort Lauderdale,341 km,3 hours 6 mins
Fort Lauderdale,Providence,"2,314 km",21 hours 8 mins
Fort Lauderdale,Providence,"2,314 km",21 hours 8 mins
New Orleans,Dallas,816 km,7 hours 26 mins
New Orleans,Dallas,816 km,7 hours 26 mins
Dallas,Amarillo,588 km,5 hours 30 mins
Dallas,Amarillo,588 km,5 hours 30 mins
Amarillo,Houston,965 km,8 hours 49 mins
Amarillo,Houston,965 km,8 hours 49 mins
Houston,New Orleans,559 km,5 hours 10 mins
Houston,New Orleans,559 km,5 hours 10 mins
Raleigh,Tampa,"1,048 km",9 hours 34 mins
Raleigh,Tampa,"1,048 km",9 hours 34 mins
Tampa,Panama City,604 km,5 hours 38 mins
Tampa,Panama City,604 km,5 hours 38 mins
Panama City,Orlando,575 km,5 hours 25 mins
Panama City,Orlando,575 km,5 hours 25 mins
Orlando,Raleigh,955 km,8 hours 26 mins
Orlando,Raleigh,955 km,8 hours 26 mins
Miami,State College,"2,026 km",18 hours 17 mins
Miami,State College,"2,026 km",18 hours 17 mins
State College,Johnstown,137 km,1 hour 29 mins
State College,Johnstown,137 km,1 hour 29 mins
Johnstown,Harrisburg,222 km,2 hours 25 mins
Johnstown,Harrisburg,222 km,2 hours 25 mins
Harrisburg,Miami,"1,874 km",17 hours 2 mins
Harrisburg,Miami,"1,874 km",17 hours 2 mins
Cleveland,Alamosa,"2,393 km",22 hours 4 mins
Cleveland,Alamosa,"2,393 km",22 hours 4 mins
Alamosa,Grand Junction,396 km,4 hours 29 mins
Alamosa,Grand Junction,396 km,4 hours 29 mins
Grand Junction,Denver,391 km,3 hours 51 mins
Grand Junction,Denver,391 km,3 hours 51 mins
Denver,Cleveland,"2,147 km",19 hours 20 mins
Denver,Cleveland,"2,147 km",19 hours 20 mins
Memphis,Buffalo,"1,476 km",13 hours 27 mins
Memphis,Buffalo,"1,476 km",13 hours 27 mins
Buffalo,Niagara Falls,31.9 km,26 mins
Buffalo,Niagara Falls,31.9 km,26 mins
Niagara Falls,New York,657 km,6 hours 29 mins
Niagara Falls,New York,657 km,6 hours 29 mins
New York,Memphis,"1,762 km",16 hours 20 mins
New York,Memphis,"1,762 km",16 hours 20 mins
Hartford,Moline,"1,670 km",15 hours 31 mins
Hartford,Moline,"1,670 km",15 hours 31 mins
Moline,Belleville,417 km,3 hours 59 mins
Moline,Belleville,417 km,3 hours 59 mins
Belleville,Chicago,474 km,4 hours 36 mins
Belleville,Chicago,474 km,4 hours 36 mins
Chicago,Hartford,"1,436 km",13 hours 24 mins
Chicago,Hartford,"1,436 km",13 hours 24 mins
Harrisburg,Fort Myers,"1,823 km",16 hours 51 mins
Harrisburg,Fort Myers,"1,823 km",16 hours 51 mins
Fort Myers,Gainesville,399 km,3 hours 43 mins
Fort Myers,Gainesville,399 km,3 hours 43 mins
Gainesville,Miami,541 km,4 hours 57 mins
Gainesville,Miami,541 km,4 hours 57 mins
Miami,Harrisburg,"1,872 km",16 hours 49 mins
Miami,Harrisburg,"1,872 km",16 hours 49 mins
Kansas City,Flagstaff,"1,783 km",16 hours 47 mins
Kansas City,Flagstaff,"1,783 km",16 hours 47 mins
Flagstaff,Yuma,504 km,4 hours 46 mins
Flagstaff,Yuma,504 km,4 hours 46 mins
Yuma,Phoenix,298 km,2 hours 52 mins
Yuma,Phoenix,298 km,2 hours 52 mins
Phoenix,Kansas City,"1,939 km",18 hours 31 mins
Phoenix,Kansas City,"1,939 km",18 hours 31 mins
Greer,Philadelphia,"1,009 km",9 hours 32 mins
Greer,Philadelphia,"1,009 km",9 hours 32 mins
Philadelphia,State College,309 km,3 hours 12 mins
Philadelphia,State College,309 km,3 hours 12 mins
State College,Johnstown,137 km,1 hour 29 mins
State College,Johnstown,137 km,1 hour 29 mins
Johnstown,Greer,909 km,8 hours 48 mins
Johnstown,Greer,909 km,8 hours 48 mins
New York,Fort Myers,"2,014 km",18 hours 35 mins
New York,Fort Myers,"2,014 km",18 hours 35 mins
Fort Myers,Gainesville,399 km,3 hours 43 mins
Fort Myers,Gainesville,399 km,3 hours 43 mins
Gainesville,Orlando,181 km,1 hour 46 mins
Gainesville,Orlando,181 km,1 hour 46 mins
Orlando,New York,"1,725 km",15 hours 42 mins
Orlando,New York,"1,725 km",15 hours 42 mins
South Bend,Gainesville,"1,620 km",15 hours 2 mins
South Bend,Gainesville,"1,620 km",15 hours 2 mins
Gainesville,Miami,541 km,4 hours 57 mins
Gainesville,Miami,541 km,4 hours 57 mins
Miami,Panama City,938 km,8 hours 36 mins
Miami,Panama City,938 km,8 hours 36 mins
Panama City,South Bend,"1,422 km",13 hours 54 mins
Panama City,South Bend,"1,422 km",13 hours 54 mins
Wilmington,Dallas,"1,934 km",17 hours 20 mins
Wilmington,Dallas,"1,934 km",17 hours 20 mins
Dallas,Longview,206 km,1 hour 56 mins
Dallas,Longview,206 km,1 hour 56 mins
Longview,Waco,283 km,2 hours 57 mins
Longview,Waco,283 km,2 hours 57 mins
Waco,Wilmington,"2,008 km",18 hours 19 mins
Waco,Wilmington,"2,008 km",18 hours 19 mins
Greer,Wilmington,502 km,4 hours 42 mins
Greer,Wilmington,502 km,4 hours 42 mins
Wilmington,Charlotte,324 km,3 hours 24 mins
Wilmington,Charlotte,324 km,3 hours 24 mins
Charlotte,Asheville,209 km,2 hours 7 mins
Charlotte,Asheville,209 km,2 hours 7 mins
Asheville,Greer,101 km,1 hour 14 mins
Asheville,Greer,101 km,1 hour 14 mins
El Paso,Atlanta,"2,279 km",20 hours 16 mins
El Paso,Atlanta,"2,279 km",20 hours 16 mins
Atlanta,Augusta,233 km,2 hours 13 mins
Atlanta,Augusta,233 km,2 hours 13 mins
Augusta,Decatur,229 km,2 hours 19 mins
Augusta,Decatur,229 km,2 hours 19 mins
Decatur,El Paso,"2,296 km",20 hours 34 mins
Decatur,El Paso,"2,296 km",20 hours 34 mins
Tucson,Dallas,"1,537 km",13 hours 44 mins
Tucson,Dallas,"1,537 km",13 hours 44 mins
Dallas,San Angelo,415 km,3 hours 55 mins
Dallas,San Angelo,415 km,3 hours 55 mins
San Angelo,Houston,586 km,5 hours 46 mins
San Angelo,Houston,586 km,5 hours 46 mins
Houston,Tucson,"1,715 km",15 hours 14 mins
Houston,Tucson,"1,715 km",15 hours 14 mins
Charlotte,Buffalo,"1,061 km",10 hours 0 mins
Charlotte,Buffalo,"1,061 km",10 hours 0 mins
Buffalo,New York,600 km,6 hours 14 mins
Buffalo,New York,600 km,6 hours 14 mins
New York,Syracuse,398 km,4 hours 6 mins
New York,Syracuse,398 km,4 hours 6 mins
Syracuse,Charlotte,"1,170 km",10 hours 54 mins
Syracuse,Charlotte,"1,170 km",10 hours 54 mins
Providence,Augusta,"1,545 km",14 hours 37 mins
Providence,Augusta,"1,545 km",14 hours 37 mins
Augusta,Decatur,229 km,2 hours 19 mins
Augusta,Decatur,229 km,2 hours 19 mins
Decatur,Atlanta,13.0 km,19 mins
Decatur,Atlanta,13.0 km,19 mins
Atlanta,Providence,"1,681 km",15 hours 56 mins
Atlanta,Providence,"1,681 km",15 hours 56 mins
Traverse City,Moline,749 km,7 hours 0 mins
Traverse City,Moline,749 km,7 hours 0 mins
Moline,Belleville,417 km,3 hours 59 mins
Moline,Belleville,417 km,3 hours 59 mins
Belleville,Chicago,474 km,4 hours 36 mins
Belleville,Chicago,474 km,4 hours 36 mins
Chicago,Traverse City,514 km,4 hours 53 mins
Chicago,Traverse City,514 km,4 hours 53 mins
Sacramento,San Luis Obispo,471 km,4 hours 33 mins
Sacramento,San Luis Obispo,471 km,4 hours 33 mins
San Luis Obispo,Santa Barbara,152 km,1 hour 37 mins
San Luis Obispo,Santa Barbara,152 km,1 hour 37 mins
Santa Barbara,Dallas,"2,466 km",22 hours 16 mins
Santa Barbara,Dallas,"2,466 km",22 hours 16 mins
Los Angeles,Santa Ana,51.8 km,41 mins
Los Angeles,Santa Ana,51.8 km,41 mins
Santa Ana,San Francisco,666 km,6 hours 34 mins
Santa Ana,San Francisco,666 km,6 hours 34 mins
Pensacola,Dallas,"1,049 km",9 hours 44 mins
Pensacola,Dallas,"1,049 km",9 hours 44 mins
Dallas,San Antonio,441 km,4 hours 4 mins
Dallas,San Antonio,441 km,4 hours 4 mins
San Antonio,Houston,317 km,2 hours 56 mins
San Antonio,Houston,317 km,2 hours 56 mins
Houston,Pensacola,845 km,7 hours 38 mins
Houston,Pensacola,845 km,7 hours 38 mins
Seattle,San Diego,"2,020 km",19 hours 14 mins
Seattle,San Diego,"2,020 km",19 hours 14 mins
San Diego,Santa Rosa,882 km,8 hours 30 mins
San Diego,Santa Rosa,882 km,8 hours 30 mins
Santa Rosa,Los Angeles,690 km,6 hours 36 mins
Santa Rosa,Los Angeles,690 km,6 hours 36 mins
Los Angeles,Seattle,"1,826 km",17 hours 22 mins
Los Angeles,Seattle,"1,826 km",17 hours 22 mins
Madison,State College,"1,156 km",10 hours 56 mins
Madison,State College,"1,156 km",10 hours 56 mins
State College,Johnstown,137 km,1 hour 29 mins
State College,Johnstown,137 km,1 hour 29 mins
Johnstown,Philadelphia,384 km,3 hours 54 mins
Johnstown,Philadelphia,384 km,3 hours 54 mins
Philadelphia,Madison,"1,457 km",13 hours 44 mins
Philadelphia,Madison,"1,457 km",13 hours 44 mins
Des Moines,Flagstaff,"2,097 km",19 hours 33 mins
Des Moines,Flagstaff,"2,097 km",19 hours 33 mins
Flagstaff,Yuma,504 km,4 hours 46 mins
Flagstaff,Yuma,504 km,4 hours 46 mins
Yuma,Phoenix,298 km,2 hours 52 mins
Yuma,Phoenix,298 km,2 hours 52 mins
Phoenix,Des Moines,"2,249 km",21 hours 16 mins
Phoenix,Des Moines,"2,249 km",21 hours 16 mins
Asheville,Buffalo,"1,109 km",10 hours 26 mins
Asheville,Buffalo,"1,109 km",10 hours 26 mins
Buffalo,Niagara Falls,31.9 km,26 mins
Buffalo,Niagara Falls,31.9 km,26 mins
Niagara Falls,New York,657 km,6 hours 29 mins
Niagara Falls,New York,657 km,6 hours 29 mins
New York,Asheville,"1,110 km",10 hours 34 mins
New York,Asheville,"1,110 km",10 hours 34 mins
Tulsa,San Diego,"2,282 km",20 hours 46 mins
Tulsa,San Diego,"2,282 km",20 hours 46 mins
San Diego,Los Angeles,194 km,2 hours 0 mins
San Diego,Los Angeles,194 km,2 hours 0 mins
Los Angeles,Long Beach,38.5 km,28 mins
Los Angeles,Long Beach,38.5 km,28 mins
Long Beach,Tulsa,"2,332 km",20 hours 55 mins
Long Beach,Tulsa,"2,332 km",20 hours 55 mins
Milwaukee,Green Bay,188 km,1 hour 48 mins
Milwaukee,Green Bay,188 km,1 hour 48 mins
Green Bay,Madison,222 km,2 hours 22 mins
Green Bay,Madison,222 km,2 hours 22 mins
Des Moines,Moline,277 km,2 hours 33 mins
Des Moines,Moline,277 km,2 hours 33 mins
Moline,Belleville,417 km,3 hours 59 mins
Moline,Belleville,417 km,3 hours 59 mins
Belleville,Chicago,474 km,4 hours 36 mins
Belleville,Chicago,474 km,4 hours 36 mins
Chicago,Des Moines,537 km,4 hours 58 mins
Chicago,Des Moines,537 km,4 hours 58 mins
Charleston,Nashville,888 km,8 hours 22 mins
Charleston,Nashville,888 km,8 hours 22 mins
Nashville,Chattanooga,214 km,2 hours 4 mins
Nashville,Chattanooga,214 km,2 hours 4 mins
Chattanooga,Memphis,547 km,5 hours 0 mins
Chattanooga,Memphis,547 km,5 hours 0 mins
Memphis,Charleston,"1,108 km",10 hours 21 mins
Memphis,Charleston,"1,108 km",10 hours 21 mins
Providence,Atlanta,"1,689 km",16 hours 1 min
Providence,Atlanta,"1,689 km",16 hours 1 min
Atlanta,Valdosta,368 km,3 hours 20 mins
Atlanta,Valdosta,368 km,3 hours 20 mins
Valdosta,Augusta,350 km,4 hours 15 mins
Valdosta,Augusta,350 km,4 hours 15 mins
Augusta,Providence,"1,539 km",14 hours 32 mins
Augusta,Providence,"1,539 km",14 hours 32 mins
Newark,Bemidji,"2,255 km",21 hours 12 mins
Newark,Bemidji,"2,255 km",21 hours 12 mins
Bemidji,Minneapolis,347 km,3 hours 34 mins
Bemidji,Minneapolis,347 km,3 hours 34 mins
Minneapolis,Brainerd,203 km,2 hours 6 mins
Minneapolis,Brainerd,203 km,2 hours 6 mins
Brainerd,Newark,"2,123 km",19 hours 35 mins
Brainerd,Newark,"2,123 km",19 hours 35 mins
Elmira,Pellston,"1,016 km",9 hours 36 mins
Elmira,Pellston,"1,016 km",9 hours 36 mins
Pellston,Grand Rapids,327 km,3 hours 21 mins
Pellston,Grand Rapids,327 km,3 hours 21 mins
Grand Rapids,Detroit,253 km,2 hours 20 mins
Grand Rapids,Detroit,253 km,2 hours 20 mins
Detroit,Elmira,764 km,7 hours 7 mins
Detroit,Elmira,764 km,7 hours 7 mins
Punta Gorda,Texarkana,"1,747 km",15 hours 41 mins
Punta Gorda,Texarkana,"1,747 km",15 hours 41 mins
Texarkana,Austin,603 km,5 hours 30 mins
Texarkana,Austin,603 km,5 hours 30 mins
Austin,Brownsville,564 km,5 hours 10 mins
Austin,Brownsville,564 km,5 hours 10 mins
Brownsville,Punta Gorda,"2,300 km",20 hours 28 mins
Brownsville,Punta Gorda,"2,300 km",20 hours 28 mins
Dallas,Grand Forks,"1,857 km",16 hours 32 mins
Dallas,Grand Forks,"1,857 km",16 hours 32 mins
Grand Forks,Minot,338 km,3 hours 17 mins
Grand Forks,Minot,338 km,3 hours 17 mins
Minot,Williston,196 km,2 hours 1 min
Minot,Williston,196 km,2 hours 1 min
Williston,Dallas,"2,172 km",20 hours 38 mins
Williston,Dallas,"2,172 km",20 hours 38 mins
Roanoke,Johnstown,485 km,5 hours 4 mins
Roanoke,Johnstown,485 km,5 hours 4 mins
Johnstown,Philadelphia,384 km,3 hours 54 mins
Johnstown,Philadelphia,384 km,3 hours 54 mins
Philadelphia,Harrisburg,172 km,1 hour 51 mins
Philadelphia,Harrisburg,172 km,1 hour 51 mins
Harrisburg,Roanoke,474 km,4 hours 28 mins
Harrisburg,Roanoke,474 km,4 hours 28 mins
Charlotte,Philadelphia,868 km,8 hours 11 mins
Charlotte,Philadelphia,868 km,8 hours 11 mins
Philadelphia,State College,309 km,3 hours 12 mins
Philadelphia,State College,309 km,3 hours 12 mins
State College,Pittsburgh,225 km,2 hours 29 mins
State College,Pittsburgh,225 km,2 hours 29 mins
Pittsburgh,Charlotte,721 km,6 hours 56 mins
Pittsburgh,Charlotte,721 km,6 hours 56 mins
Oklahoma City,Orlando,"2,069 km",18 hours 30 mins
Oklahoma City,Orlando,"2,069 km",18 hours 30 mins
Orlando,Pensacola,724 km,6 hours 19 mins
Orlando,Pensacola,724 km,6 hours 19 mins
Pensacola,Miami,"1,085 km",9 hours 32 mins
Pensacola,Miami,"1,085 km",9 hours 32 mins
Miami,Oklahoma City,"2,446 km",21 hours 36 mins
Miami,Oklahoma City,"2,446 km",21 hours 36 mins
Chicago,Houston,"1,728 km",16 hours 14 mins
Chicago,Houston,"1,728 km",16 hours 14 mins
Houston,San Antonio,317 km,2 hours 56 mins
Houston,San Antonio,317 km,2 hours 56 mins
San Antonio,Dallas,440 km,4 hours 4 mins
San Antonio,Dallas,440 km,4 hours 4 mins
Dallas,Chicago,"1,491 km",14 hours 6 mins
Dallas,Chicago,"1,491 km",14 hours 6 mins
Denver,Shreveport,"1,583 km",14 hours 39 mins
Denver,Shreveport,"1,583 km",14 hours 39 mins
Shreveport,Lake Charles,302 km,3 hours 17 mins
Shreveport,Lake Charles,302 km,3 hours 17 mins
Lake Charles,New Orleans,331 km,3 hours 6 mins
Lake Charles,New Orleans,331 km,3 hours 6 mins
New Orleans,Denver,"2,097 km",19 hours 18 mins
New Orleans,Denver,"2,097 km",19 hours 18 mins
Myrtle Beach,Buffalo,"1,324 km",12 hours 51 mins
Myrtle Beach,Buffalo,"1,324 km",12 hours 51 mins
Buffalo,Niagara Falls,31.9 km,26 mins
Buffalo,Niagara Falls,31.9 km,26 mins
Niagara Falls,New York,657 km,6 hours 29 mins
Niagara Falls,New York,657 km,6 hours 29 mins
New York,Myrtle Beach,"1,066 km",10 hours 21 mins
New York,Myrtle Beach,"1,066 km",10 hours 21 mins
Punta Gorda,Sioux City,"2,623 km",23 hours 24 mins
Punta Gorda,Sioux City,"2,623 km",23 hours 24 mins
Sioux City,Dubuque,483 km,4 hours 43 mins
Sioux City,Dubuque,483 km,4 hours 43 mins
Dubuque,Des Moines,317 km,3 hours 13 mins
Dubuque,Des Moines,317 km,3 hours 13 mins
Des Moines,Punta Gorda,"2,339 km",21 hours 14 mins
Des Moines,Punta Gorda,"2,339 km",21 hours 14 mins
Oakland,Salt Lake City,"1,175 km",10 hours 41 mins
Oakland,Salt Lake City,"1,175 km",10 hours 41 mins
Salt Lake City,Moab,376 km,3 hours 42 mins
Salt Lake City,Moab,376 km,3 hours 42 mins
Moab,Ogden,434 km,4 hours 12 mins
Moab,Ogden,434 km,4 hours 12 mins
Ogden,Oakland,"1,228 km",11 hours 11 mins
Ogden,Oakland,"1,228 km",11 hours 11 mins
Key West,Wilmington,"1,511 km",14 hours 15 mins
Key West,Wilmington,"1,511 km",14 hours 15 mins
Wilmington,Charlotte,324 km,3 hours 24 mins
Wilmington,Charlotte,324 km,3 hours 24 mins
Charlotte,Fayetteville,223 km,2 hours 40 mins
Charlotte,Fayetteville,223 km,2 hours 40 mins
Fayetteville,Key West,"1,443 km",13 hours 34 mins
Fayetteville,Key West,"1,443 km",13 hours 34 mins
Harrisburg,Dallas,"2,225 km",20 hours 16 mins
Harrisburg,Dallas,"2,225 km",20 hours 16 mins
Dallas,Amarillo,588 km,5 hours 30 mins
Dallas,Amarillo,588 km,5 hours 30 mins
Amarillo,Houston,965 km,8 hours 49 mins
Amarillo,Houston,965 km,8 hours 49 mins
Houston,Harrisburg,"2,353 km",21 hours 16 mins
Houston,Harrisburg,"2,353 km",21 hours 16 mins
Philadelphia,Minneapolis,"1,878 km",17 hours 26 mins
Philadelphia,Minneapolis,"1,878 km",17 hours 26 mins
Minneapolis,Brainerd,203 km,2 hours 6 mins
Minneapolis,Brainerd,203 km,2 hours 6 mins
Brainerd,Duluth,184 km,2 hours 3 mins
Brainerd,Duluth,184 km,2 hours 3 mins
Duluth,Philadelphia,"1,982 km",18 hours 22 mins
Duluth,Philadelphia,"1,982 km",18 hours 22 mins
Sault Ste. Marie,Pellston,122 km,1 hour 16 mins
Sault Ste. Marie,Pellston,122 km,1 hour 16 mins
Pellston,Traverse City,137 km,1 hour 49 mins
Pellston,Traverse City,137 km,1 hour 49 mins
Traverse City,Alpena,204 km,2 hours 29 mins
Traverse City,Alpena,204 km,2 hours 29 mins
Alpena,Sault Ste. Marie,247 km,2 hours 39 mins
Alpena,Sault Ste. Marie,247 km,2 hours 39 mins
Myrtle Beach,Dallas,"1,847 km",16 hours 50 mins
Myrtle Beach,Dallas,"1,847 km",16 hours 50 mins
Dallas,Killeen,248 km,2 hours 17 mins
Dallas,Killeen,248 km,2 hours 17 mins
Killeen,Austin,108 km,1 hour 10 mins
Killeen,Austin,108 km,1 hour 10 mins
Austin,Myrtle Beach,"2,078 km",19 hours 14 mins
Austin,Myrtle Beach,"2,078 km",19 hours 14 mins
Miami,Austin,"2,176 km",19 hours 21 mins
Miami,Austin,"2,176 km",19 hours 21 mins
Austin,Lubbock,600 km,5 hours 57 mins
Austin,Lubbock,600 km,5 hours 57 mins
Lubbock,Dallas,558 km,5 hours 2 mins
Lubbock,Dallas,558 km,5 hours 2 mins
Dallas,Miami,"2,107 km",19 hours 2 mins
Dallas,Miami,"2,107 km",19 hours 2 mins
Columbus,Wilmington,974 km,9 hours 17 mins
Columbus,Wilmington,974 km,9 hours 17 mins
Wilmington,Fayetteville,149 km,1 hour 43 mins
Wilmington,Fayetteville,149 km,1 hour 43 mins
Fayetteville,Charlotte,223 km,2 hours 40 mins
Fayetteville,Charlotte,223 km,2 hours 40 mins
Charlotte,Columbus,685 km,6 hours 41 mins
Charlotte,Columbus,685 km,6 hours 41 mins
Monterey,Seattle,"1,458 km",13 hours 54 mins
Monterey,Seattle,"1,458 km",13 hours 54 mins
Seattle,Yakima,229 km,2 hours 14 mins
Seattle,Yakima,229 km,2 hours 14 mins
Yakima,Spokane,325 km,3 hours 2 mins
Yakima,Spokane,325 km,3 hours 2 mins
Spokane,Monterey,"1,569 km",15 hours 35 mins
Spokane,Monterey,"1,569 km",15 hours 35 mins
Everett,Portland,325 km,3 hours 12 mins
Everett,Portland,325 km,3 hours 12 mins
Portland,Medford,439 km,4 hours 17 mins
Portland,Medford,439 km,4 hours 17 mins
Medford,Eugene,268 km,2 hours 40 mins
Medford,Eugene,268 km,2 hours 40 mins
Eugene,Everett,500 km,4 hours 52 mins
Eugene,Everett,500 km,4 hours 52 mins
Dallas,Billings,"2,171 km",19 hours 36 mins
Dallas,Billings,"2,171 km",19 hours 36 mins
Billings,Missoula,555 km,4 hours 58 mins
Billings,Missoula,555 km,4 hours 58 mins
Missoula,Bozeman,325 km,2 hours 59 mins
Missoula,Bozeman,325 km,2 hours 59 mins
Bozeman,Dallas,"2,365 km",21 hours 28 mins
Bozeman,Dallas,"2,365 km",21 hours 28 mins
Tulsa,San Diego,"2,282 km",20 hours 46 mins
Tulsa,San Diego,"2,282 km",20 hours 46 mins
San Diego,Sacramento,812 km,7 hours 50 mins
San Diego,Sacramento,812 km,7 hours 50 mins
Sacramento,Fresno,275 km,2 hours 44 mins
Sacramento,Fresno,275 km,2 hours 44 mins
Fresno,Tulsa,"2,506 km",22 hours 31 mins
Fresno,Tulsa,"2,506 km",22 hours 31 mins
Appleton,Fort Myers,"2,395 km",21 hours 44 mins
Appleton,Fort Myers,"2,395 km",21 hours 44 mins
Fort Myers,Gainesville,399 km,3 hours 43 mins
Fort Myers,Gainesville,399 km,3 hours 43 mins
Gainesville,Orlando,181 km,1 hour 46 mins
Gainesville,Orlando,181 km,1 hour 46 mins
Orlando,Appleton,"2,179 km",19 hours 45 mins
Orlando,Appleton,"2,179 km",19 hours 45 mins
Greensboro,Dallas,"1,798 km",16 hours 15 mins
Greensboro,Dallas,"1,798 km",16 hours 15 mins
Dallas,Laredo,691 km,6 hours 21 mins
Dallas,Laredo,691 km,6 hours 21 mins
Laredo,Brownsville,329 km,3 hours 26 mins
Laredo,Brownsville,329 km,3 hours 26 mins
Brownsville,Greensboro,"2,377 km",21 hours 31 mins
Brownsville,Greensboro,"2,377 km",21 hours 31 mins
Houston,San Diego,"2,366 km",20 hours 58 mins
Houston,San Diego,"2,366 km",20 hours 58 mins
San Diego,Redding,"1,070 km",10 hours 10 mins
San Diego,Redding,"1,070 km",10 hours 10 mins
Redding,Palm Springs,"1,046 km",9 hours 45 mins
Redding,Palm Springs,"1,046 km",9 hours 45 mins
Palm Springs,Houston,"2,323 km",20 hours 47 mins
Palm Springs,Houston,"2,323 km",20 hours 47 mins
Grand Rapids,Escanaba,616 km,5 hours 49 mins
Grand Rapids,Escanaba,616 km,5 hours 49 mins
Escanaba,Detroit,700 km,6 hours 23 mins
Escanaba,Detroit,700 km,6 hours 23 mins
White Plains,Fort Myers,"2,063 km",19 hours 1 min
White Plains,Fort Myers,"2,063 km",19 hours 1 min
Fort Myers,Gainesville,399 km,3 hours 43 mins
Fort Myers,Gainesville,399 km,3 hours 43 mins
Gainesville,Orlando,181 km,1 hour 46 mins
Gainesville,Orlando,181 km,1 hour 46 mins
Orlando,White Plains,"1,776 km",16 hours 9 mins
Orlando,White Plains,"1,776 km",16 hours 9 mins
Harrisburg,Detroit,776 km,7 hours 17 mins
Harrisburg,Detroit,776 km,7 hours 17 mins
Detroit,Harrisburg,777 km,7 hours 18 mins
Detroit,Harrisburg,777 km,7 hours 18 mins
Minneapolis,Jacksonville,"2,370 km",21 hours 14 mins
Minneapolis,Jacksonville,"2,370 km",21 hours 14 mins
Jacksonville,Minneapolis,"2,377 km",21 hours 20 mins
Jacksonville,Minneapolis,"2,377 km",21 hours 20 mins
Baltimore,Syracuse,534 km,5 hours 10 mins
Baltimore,Syracuse,534 km,5 hours 10 mins
Syracuse,Baltimore,535 km,5 hours 8 mins
Syracuse,Baltimore,535 km,5 hours 8 mins
Orlando,Newark,"1,712 km",15 hours 29 mins
Orlando,Newark,"1,712 km",15 hours 29 mins
Newark,Orlando,"1,722 km",15 hours 37 mins
Newark,Orlando,"1,722 km",15 hours 37 mins
Wilmington,Washington,585 km,5 hours 31 mins
Wilmington,Washington,585 km,5 hours 31 mins
Washington,Wilmington,586 km,5 hours 31 mins
Washington,Wilmington,586 km,5 hours 31 mins
Dallas,Charlotte,"1,651 km",15 hours 2 mins
Dallas,Charlotte,"1,651 km",15 hours 2 mins
Charlotte,Dallas,"1,657 km",15 hours 2 mins
Charlotte,Dallas,"1,657 km",15 hours 2 mins
White Plains,Atlanta,"1,450 km",13 hours 34 mins
White Plains,Atlanta,"1,450 km",13 hours 34 mins
Atlanta,White Plains,"1,441 km",13 hours 32 mins
Atlanta,White Plains,"1,441 km",13 hours 32 mins
Buffalo,Boston,737 km,6 hours 50 mins
Buffalo,Boston,737 km,6 hours 50 mins
Boston,Buffalo,733 km,6 hours 50 mins
Boston,Buffalo,733 km,6 hours 50 mins
Denver,Savannah,"2,658 km",23 hours 49 mins
Denver,Savannah,"2,658 km",23 hours 49 mins
Savannah,Denver,"2,656 km",23 hours 53 mins
Savannah,Denver,"2,656 km",23 hours 53 mins
Peoria,Las Vegas,"2,702 km",23 hours 59 mins
Peoria,Las Vegas,"2,702 km",23 hours 59 mins
Las Vegas,Peoria,"2,701 km",23 hours 54 mins
Las Vegas,Peoria,"2,701 km",23 hours 54 mins
San Francisco,Tucson,"1,390 km",12 hours 50 mins
San Francisco,Tucson,"1,390 km",12 hours 50 mins
Tucson,San Francisco,"1,391 km",12 hours 55 mins
Tucson,San Francisco,"1,391 km",12 hours 55 mins
Baltimore,Louisville,982 km,9 hours 7 mins
Baltimore,Louisville,982 km,9 hours 7 mins
Louisville,Baltimore,981 km,9 hours 11 mins
Louisville,Baltimore,981 km,9 hours 11 mins
Myrtle Beach,Baltimore,757 km,7 hours 28 mins
Myrtle Beach,Baltimore,757 km,7 hours 28 mins
Baltimore,Myrtle Beach,766 km,7 hours 28 mins
Baltimore,Myrtle Beach,766 km,7 hours 28 mins
Memphis,Phoenix,"2,292 km",20 hours 44 mins
Memphis,Phoenix,"2,292 km",20 hours 44 mins
Phoenix,Memphis,"2,293 km",20 hours 40 mins
Phoenix,Memphis,"2,293 km",20 hours 40 mins
Missoula,Minneapolis,"1,901 km",16 hours 43 mins
Missoula,Minneapolis,"1,901 km",16 hours 43 mins
Minneapolis,Missoula,"1,902 km",16 hours 46 mins
Minneapolis,Missoula,"1,902 km",16 hours 46 mins
Houston,Gunnison,"1,677 km",16 hours 5 mins
Houston,Gunnison,"1,677 km",16 hours 5 mins
Gunnison,Houston,"1,679 km",16 hours 2 mins
Gunnison,Houston,"1,679 km",16 hours 2 mins
Fort Dodge,Denver,"1,131 km",10 hours 24 mins
Fort Dodge,Denver,"1,131 km",10 hours 24 mins
Denver,Fort Dodge,"1,134 km",10 hours 21 mins
Denver,Fort Dodge,"1,134 km",10 hours 21 mins
Pittsburgh,Detroit,460 km,4 hours 16 mins
Pittsburgh,Detroit,460 km,4 hours 16 mins
Detroit,Pittsburgh,460 km,4 hours 17 mins
Detroit,Pittsburgh,460 km,4 hours 17 mins
Missoula,Oakland,"1,565 km",16 hours 26 mins
Missoula,Oakland,"1,565 km",16 hours 26 mins
Oakland,Missoula,"1,565 km",16 hours 28 mins
Oakland,Missoula,"1,565 km",16 hours 28 mins
Charlottesville,New York,549 km,5 hours 46 mins
Charlottesville,New York,549 km,5 hours 46 mins
New York,Charlottesville,550 km,5 hours 46 mins
New York,Charlottesville,550 km,5 hours 46 mins
Dallas,Moline,"1,316 km",13 hours 4 mins
Dallas,Moline,"1,316 km",13 hours 4 mins
Moline,Dallas,"1,316 km",13 hours 3 mins
Moline,Dallas,"1,316 km",13 hours 3 mins
Montgomery,Dallas,"1,045 km",9 hours 44 mins
Montgomery,Dallas,"1,045 km",9 hours 44 mins
Dallas,Montgomery,"1,043 km",9 hours 45 mins
Dallas,Montgomery,"1,043 km",9 hours 45 mins
Richmond,Philadelphia,402 km,4 hours 1 min
Richmond,Philadelphia,402 km,4 hours 1 min
Philadelphia,Richmond,407 km,4 hours 2 mins
Philadelphia,Richmond,407 km,4 hours 2 mins
Albuquerque,San Diego,"1,242 km",11 hours 38 mins
Albuquerque,San Diego,"1,242 km",11 hours 38 mins
San Diego,Albuquerque,"1,240 km",11 hours 39 mins
San Diego,Albuquerque,"1,240 km",11 hours 39 mins
Denver,Laramie,212 km,2 hours 11 mins
Denver,Laramie,212 km,2 hours 11 mins
Laramie,Denver,208 km,2 hours 9 mins
Laramie,Denver,208 km,2 hours 9 mins
Panama City,Baltimore,"1,623 km",14 hours 57 mins
Panama City,Baltimore,"1,623 km",14 hours 57 mins
Baltimore,Panama City,"1,629 km",14 hours 55 mins
Baltimore,Panama City,"1,629 km",14 hours 55 mins
St. Louis,Detroit,852 km,7 hours 53 mins
St. Louis,Detroit,852 km,7 hours 53 mins
Detroit,St. Louis,852 km,7 hours 55 mins
Detroit,St. Louis,852 km,7 hours 55 mins
Dallas,Charlotte,"1,651 km",15 hours 2 mins
Dallas,Charlotte,"1,651 km",15 hours 2 mins
Charlotte,Dallas,"1,657 km",15 hours 2 mins
Charlotte,Dallas,"1,657 km",15 hours 2 mins
Denver,Cheyenne,164 km,1 hour 38 mins
Denver,Cheyenne,164 km,1 hour 38 mins
Cheyenne,Denver,161 km,1 hour 37 mins
Cheyenne,Denver,161 km,1 hour 37 mins
Atlanta,Philadelphia,"1,253 km",11 hours 44 mins
Atlanta,Philadelphia,"1,253 km",11 hours 44 mins
Philadelphia,Atlanta,"1,261 km",11 hours 47 mins
Philadelphia,Atlanta,"1,261 km",11 hours 47 mins
Salt Lake City,Las Vegas,677 km,5 hours 55 mins
Salt Lake City,Las Vegas,677 km,5 hours 55 mins
Las Vegas,Salt Lake City,677 km,5 hours 56 mins
Las Vegas,Salt Lake City,677 km,5 hours 56 mins
Pocatello,Salt Lake City,264 km,2 hours 21 mins
Pocatello,Salt Lake City,264 km,2 hours 21 mins
Salt Lake City,Pocatello,264 km,2 hours 20 mins
Salt Lake City,Pocatello,264 km,2 hours 20 mins
Fort Myers,Trenton,"1,917 km",17 hours 36 mins
Fort Myers,Trenton,"1,917 km",17 hours 36 mins
Trenton,Fort Myers,"1,922 km",17 hours 39 mins
Trenton,Fort Myers,"1,922 km",17 hours 39 mins
Washington,Syracuse,597 km,5 hours 58 mins
Washington,Syracuse,597 km,5 hours 58 mins
Syracuse,Washington,600 km,5 hours 59 mins
Syracuse,Washington,600 km,5 hours 59 mins
Santa Rosa,Portland,984 km,10 hours 0 mins
Santa Rosa,Portland,984 km,10 hours 0 mins
Portland,Santa Rosa,984 km,10 hours 3 mins
Portland,Santa Rosa,984 km,10 hours 3 mins
Miami,Atlantic City,"1,997 km",17 hours 59 mins
Miami,Atlantic City,"1,997 km",17 hours 59 mins
Atlantic City,Miami,"2,004 km",18 hours 7 mins
Atlantic City,Miami,"2,004 km",18 hours 7 mins
Norfolk,Baltimore,378 km,3 hours 56 mins
Norfolk,Baltimore,378 km,3 hours 56 mins
Baltimore,Norfolk,386 km,3 hours 51 mins
Baltimore,Norfolk,386 km,3 hours 51 mins
Chicago,Roanoke,"1,080 km",10 hours 30 mins
Chicago,Roanoke,"1,080 km",10 hours 30 mins
Roanoke,Chicago,"1,079 km",10 hours 32 mins
Roanoke,Chicago,"1,079 km",10 hours 32 mins
Boise,San Diego,"1,533 km",14 hours 24 mins
Boise,San Diego,"1,533 km",14 hours 24 mins
San Diego,Boise,"1,535 km",14 hours 24 mins
San Diego,Boise,"1,535 km",14 hours 24 mins
Fort Myers,Atlantic City,"1,947 km",17 hours 52 mins
Fort Myers,Atlantic City,"1,947 km",17 hours 52 mins
Atlantic City,Fort Myers,"1,953 km",17 hours 56 mins
Atlantic City,Fort Myers,"1,953 km",17 hours 56 mins
Savannah,Charlotte,405 km,3 hours 48 mins
Savannah,Charlotte,405 km,3 hours 48 mins
Charlotte,Savannah,406 km,3 hours 48 mins
Charlotte,Savannah,406 km,3 hours 48 mins
New York,Minneapolis,"1,927 km",18 hours 2 mins
New York,Minneapolis,"1,927 km",18 hours 2 mins
Minneapolis,New York,"1,934 km",17 hours 57 mins
Minneapolis,New York,"1,934 km",17 hours 57 mins
Baltimore,Memphis,"1,471 km",13 hours 28 mins
Baltimore,Memphis,"1,471 km",13 hours 28 mins
Memphis,Baltimore,"1,471 km",13 hours 30 mins
Memphis,Baltimore,"1,471 km",13 hours 30 mins
Memphis,Tampa,"1,349 km",12 hours 4 mins
Memphis,Tampa,"1,349 km",12 hours 4 mins
Tampa,Memphis,"1,362 km",12 hours 2 mins
Tampa,Memphis,"1,362 km",12 hours 2 mins
Asheville,Baltimore,819 km,7 hours 43 mins
Asheville,Baltimore,819 km,7 hours 43 mins
Baltimore,Asheville,819 km,7 hours 42 mins
Baltimore,Asheville,819 km,7 hours 42 mins
Houston,Colorado Springs,"1,546 km",14 hours 13 mins
Houston,Colorado Springs,"1,546 km",14 hours 13 mins
Colorado Springs,Houston,"1,551 km",14 hours 13 mins
Colorado Springs,Houston,"1,551 km",14 hours 13 mins
Little Rock,Atlanta,836 km,7 hours 43 mins
Little Rock,Atlanta,836 km,7 hours 43 mins
Atlanta,Little Rock,850 km,7 hours 41 mins
Atlanta,Little Rock,850 km,7 hours 41 mins
Clarksburg,Chicago,867 km,8 hours 18 mins
Clarksburg,Chicago,867 km,8 hours 18 mins
Chicago,Clarksburg,867 km,8 hours 16 mins
Chicago,Clarksburg,867 km,8 hours 16 mins
Bend,Los Angeles,"1,319 km",12 hours 48 mins
Bend,Los Angeles,"1,319 km",12 hours 48 mins
Los Angeles,Bend,"1,318 km",12 hours 46 mins
Los Angeles,Bend,"1,318 km",12 hours 46 mins
Las Vegas,Minot,"2,267 km",20 hours 47 mins
Las Vegas,Minot,"2,267 km",20 hours 47 mins
Minot,Las Vegas,"2,269 km",20 hours 50 mins
Minot,Las Vegas,"2,269 km",20 hours 50 mins
Belleville,Las Vegas,"2,595 km",23 hours 16 mins
Belleville,Las Vegas,"2,595 km",23 hours 16 mins
Las Vegas,Belleville,"2,594 km",23 hours 10 mins
Las Vegas,Belleville,"2,594 km",23 hours 10 mins
Kansas City,Los Angeles,"2,604 km",23 hours 22 mins
Kansas City,Los Angeles,"2,604 km",23 hours 22 mins
Los Angeles,Kansas City,"2,603 km",23 hours 12 mins
Los Angeles,Kansas City,"2,603 km",23 hours 12 mins
La Crosse,Detroit,912 km,8 hours 18 mins
La Crosse,Detroit,912 km,8 hours 18 mins
Detroit,La Crosse,915 km,8 hours 23 mins
Detroit,La Crosse,915 km,8 hours 23 mins
Reno,Portland,855 km,8 hours 47 mins
Reno,Portland,855 km,8 hours 47 mins
Portland,Reno,855 km,8 hours 49 mins
Portland,Reno,855 km,8 hours 49 mins
Phoenix,Nashville,"2,633 km",23 hours 49 mins
Phoenix,Nashville,"2,633 km",23 hours 49 mins
Nashville,Phoenix,"2,632 km",23 hours 51 mins
Nashville,Phoenix,"2,632 km",23 hours 51 mins
Green Bay,Orlando,"2,197 km",19 hours 59 mins
Green Bay,Orlando,"2,197 km",19 hours 59 mins
Orlando,Green Bay,"2,198 km",19 hours 56 mins
Orlando,Green Bay,"2,198 km",19 hours 56 mins
Washington,Plattsburgh,842 km,8 hours 8 mins
Washington,Plattsburgh,842 km,8 hours 8 mins
Plattsburgh,Washington,845 km,8 hours 8 mins
Plattsburgh,Washington,845 km,8 hours 8 mins
Lewisburg,Chicago,"1,006 km",9 hours 20 mins
Lewisburg,Chicago,"1,006 km",9 hours 20 mins
Chicago,Lewisburg,"1,006 km",9 hours 20 mins
Chicago,Lewisburg,"1,006 km",9 hours 20 mins
Syracuse,Newark,382 km,3 hours 44 mins
Syracuse,Newark,382 km,3 hours 44 mins
Newark,Syracuse,382 km,3 hours 49 mins
Newark,Syracuse,382 km,3 hours 49 mins
Minneapolis,Buffalo,"1,528 km",14 hours 2 mins
Minneapolis,Buffalo,"1,528 km",14 hours 2 mins
Buffalo,Minneapolis,"1,520 km",14 hours 4 mins
Buffalo,Minneapolis,"1,520 km",14 hours 4 mins
Miami,Tulsa,"2,342 km",20 hours 42 mins
Miami,Tulsa,"2,342 km",20 hours 42 mins
Tulsa,Miami,"2,326 km",20 hours 47 mins
Tulsa,Miami,"2,326 km",20 hours 47 mins
Los Angeles,Tucson,777 km,7 hours 10 mins
Los Angeles,Tucson,777 km,7 hours 10 mins
Tucson,Los Angeles,778 km,7 hours 12 mins
Tucson,Los Angeles,778 km,7 hours 12 mins
Minneapolis,Escanaba,589 km,5 hours 51 mins
Minneapolis,Escanaba,589 km,5 hours 51 mins
Escanaba,Minneapolis,590 km,5 hours 51 mins
Escanaba,Minneapolis,590 km,5 hours 51 mins
Lexington,Chicago,598 km,5 hours 46 mins
Lexington,Chicago,598 km,5 hours 46 mins
Chicago,Lexington,600 km,5 hours 46 mins
Chicago,Lexington,600 km,5 hours 46 mins
Charleston,Indianapolis,"1,171 km",10 hours 56 mins
Charleston,Indianapolis,"1,171 km",10 hours 56 mins
Indianapolis,Charleston,"1,171 km",10 hours 55 mins
Indianapolis,Charleston,"1,171 km",10 hours 55 mins
Phoenix,Bozeman,"1,721 km",16 hours 20 mins
Phoenix,Bozeman,"1,721 km",16 hours 20 mins
Bozeman,Phoenix,"1,723 km",16 hours 28 mins
Bozeman,Phoenix,"1,723 km",16 hours 28 mins
Missoula,Las Vegas,"1,517 km",13 hours 6 mins
Missoula,Las Vegas,"1,517 km",13 hours 6 mins
Las Vegas,Missoula,"1,517 km",13 hours 8 mins
Las Vegas,Missoula,"1,517 km",13 hours 8 mins
New York,Cleveland,744 km,7 hours 16 mins
New York,Cleveland,744 km,7 hours 16 mins
Cleveland,New York,744 km,7 hours 14 mins
Cleveland,New York,744 km,7 hours 14 mins
Moab,Denver,570 km,5 hours 23 mins
Moab,Denver,570 km,5 hours 23 mins
Denver,Moab,571 km,5 hours 25 mins
Denver,Moab,571 km,5 hours 25 mins
Washington,Savannah,925 km,8 hours 29 mins
Washington,Savannah,925 km,8 hours 29 mins
Savannah,Washington,924 km,8 hours 28 mins
Savannah,Washington,924 km,8 hours 28 mins
Austin,Chicago,"1,871 km",16 hours 53 mins
Austin,Chicago,"1,871 km",16 hours 53 mins
Chicago,Austin,"1,803 km",16 hours 52 mins
Chicago,Austin,"1,803 km",16 hours 52 mins
Memphis,Baltimore,"1,471 km",13 hours 30 mins
Memphis,Baltimore,"1,471 km",13 hours 30 mins
Baltimore,Memphis,"1,471 km",13 hours 28 mins
Baltimore,Memphis,"1,471 km",13 hours 28 mins
Des Moines,Punta Gorda,"2,339 km",21 hours 14 mins
Des Moines,Punta Gorda,"2,339 km",21 hours 14 mins
Punta Gorda,Des Moines,"2,343 km",21 hours 14 mins
Punta Gorda,Des Moines,"2,343 km",21 hours 14 mins
Austin,Oklahoma City,624 km,5 hours 38 mins
Austin,Oklahoma City,624 km,5 hours 38 mins
Oklahoma City,Austin,625 km,5 hours 39 mins
Oklahoma City,Austin,625 km,5 hours 39 mins
Greer,New York,"1,147 km",10 hours 53 mins
Greer,New York,"1,147 km",10 hours 53 mins
New York,Greer,"1,156 km",10 hours 56 mins
New York,Greer,"1,156 km",10 hours 56 mins
San Antonio,San Diego,"2,052 km",18 hours 10 mins
San Antonio,San Diego,"2,052 km",18 hours 10 mins
San Diego,Bakersfield,372 km,3 hours 48 mins
San Diego,Bakersfield,372 km,3 hours 48 mins
Bakersfield,San Antonio,"2,354 km",21 hours 10 mins
Bakersfield,San Antonio,"2,354 km",21 hours 10 mins
Memphis,Houston,913 km,8 hours 44 mins
Memphis,Houston,913 km,8 hours 44 mins
Houston,Dallas,385 km,3 hours 27 mins
Houston,Dallas,385 km,3 hours 27 mins
Dallas,Memphis,728 km,6 hours 36 mins
Dallas,Memphis,728 km,6 hours 36 mins
Oklahoma City,Abilene,468 km,4 hours 18 mins
Oklahoma City,Abilene,468 km,4 hours 18 mins
Abilene,Amarillo,446 km,4 hours 10 mins
Abilene,Amarillo,446 km,4 hours 10 mins
Amarillo,Oklahoma City,417 km,3 hours 48 mins
Amarillo,Oklahoma City,417 km,3 hours 48 mins
Philadelphia,Pittsburgh,491 km,4 hours 48 mins
Philadelphia,Pittsburgh,491 km,4 hours 48 mins
Pittsburgh,Austin,"2,283 km",20 hours 51 mins
Pittsburgh,Austin,"2,283 km",20 hours 51 mins
Idaho Falls,Alamosa,"1,191 km",11 hours 47 mins
Idaho Falls,Alamosa,"1,191 km",11 hours 47 mins
Alamosa,Grand Junction,396 km,4 hours 29 mins
Alamosa,Grand Junction,396 km,4 hours 29 mins
Grand Junction,Idaho Falls,796 km,7 hours 16 mins
Grand Junction,Idaho Falls,796 km,7 hours 16 mins
Charlottesville,Augusta,698 km,6 hours 42 mins
Charlottesville,Augusta,698 km,6 hours 42 mins
Augusta,Decatur,229 km,2 hours 19 mins
Augusta,Decatur,229 km,2 hours 19 mins
Decatur,Charlottesville,815 km,7 hours 53 mins
Decatur,Charlottesville,815 km,7 hours 53 mins
Fayetteville,New York,873 km,8 hours 19 mins
Fayetteville,New York,873 km,8 hours 19 mins
New York,Binghamton,286 km,3 hours 6 mins
New York,Binghamton,286 km,3 hours 6 mins
Binghamton,Fayetteville,985 km,9 hours 26 mins
Binghamton,Fayetteville,985 km,9 hours 26 mins
Houston,Colorado Springs,"1,546 km",14 hours 13 mins
Houston,Colorado Springs,"1,546 km",14 hours 13 mins
Colorado Springs,Denver,113 km,1 hour 9 mins
Colorado Springs,Denver,113 km,1 hour 9 mins
Denver,Houston,"1,662 km",15 hours 16 mins
Denver,Houston,"1,662 km",15 hours 16 mins
Bloomington,Pellston,845 km,7 hours 40 mins
Bloomington,Pellston,845 km,7 hours 40 mins
Pellston,Alpena,157 km,1 hour 43 mins
Pellston,Alpena,157 km,1 hour 43 mins
Alpena,Bloomington,859 km,8 hours 8 mins
Alpena,Bloomington,859 km,8 hours 8 mins
Cedar Rapids,Pellston,924 km,9 hours 16 mins
Cedar Rapids,Pellston,924 km,9 hours 16 mins
Pellston,Traverse City,137 km,1 hour 49 mins
Pellston,Traverse City,137 km,1 hour 49 mins
Traverse City,Cedar Rapids,884 km,8 hours 15 mins
Traverse City,Cedar Rapids,884 km,8 hours 15 mins
Plattsburgh,Fort Lauderdale,"2,515 km",22 hours 40 mins
Plattsburgh,Fort Lauderdale,"2,515 km",22 hours 40 mins
Fort Lauderdale,Jacksonville,525 km,4 hours 38 mins
Fort Lauderdale,Jacksonville,525 km,4 hours 38 mins
Jacksonville,Plattsburgh,"1,980 km",18 hours 0 mins
Jacksonville,Plattsburgh,"1,980 km",18 hours 0 mins
Richmond,Detroit,"1,004 km",9 hours 28 mins
Richmond,Detroit,"1,004 km",9 hours 28 mins
Detroit,Muskegon,317 km,2 hours 55 mins
Detroit,Muskegon,317 km,2 hours 55 mins
Muskegon,Richmond,"1,281 km",11 hours 57 mins
Muskegon,Richmond,"1,281 km",11 hours 57 mins
Orlando,Charlotte,843 km,7 hours 30 mins
Orlando,Charlotte,843 km,7 hours 30 mins
Charlotte,Asheville,209 km,2 hours 7 mins
Charlotte,Asheville,209 km,2 hours 7 mins
Asheville,Orlando,939 km,8 hours 28 mins
Asheville,Orlando,939 km,8 hours 28 mins
Baltimore,Lynchburg,350 km,3 hours 52 mins
Baltimore,Lynchburg,350 km,3 hours 52 mins
Lynchburg,Petersburg,186 km,2 hours 2 mins
Lynchburg,Petersburg,186 km,2 hours 2 mins
Petersburg,Baltimore,276 km,2 hours 54 mins
Petersburg,Baltimore,276 km,2 hours 54 mins
Peoria,Nashville,716 km,6 hours 38 mins
Peoria,Nashville,716 km,6 hours 38 mins
Nashville,Chattanooga,214 km,2 hours 4 mins
Nashville,Chattanooga,214 km,2 hours 4 mins
Chattanooga,Peoria,927 km,8 hours 30 mins
Chattanooga,Peoria,927 km,8 hours 30 mins
Greer,Orlando,857 km,7 hours 42 mins
Greer,Orlando,857 km,7 hours 42 mins
Orlando,Miami,378 km,3 hours 26 mins
Orlando,Miami,378 km,3 hours 26 mins
Miami,Greer,"1,187 km",10 hours 36 mins
Miami,Greer,"1,187 km",10 hours 36 mins
Jacksonville,Evansville,"1,198 km",10 hours 51 mins
Jacksonville,Evansville,"1,198 km",10 hours 51 mins
Evansville,Indianapolis,277 km,2 hours 44 mins
Evansville,Indianapolis,277 km,2 hours 44 mins
Indianapolis,Jacksonville,"1,414 km",12 hours 51 mins
Indianapolis,Jacksonville,"1,414 km",12 hours 51 mins
Cedar Rapids,Punta Gorda,"2,233 km",20 hours 9 mins
Cedar Rapids,Punta Gorda,"2,233 km",20 hours 9 mins
Punta Gorda,Tampa,168 km,1 hour 32 mins
Punta Gorda,Tampa,168 km,1 hour 32 mins
Tampa,Cedar Rapids,"2,082 km",18 hours 48 mins
Tampa,Cedar Rapids,"2,082 km",18 hours 48 mins
Kansas City,Asheville,"1,363 km",12 hours 30 mins
Kansas City,Asheville,"1,363 km",12 hours 30 mins
Asheville,Charlotte,209 km,2 hours 7 mins
Asheville,Charlotte,209 km,2 hours 7 mins
Charlotte,Kansas City,"1,544 km",14 hours 22 mins
Charlotte,Kansas City,"1,544 km",14 hours 22 mins
Sioux Falls,Gainesville,"2,405 km",21 hours 45 mins
Sioux Falls,Gainesville,"2,405 km",21 hours 45 mins
Gainesville,Orlando,181 km,1 hour 46 mins
Gainesville,Orlando,181 km,1 hour 46 mins
Orlando,Sioux Falls,"2,576 km",23 hours 2 mins
Orlando,Sioux Falls,"2,576 km",23 hours 2 mins
Detroit,Lexington,555 km,5 hours 14 mins
Detroit,Lexington,555 km,5 hours 14 mins
Lexington,Louisville,127 km,1 hour 20 mins
Lexington,Louisville,127 km,1 hour 20 mins
Louisville,Detroit,581 km,5 hours 27 mins
Louisville,Detroit,581 km,5 hours 27 mins
Moline,Tampa,"1,992 km",17 hours 58 mins
Moline,Tampa,"1,992 km",17 hours 58 mins
Tampa,Orlando,135 km,1 hour 21 mins
Tampa,Orlando,135 km,1 hour 21 mins
Orlando,Moline,"1,966 km",17 hours 42 mins
Orlando,Moline,"1,966 km",17 hours 42 mins
St. Cloud,Pensacola,"2,112 km",19 hours 59 mins
St. Cloud,Pensacola,"2,112 km",19 hours 59 mins
Pensacola,Gainesville,552 km,4 hours 56 mins
Pensacola,Gainesville,552 km,4 hours 56 mins
Gainesville,St. Cloud,"2,457 km",22 hours 9 mins
Gainesville,St. Cloud,"2,457 km",22 hours 9 mins
Atlanta,Des Moines,"1,455 km",13 hours 32 mins
Atlanta,Des Moines,"1,455 km",13 hours 32 mins
Des Moines,Fort Dodge,154 km,1 hour 30 mins
Des Moines,Fort Dodge,154 km,1 hour 30 mins
Fort Dodge,Atlanta,"1,588 km",14 hours 40 mins
Fort Dodge,Atlanta,"1,588 km",14 hours 40 mins
Myrtle Beach,Latrobe,997 km,9 hours 55 mins
Myrtle Beach,Latrobe,997 km,9 hours 55 mins
Latrobe,Philadelphia,413 km,4 hours 25 mins
Latrobe,Philadelphia,413 km,4 hours 25 mins
Philadelphia,Myrtle Beach,926 km,9 hours 0 mins
Philadelphia,Myrtle Beach,926 km,9 hours 0 mins
Bozeman,San Diego,"1,863 km",17 hours 1 min
Bozeman,San Diego,"1,863 km",17 hours 1 min
San Diego,Redding,"1,070 km",10 hours 10 mins
San Diego,Redding,"1,070 km",10 hours 10 mins
Redding,Bozeman,"1,613 km",15 hours 27 mins
Redding,Bozeman,"1,613 km",15 hours 27 mins
Denver,Helena,"1,275 km",11 hours 24 mins
Denver,Helena,"1,275 km",11 hours 24 mins
Helena,Missoula,182 km,1 hour 46 mins
Helena,Missoula,182 km,1 hour 46 mins
Missoula,Denver,"1,439 km",12 hours 36 mins
Missoula,Denver,"1,439 km",12 hours 36 mins
Fort Wayne,Charlotte,938 km,9 hours 15 mins
Fort Wayne,Charlotte,938 km,9 hours 15 mins
Charlotte,Asheville,209 km,2 hours 7 mins
Charlotte,Asheville,209 km,2 hours 7 mins
Asheville,Fort Wayne,872 km,8 hours 31 mins
Asheville,Fort Wayne,872 km,8 hours 31 mins
Dayton,Johnstown,521 km,5 hours 9 mins
Dayton,Johnstown,521 km,5 hours 9 mins
Johnstown,Harrisburg,222 km,2 hours 25 mins
Johnstown,Harrisburg,222 km,2 hours 25 mins
Harrisburg,Dayton,705 km,6 hours 47 mins
Harrisburg,Dayton,705 km,6 hours 47 mins
St. Louis,Omaha,695 km,6 hours 21 mins
St. Louis,Omaha,695 km,6 hours 21 mins
Omaha,North Platte,451 km,4 hours 4 mins
Omaha,North Platte,451 km,4 hours 4 mins
North Platte,St. Louis,"1,077 km",9 hours 47 mins
North Platte,St. Louis,"1,077 km",9 hours 47 mins
Appleton,Wilmington,"1,825 km",17 hours 2 mins
Appleton,Wilmington,"1,825 km",17 hours 2 mins
Wilmington,Asheville,541 km,5 hours 19 mins
Wilmington,Asheville,541 km,5 hours 19 mins
Asheville,Appleton,"1,372 km",12 hours 46 mins
Asheville,Appleton,"1,372 km",12 hours 46 mins
Richmond,Hyannis,947 km,9 hours 26 mins
Richmond,Hyannis,947 km,9 hours 26 mins
Hyannis,Boston,114 km,1 hour 21 mins
Hyannis,Boston,114 km,1 hour 21 mins
Boston,Richmond,892 km,8 hours 44 mins
Boston,Richmond,892 km,8 hours 44 mins
Philadelphia,St. Louis,"1,425 km",13 hours 23 mins
Philadelphia,St. Louis,"1,425 km",13 hours 23 mins
St. Louis,Kansas City,399 km,3 hours 41 mins
St. Louis,Kansas City,399 km,3 hours 41 mins
Kansas City,Philadelphia,"1,811 km",16 hours 52 mins
Kansas City,Philadelphia,"1,811 km",16 hours 52 mins
Salt Lake City,Moab,376 km,3 hours 42 mins
Salt Lake City,Moab,376 km,3 hours 42 mins
Moab,Detroit,"2,605 km",23 hours 19 mins
Moab,Detroit,"2,605 km",23 hours 19 mins
Punta Gorda,Texarkana,"1,747 km",15 hours 41 mins
Punta Gorda,Texarkana,"1,747 km",15 hours 41 mins
Texarkana,Houston,466 km,4 hours 44 mins
Texarkana,Houston,466 km,4 hours 44 mins
Houston,Punta Gorda,"1,732 km",15 hours 16 mins
Houston,Punta Gorda,"1,732 km",15 hours 16 mins
Washington,Chicago,"1,120 km",10 hours 43 mins
Washington,Chicago,"1,120 km",10 hours 43 mins
Chicago,Rockford,143 km,1 hour 32 mins
Chicago,Rockford,143 km,1 hour 32 mins
Rockford,Washington,"1,269 km",12 hours 19 mins
Rockford,Washington,"1,269 km",12 hours 19 mins
Nashville,New Orleans,858 km,7 hours 42 mins
Nashville,New Orleans,858 km,7 hours 42 mins
New Orleans,Shreveport,526 km,4 hours 53 mins
New Orleans,Shreveport,526 km,4 hours 53 mins
Shreveport,Nashville,898 km,8 hours 12 mins
Shreveport,Nashville,898 km,8 hours 12 mins
St. Louis,Detroit,852 km,7 hours 53 mins
St. Louis,Detroit,852 km,7 hours 53 mins
Detroit,Traverse City,411 km,3 hours 53 mins
Detroit,Traverse City,411 km,3 hours 53 mins
Traverse City,St. Louis,946 km,8 hours 43 mins
Traverse City,St. Louis,946 km,8 hours 43 mins
Austin,Los Angeles,"2,217 km",20 hours 19 mins
Austin,Los Angeles,"2,217 km",20 hours 19 mins
Los Angeles,San Diego,193 km,1 hour 57 mins
Los Angeles,San Diego,193 km,1 hour 57 mins
San Diego,Austin,"2,091 km",19 hours 4 mins
San Diego,Austin,"2,091 km",19 hours 4 mins
Madison,State College,"1,156 km",10 hours 56 mins
Madison,State College,"1,156 km",10 hours 56 mins
State College,Johnstown,137 km,1 hour 29 mins
State College,Johnstown,137 km,1 hour 29 mins
Johnstown,Madison,"1,073 km",10 hours 24 mins
Johnstown,Madison,"1,073 km",10 hours 24 mins
Louisville,Houston,"1,530 km",14 hours 22 mins
Louisville,Houston,"1,530 km",14 hours 22 mins
Houston,Abilene,574 km,5 hours 38 mins
Houston,Abilene,574 km,5 hours 38 mins
Abilene,Louisville,"1,635 km",14 hours 52 mins
Abilene,Louisville,"1,635 km",14 hours 52 mins
Fort Myers,Texarkana,"1,783 km",16 hours 7 mins
Fort Myers,Texarkana,"1,783 km",16 hours 7 mins
Texarkana,Corpus Christi,799 km,7 hours 51 mins
Texarkana,Corpus Christi,799 km,7 hours 51 mins
Corpus Christi,Fort Myers,"2,106 km",18 hours 52 mins
Corpus Christi,Fort Myers,"2,106 km",18 hours 52 mins
Roanoke,Erie,741 km,7 hours 26 mins
Roanoke,Erie,741 km,7 hours 26 mins
Erie,State College,337 km,3 hours 25 mins
Erie,State College,337 km,3 hours 25 mins
State College,Roanoke,550 km,5 hours 27 mins
State College,Roanoke,550 km,5 hours 27 mins
Oakland,Spokane,"1,399 km",13 hours 49 mins
Oakland,Spokane,"1,399 km",13 hours 49 mins
Spokane,Seattle,449 km,4 hours 11 mins
Spokane,Seattle,449 km,4 hours 11 mins
Seattle,Oakland,"1,290 km",12 hours 19 mins
Seattle,Oakland,"1,290 km",12 hours 19 mins
Fresno,Flagstaff,949 km,8 hours 54 mins
Fresno,Flagstaff,949 km,8 hours 54 mins
Flagstaff,Yuma,504 km,4 hours 46 mins
Flagstaff,Yuma,504 km,4 hours 46 mins
Yuma,Fresno,788 km,7 hours 35 mins
Yuma,Fresno,788 km,7 hours 35 mins
Houston,Phoenix,"1,892 km",16 hours 47 mins
Houston,Phoenix,"1,892 km",16 hours 47 mins
Phoenix,Tucson,181 km,1 hour 44 mins
Phoenix,Tucson,181 km,1 hour 44 mins
Tucson,Houston,"1,717 km",15 hours 16 mins
Tucson,Houston,"1,717 km",15 hours 16 mins
Fort Wayne,Traverse City,509 km,4 hours 47 mins
Fort Wayne,Traverse City,509 km,4 hours 47 mins
Traverse City,Escanaba,423 km,4 hours 30 mins
Traverse City,Escanaba,423 km,4 hours 30 mins
Escanaba,Fort Wayne,814 km,7 hours 30 mins
Escanaba,Fort Wayne,814 km,7 hours 30 mins
Jacksonville,Binghamton,"1,611 km",14 hours 44 mins
Jacksonville,Binghamton,"1,611 km",14 hours 44 mins
Binghamton,New York,284 km,3 hours 3 mins
Binghamton,New York,284 km,3 hours 3 mins
New York,Jacksonville,"1,508 km",13 hours 47 mins
New York,Jacksonville,"1,508 km",13 hours 47 mins
Syracuse,Nashville,"1,367 km",12 hours 34 mins
Syracuse,Nashville,"1,367 km",12 hours 34 mins
Nashville,Knoxville,290 km,2 hours 42 mins
Nashville,Knoxville,290 km,2 hours 42 mins
Knoxville,Syracuse,"1,270 km",11 hours 42 mins
Knoxville,Syracuse,"1,270 km",11 hours 42 mins
Grand Rapids,Houston,"1,958 km",18 hours 16 mins
Grand Rapids,Houston,"1,958 km",18 hours 16 mins
Houston,Austin,266 km,2 hours 31 mins
Houston,Austin,266 km,2 hours 31 mins
Austin,Grand Rapids,"2,099 km",18 hours 55 mins
Austin,Grand Rapids,"2,099 km",18 hours 55 mins
Sarasota,Houston,"1,663 km",14 hours 44 mins
Sarasota,Houston,"1,663 km",14 hours 44 mins
Houston,Dallas,385 km,3 hours 27 mins
Houston,Dallas,385 km,3 hours 27 mins
Dallas,Sarasota,"1,859 km",16 hours 51 mins
Dallas,Sarasota,"1,859 km",16 hours 51 mins
Denver,Madison,"1,551 km",14 hours 0 mins
Denver,Madison,"1,551 km",14 hours 0 mins
Madison,Appleton,175 km,1 hour 53 mins
Madison,Appleton,175 km,1 hour 53 mins
Appleton,Denver,"1,714 km",15 hours 37 mins
Appleton,Denver,"1,714 km",15 hours 37 mins
San Diego,Sacramento,812 km,7 hours 50 mins
San Diego,Sacramento,812 km,7 hours 50 mins
Miami,Charlotte,"1,174 km",10 hours 26 mins
Miami,Charlotte,"1,174 km",10 hours 26 mins
Charlotte,Wilmington,323 km,3 hours 24 mins
Charlotte,Wilmington,323 km,3 hours 24 mins
Wilmington,Miami,"1,260 km",11 hours 17 mins
Wilmington,Miami,"1,260 km",11 hours 17 mins
San Antonio,Moline,"1,893 km",16 hours 54 mins
San Antonio,Moline,"1,893 km",16 hours 54 mins
Moline,Belleville,417 km,3 hours 59 mins
Moline,Belleville,417 km,3 hours 59 mins
Belleville,San Antonio,"1,481 km",14 hours 4 mins
Belleville,San Antonio,"1,481 km",14 hours 4 mins
Hartford,Charlotte,"1,202 km",11 hours 23 mins
Hartford,Charlotte,"1,202 km",11 hours 23 mins
Charlotte,Wilmington,323 km,3 hours 24 mins
Charlotte,Wilmington,323 km,3 hours 24 mins
Wilmington,Hartford,"1,133 km",10 hours 51 mins
Wilmington,Hartford,"1,133 km",10 hours 51 mins
Omaha,Kalamazoo,962 km,8 hours 53 mins
Omaha,Kalamazoo,962 km,8 hours 53 mins
Kalamazoo,Detroit,225 km,2 hours 10 mins
Kalamazoo,Detroit,225 km,2 hours 10 mins
Detroit,Omaha,"1,179 km",10 hours 49 mins
Detroit,Omaha,"1,179 km",10 hours 49 mins
Bloomington,Atlanta,828 km,7 hours 43 mins
Bloomington,Atlanta,828 km,7 hours 43 mins
Atlanta,Augusta,233 km,2 hours 13 mins
Atlanta,Augusta,233 km,2 hours 13 mins
Augusta,Bloomington,"1,063 km",9 hours 51 mins
Augusta,Bloomington,"1,063 km",9 hours 51 mins
Providence,Pellston,"1,502 km",13 hours 50 mins
Providence,Pellston,"1,502 km",13 hours 50 mins
Pellston,Detroit,452 km,3 hours 55 mins
Pellston,Detroit,452 km,3 hours 55 mins
Detroit,Providence,"1,127 km",10 hours 43 mins
Detroit,Providence,"1,127 km",10 hours 43 mins
Chicago,Buffalo,865 km,8 hours 6 mins
Chicago,Buffalo,865 km,8 hours 6 mins
Buffalo,New York,600 km,6 hours 14 mins
Buffalo,New York,600 km,6 hours 14 mins
New York,Chicago,"1,272 km",12 hours 5 mins
New York,Chicago,"1,272 km",12 hours 5 mins
Milwaukee,Buffalo,"1,011 km",9 hours 33 mins
Milwaukee,Buffalo,"1,011 km",9 hours 33 mins
Buffalo,Niagara Falls,31.9 km,26 mins
Buffalo,Niagara Falls,31.9 km,26 mins
Niagara Falls,Milwaukee,"1,040 km",9 hours 51 mins
Niagara Falls,Milwaukee,"1,040 km",9 hours 51 mins
Newark,Buffalo,585 km,5 hours 59 mins
Newark,Buffalo,585 km,5 hours 59 mins
Buffalo,New York,600 km,6 hours 14 mins
Buffalo,New York,600 km,6 hours 14 mins
New York,Newark,16.3 km,29 mins
New York,Newark,16.3 km,29 mins
Dallas,Toledo,"1,810 km",16 hours 27 mins
Dallas,Toledo,"1,810 km",16 hours 27 mins
Toledo,Cleveland,183 km,1 hour 50 mins
Toledo,Cleveland,183 km,1 hour 50 mins
Cleveland,Dallas,"1,903 km",17 hours 22 mins
Cleveland,Dallas,"1,903 km",17 hours 22 mins
Kalispell,San Diego,"2,217 km",19 hours 59 mins
Kalispell,San Diego,"2,217 km",19 hours 59 mins
San Diego,Los Angeles,194 km,2 hours 0 mins
San Diego,Los Angeles,194 km,2 hours 0 mins
Los Angeles,Kalispell,"2,119 km",19 hours 3 mins
Los Angeles,Kalispell,"2,119 km",19 hours 3 mins
Fort Lauderdale,Green Bay,"2,524 km",22 hours 49 mins
Fort Lauderdale,Green Bay,"2,524 km",22 hours 49 mins
Green Bay,Marquette,186 km,1 hour 46 mins
Green Bay,Marquette,186 km,1 hour 46 mins
Marquette,Fort Lauderdale,"2,335 km",21 hours 8 mins
Marquette,Fort Lauderdale,"2,335 km",21 hours 8 mins
Prescott,Alamosa,891 km,9 hours 21 mins
Prescott,Alamosa,891 km,9 hours 21 mins
Alamosa,Grand Junction,396 km,4 hours 29 mins
Alamosa,Grand Junction,396 km,4 hours 29 mins
Grand Junction,Prescott,854 km,8 hours 38 mins
Grand Junction,Prescott,854 km,8 hours 38 mins
San Francisco,Los Angeles,615 km,5 hours 53 mins
San Francisco,Los Angeles,615 km,5 hours 53 mins
New York,Pellston,"1,413 km",12 hours 57 mins
New York,Pellston,"1,413 km",12 hours 57 mins
Pellston,Traverse City,137 km,1 hour 49 mins
Pellston,Traverse City,137 km,1 hour 49 mins
Traverse City,New York,"1,372 km",12 hours 57 mins
Traverse City,New York,"1,372 km",12 hours 57 mins
Houston,Dallas,385 km,3 hours 27 mins
Houston,Dallas,385 km,3 hours 27 mins
Fresno,Abilene,"2,247 km",20 hours 42 mins
Fresno,Abilene,"2,247 km",20 hours 42 mins
Abilene,Amarillo,446 km,4 hours 10 mins
Abilene,Amarillo,446 km,4 hours 10 mins
Amarillo,Fresno,"1,927 km",17 hours 22 mins
Amarillo,Fresno,"1,927 km",17 hours 22 mins
El Paso,Dallas,"1,022 km",9 hours 6 mins
El Paso,Dallas,"1,022 km",9 hours 6 mins
Cedar Rapids,Pellston,924 km,9 hours 16 mins
Cedar Rapids,Pellston,924 km,9 hours 16 mins
Pellston,Alpena,157 km,1 hour 43 mins
Pellston,Alpena,157 km,1 hour 43 mins
Alpena,Cedar Rapids,"1,036 km",9 hours 48 mins
Alpena,Cedar Rapids,"1,036 km",9 hours 48 mins
Hartford,Charlotte,"1,202 km",11 hours 23 mins
Hartford,Charlotte,"1,202 km",11 hours 23 mins
Charlotte,Asheville,209 km,2 hours 7 mins
Charlotte,Asheville,209 km,2 hours 7 mins
Asheville,Hartford,"1,308 km",12 hours 20 mins
Asheville,Hartford,"1,308 km",12 hours 20 mins
Salt Lake City,Kalamazoo,"2,461 km",22 hours 4 mins
Salt Lake City,Kalamazoo,"2,461 km",22 hours 4 mins
Kalamazoo,Muskegon,147 km,1 hour 24 mins
Kalamazoo,Muskegon,147 km,1 hour 24 mins
Muskegon,Salt Lake City,"2,520 km",22 hours 49 mins
Muskegon,Salt Lake City,"2,520 km",22 hours 49 mins
Los Angeles,San Francisco,614 km,5 hours 56 mins
Los Angeles,San Francisco,614 km,5 hours 56 mins
Providence,New York,291 km,3 hours 14 mins
Providence,New York,291 km,3 hours 14 mins
New York,Buffalo,601 km,6 hours 16 mins
New York,Buffalo,601 km,6 hours 16 mins
Buffalo,Providence,726 km,6 hours 48 mins
Buffalo,Providence,726 km,6 hours 48 mins
Charlotte,Buffalo,"1,061 km",10 hours 0 mins
Charlotte,Buffalo,"1,061 km",10 hours 0 mins
Buffalo,New York,600 km,6 hours 14 mins
Buffalo,New York,600 km,6 hours 14 mins
New York,Charlotte,"1,016 km",9 hours 35 mins
New York,Charlotte,"1,016 km",9 hours 35 mins
Tulsa,Longview,459 km,4 hours 43 mins
Tulsa,Longview,459 km,4 hours 43 mins
Longview,Del Rio,821 km,8 hours 0 mins
Longview,Del Rio,821 km,8 hours 0 mins
Del Rio,Tulsa,"1,023 km",9 hours 24 mins
Del Rio,Tulsa,"1,023 km",9 hours 24 mins
Indianapolis,Denver,"1,744 km",15 hours 44 mins
Indianapolis,Denver,"1,744 km",15 hours 44 mins
Denver,Colorado Springs,114 km,1 hour 11 mins
Denver,Colorado Springs,114 km,1 hour 11 mins
Colorado Springs,Indianapolis,"1,718 km",15 hours 35 mins
Colorado Springs,Indianapolis,"1,718 km",15 hours 35 mins
Charlottesville,Augusta,698 km,6 hours 42 mins
Charlottesville,Augusta,698 km,6 hours 42 mins
Augusta,Atlanta,234 km,2 hours 12 mins
Augusta,Atlanta,234 km,2 hours 12 mins
Atlanta,Charlottesville,822 km,7 hours 52 mins
Atlanta,Charlottesville,822 km,7 hours 52 mins
Richmond,Moline,"1,495 km",14 hours 2 mins
Richmond,Moline,"1,495 km",14 hours 2 mins
Moline,Belleville,417 km,3 hours 59 mins
Moline,Belleville,417 km,3 hours 59 mins
Belleville,Richmond,"1,302 km",12 hours 7 mins
Belleville,Richmond,"1,302 km",12 hours 7 mins
San Luis Obispo,Los Angeles,304 km,3 hours 14 mins
San Luis Obispo,Los Angeles,304 km,3 hours 14 mins
Los Angeles,San Jose,546 km,5 hours 21 mins
Los Angeles,San Jose,546 km,5 hours 21 mins
San Jose,San Luis Obispo,297 km,2 hours 50 mins
San Jose,San Luis Obispo,297 km,2 hours 50 mins
Nashville,Norfolk,"1,135 km",10 hours 29 mins
Nashville,Norfolk,"1,135 km",10 hours 29 mins
Norfolk,Richmond,150 km,1 hour 36 mins
Norfolk,Richmond,150 km,1 hour 36 mins
Richmond,Nashville,989 km,9 hours 3 mins
Richmond,Nashville,989 km,9 hours 3 mins
Los Angeles,Seattle,"1,826 km",17 hours 22 mins
Los Angeles,Seattle,"1,826 km",17 hours 22 mins
Seattle,Wenatchee,238 km,2 hours 33 mins
Seattle,Wenatchee,238 km,2 hours 33 mins
Wenatchee,Los Angeles,"1,841 km",18 hours 31 mins
Wenatchee,Los Angeles,"1,841 km",18 hours 31 mins
Myrtle Beach,New York,"1,057 km",10 hours 16 mins
Myrtle Beach,New York,"1,057 km",10 hours 16 mins
New York,Syracuse,398 km,4 hours 6 mins
New York,Syracuse,398 km,4 hours 6 mins
Syracuse,Myrtle Beach,"1,283 km",12 hours 27 mins
Syracuse,Myrtle Beach,"1,283 km",12 hours 27 mins
Peoria,Flagstaff,"2,461 km",21 hours 56 mins
Peoria,Flagstaff,"2,461 km",21 hours 56 mins
Flagstaff,Phoenix,233 km,2 hours 18 mins
Flagstaff,Phoenix,233 km,2 hours 18 mins
Phoenix,Peoria,"2,614 km",23 hours 40 mins
Phoenix,Peoria,"2,614 km",23 hours 40 mins
Cincinnati,New York,"1,029 km",10 hours 0 mins
Cincinnati,New York,"1,029 km",10 hours 0 mins
New York,Watertown,510 km,5 hours 9 mins
New York,Watertown,510 km,5 hours 9 mins
Watertown,Cincinnati,"1,030 km",9 hours 27 mins
Watertown,Cincinnati,"1,030 km",9 hours 27 mins
Burbank,Seattle,"1,811 km",17 hours 9 mins
Burbank,Seattle,"1,811 km",17 hours 9 mins
Seattle,Yakima,229 km,2 hours 14 mins
Seattle,Yakima,229 km,2 hours 14 mins
Yakima,Burbank,"1,654 km",16 hours 28 mins
Yakima,Burbank,"1,654 km",16 hours 28 mins
San Diego,Los Angeles,194 km,2 hours 0 mins
San Diego,Los Angeles,194 km,2 hours 0 mins
Miami,Pittsburgh,"1,891 km",17 hours 13 mins
Miami,Pittsburgh,"1,891 km",17 hours 13 mins
Pittsburgh,Philadelphia,490 km,4 hours 46 mins
Pittsburgh,Philadelphia,490 km,4 hours 46 mins
Philadelphia,Miami,"1,925 km",17 hours 24 mins
Philadelphia,Miami,"1,925 km",17 hours 24 mins
Arcata,Denver,"2,202 km",20 hours 59 mins
Arcata,Denver,"2,202 km",20 hours 59 mins
Denver,Durango,542 km,6 hours 5 mins
Denver,Durango,542 km,6 hours 5 mins
Durango,Arcata,"1,918 km",19 hours 39 mins
Durango,Arcata,"1,918 km",19 hours 39 mins
Louisville,Wilmington,"1,112 km",10 hours 24 mins
Louisville,Wilmington,"1,112 km",10 hours 24 mins
Wilmington,Charlotte,324 km,3 hours 24 mins
Wilmington,Charlotte,324 km,3 hours 24 mins
Charlotte,Louisville,762 km,7 hours 21 mins
Charlotte,Louisville,762 km,7 hours 21 mins
San Antonio,Pellston,"2,550 km",23 hours 18 mins
San Antonio,Pellston,"2,550 km",23 hours 18 mins
Pellston,Traverse City,137 km,1 hour 49 mins
Pellston,Traverse City,137 km,1 hour 49 mins
Traverse City,San Antonio,"2,442 km",22 hours 19 mins
Traverse City,San Antonio,"2,442 km",22 hours 19 mins
Jacksonville,Evansville,"1,198 km",10 hours 51 mins
Jacksonville,Evansville,"1,198 km",10 hours 51 mins
Evansville,South Bend,512 km,5 hours 1 min
Evansville,South Bend,512 km,5 hours 1 min
South Bend,Jacksonville,"1,643 km",15 hours 7 mins
South Bend,Jacksonville,"1,643 km",15 hours 7 mins
Charlotte,Fort Myers,"1,123 km",10 hours 19 mins
Charlotte,Fort Myers,"1,123 km",10 hours 19 mins
Fort Myers,Gainesville,399 km,3 hours 43 mins
Fort Myers,Gainesville,399 km,3 hours 43 mins
Gainesville,Charlotte,729 km,6 hours 44 mins
Gainesville,Charlotte,729 km,6 hours 44 mins
Rochester,Pellston,898 km,8 hours 15 mins
Rochester,Pellston,898 km,8 hours 15 mins
Pellston,Detroit,452 km,3 hours 55 mins
Pellston,Detroit,452 km,3 hours 55 mins
Detroit,Rochester,524 km,5 hours 9 mins
Detroit,Rochester,524 km,5 hours 9 mins
Santa Ana,Twin Falls,"1,223 km",11 hours 31 mins
Santa Ana,Twin Falls,"1,223 km",11 hours 31 mins
Twin Falls,Pocatello,183 km,1 hour 46 mins
Twin Falls,Pocatello,183 km,1 hour 46 mins
Pocatello,Santa Ana,"1,368 km",12 hours 9 mins
Pocatello,Santa Ana,"1,368 km",12 hours 9 mins
Fort Myers,Toledo,"1,989 km",17 hours 48 mins
Fort Myers,Toledo,"1,989 km",17 hours 48 mins
Toledo,Cleveland,183 km,1 hour 50 mins
Toledo,Cleveland,183 km,1 hour 50 mins
Cleveland,Fort Myers,"1,948 km",17 hours 57 mins
Cleveland,Fort Myers,"1,948 km",17 hours 57 mins
New York,Nantucket,456 km,6 hours 38 mins
New York,Nantucket,456 km,6 hours 38 mins
Nantucket,Boston,165 km,3 hours 38 mins
Nantucket,Boston,165 km,3 hours 38 mins
Boston,New York,347 km,3 hours 46 mins
Boston,New York,347 km,3 hours 46 mins
Johnstown,Chicago,839 km,8 hours 9 mins
Johnstown,Chicago,839 km,8 hours 9 mins
Chicago,Moline,265 km,2 hours 37 mins
Chicago,Moline,265 km,2 hours 37 mins
Moline,Johnstown,"1,076 km",10 hours 15 mins
Moline,Johnstown,"1,076 km",10 hours 15 mins
Baltimore,Buffalo,594 km,6 hours 9 mins
Baltimore,Buffalo,594 km,6 hours 9 mins
Buffalo,New York,600 km,6 hours 14 mins
Buffalo,New York,600 km,6 hours 14 mins
New York,Baltimore,302 km,3 hours 10 mins
New York,Baltimore,302 km,3 hours 10 mins
Houston,San Antonio,317 km,2 hours 56 mins
Houston,San Antonio,317 km,2 hours 56 mins
Portland,San Francisco,"1,021 km",9 hours 51 mins
Portland,San Francisco,"1,021 km",9 hours 51 mins
San Francisco,Oakland,19.8 km,18 mins
San Francisco,Oakland,19.8 km,18 mins
Oakland,Portland,"1,012 km",9 hours 39 mins
Oakland,Portland,"1,012 km",9 hours 39 mins
Salt Lake City,Phoenix,"1,067 km",10 hours 15 mins
Salt Lake City,Phoenix,"1,067 km",10 hours 15 mins
Phoenix,Tucson,181 km,1 hour 44 mins
Phoenix,Tucson,181 km,1 hour 44 mins
Tucson,Salt Lake City,"1,247 km",11 hours 43 mins
Tucson,Salt Lake City,"1,247 km",11 hours 43 mins
San Diego,Sacramento,812 km,7 hours 50 mins
San Diego,Sacramento,812 km,7 hours 50 mins
Punta Gorda,Belleville,"1,762 km",15 hours 46 mins
Punta Gorda,Belleville,"1,762 km",15 hours 46 mins
Belleville,Rockford,471 km,4 hours 30 mins
Belleville,Rockford,471 km,4 hours 30 mins
Rockford,Punta Gorda,"2,176 km",19 hours 26 mins
Rockford,Punta Gorda,"2,176 km",19 hours 26 mins
Orlando,Fort Lauderdale,341 km,3 hours 6 mins
Orlando,Fort Lauderdale,341 km,3 hours 6 mins
Tucson,Los Angeles,778 km,7 hours 12 mins
Tucson,Los Angeles,778 km,7 hours 12 mins
Los Angeles,San Diego,193 km,1 hour 57 mins
Los Angeles,San Diego,193 km,1 hour 57 mins
San Diego,Tucson,653 km,5 hours 56 mins
San Diego,Tucson,653 km,5 hours 56 mins
Houston,State College,"2,423 km",22 hours 19 mins
Houston,State College,"2,423 km",22 hours 19 mins
State College,Johnstown,137 km,1 hour 29 mins
State College,Johnstown,137 km,1 hour 29 mins
Johnstown,Houston,"2,329 km",21 hours 20 mins
Johnstown,Houston,"2,329 km",21 hours 20 mins
Norfolk,Knoxville,850 km,7 hours 52 mins
Norfolk,Knoxville,850 km,7 hours 52 mins
Knoxville,Chattanooga,180 km,1 hour 41 mins
Knoxville,Chattanooga,180 km,1 hour 41 mins
Chattanooga,Norfolk,"1,025 km",9 hours 28 mins
Chattanooga,Norfolk,"1,025 km",9 hours 28 mins
Killeen,Dallas,249 km,2 hours 18 mins
Killeen,Dallas,249 km,2 hours 18 mins
Dallas,Houston,385 km,3 hours 29 mins
Dallas,Houston,385 km,3 hours 29 mins
Houston,Killeen,326 km,3 hours 9 mins
Houston,Killeen,326 km,3 hours 9 mins
Denver,Pittsburgh,"2,334 km",20 hours 57 mins
Denver,Pittsburgh,"2,334 km",20 hours 57 mins
Pittsburgh,Philadelphia,490 km,4 hours 46 mins
Pittsburgh,Philadelphia,490 km,4 hours 46 mins
State College,Moline,"1,154 km",10 hours 50 mins
State College,Moline,"1,154 km",10 hours 50 mins
Moline,Chicago,266 km,2 hours 43 mins
Moline,Chicago,266 km,2 hours 43 mins
Chicago,State College,913 km,8 hours 43 mins
Chicago,State College,913 km,8 hours 43 mins
Cedar Rapids,Abilene,"1,545 km",13 hours 48 mins
Cedar Rapids,Abilene,"1,545 km",13 hours 48 mins
Abilene,Amarillo,446 km,4 hours 10 mins
Abilene,Amarillo,446 km,4 hours 10 mins
Amarillo,Lubbock,197 km,1 hour 47 mins
Amarillo,Lubbock,197 km,1 hour 47 mins
Lubbock,Cedar Rapids,"1,632 km",14 hours 36 mins
Lubbock,Cedar Rapids,"1,632 km",14 hours 36 mins
Memphis,Charlotte,998 km,9 hours 27 mins
Memphis,Charlotte,998 km,9 hours 27 mins
Charlotte,Fayetteville,223 km,2 hours 40 mins
Charlotte,Fayetteville,223 km,2 hours 40 mins
Fayetteville,Wilmington,149 km,1 hour 44 mins
Fayetteville,Wilmington,149 km,1 hour 44 mins
Wilmington,Memphis,"1,303 km",11 hours 45 mins
Wilmington,Memphis,"1,303 km",11 hours 45 mins
New Orleans,Paducah,916 km,8 hours 53 mins
New Orleans,Paducah,916 km,8 hours 53 mins
Paducah,Owensboro,205 km,2 hours 10 mins
Paducah,Owensboro,205 km,2 hours 10 mins
Owensboro,Lexington,286 km,2 hours 47 mins
Owensboro,Lexington,286 km,2 hours 47 mins
Lexington,New Orleans,"1,201 km",10 hours 53 mins
Lexington,New Orleans,"1,201 km",10 hours 53 mins
San Luis Obispo,Dallas,"2,554 km",23 hours 19 mins
San Luis Obispo,Dallas,"2,554 km",23 hours 19 mins
Dallas,Waco,155 km,1 hour 28 mins
Dallas,Waco,155 km,1 hour 28 mins
Waco,El Paso,990 km,9 hours 14 mins
Waco,El Paso,990 km,9 hours 14 mins
El Paso,San Luis Obispo,"1,596 km",14 hours 44 mins
El Paso,San Luis Obispo,"1,596 km",14 hours 44 mins
Greer,New York,"1,147 km",10 hours 53 mins
Greer,New York,"1,147 km",10 hours 53 mins
New York,Binghamton,286 km,3 hours 6 mins
New York,Binghamton,286 km,3 hours 6 mins
Binghamton,Rochester,256 km,2 hours 26 mins
Binghamton,Rochester,256 km,2 hours 26 mins
Rochester,Greer,"1,302 km",12 hours 18 mins
Rochester,Greer,"1,302 km",12 hours 18 mins
Knoxville,Philadelphia,"1,007 km",9 hours 20 mins
Knoxville,Philadelphia,"1,007 km",9 hours 20 mins
Philadelphia,Lewisburg,261 km,2 hours 41 mins
Philadelphia,Lewisburg,261 km,2 hours 41 mins
Lewisburg,Johnstown,242 km,2 hours 26 mins
Lewisburg,Johnstown,242 km,2 hours 26 mins
Johnstown,Knoxville,846 km,8 hours 3 mins
Johnstown,Knoxville,846 km,8 hours 3 mins
Des Moines,Kansas City,311 km,2 hours 52 mins
Des Moines,Kansas City,311 km,2 hours 52 mins
Kansas City,Branson,337 km,3 hours 16 mins
Kansas City,Branson,337 km,3 hours 16 mins
Branson,St. Louis,405 km,3 hours 49 mins
Branson,St. Louis,405 km,3 hours 49 mins
St. Louis,Des Moines,563 km,5 hours 28 mins
St. Louis,Des Moines,563 km,5 hours 28 mins
South Bend,Punta Gorda,"1,975 km",17 hours 58 mins
South Bend,Punta Gorda,"1,975 km",17 hours 58 mins
Punta Gorda,Miami,292 km,2 hours 42 mins
Punta Gorda,Miami,292 km,2 hours 42 mins
Miami,Fort Myers,255 km,2 hours 24 mins
Miami,Fort Myers,255 km,2 hours 24 mins
Fort Myers,South Bend,"2,012 km",18 hours 21 mins
Fort Myers,South Bend,"2,012 km",18 hours 21 mins
Orlando,Dubuque,"2,085 km",18 hours 49 mins
Orlando,Dubuque,"2,085 km",18 hours 49 mins
Dubuque,Des Moines,317 km,3 hours 13 mins
Dubuque,Des Moines,317 km,3 hours 13 mins
Des Moines,Fort Dodge,154 km,1 hour 30 mins
Des Moines,Fort Dodge,154 km,1 hour 30 mins
Fort Dodge,Orlando,"2,294 km",20 hours 53 mins
Fort Dodge,Orlando,"2,294 km",20 hours 53 mins
South Bend,Asheville,979 km,9 hours 18 mins
South Bend,Asheville,979 km,9 hours 18 mins
Asheville,Fayetteville,423 km,4 hours 9 mins
Asheville,Fayetteville,423 km,4 hours 9 mins
Fayetteville,Charlotte,223 km,2 hours 40 mins
Fayetteville,Charlotte,223 km,2 hours 40 mins
Charlotte,South Bend,"1,101 km",10 hours 53 mins
Charlotte,South Bend,"1,101 km",10 hours 53 mins
Appleton,Belleville,731 km,6 hours 51 mins
Appleton,Belleville,731 km,6 hours 51 mins
Belleville,Chicago,474 km,4 hours 36 mins
Belleville,Chicago,474 km,4 hours 36 mins
Chicago,Rockford,143 km,1 hour 32 mins
Chicago,Rockford,143 km,1 hour 32 mins
Rockford,Appleton,274 km,2 hours 47 mins
Rockford,Appleton,274 km,2 hours 47 mins
Jacksonville,State College,"1,469 km",13 hours 23 mins
Jacksonville,State College,"1,469 km",13 hours 23 mins
State College,Johnstown,137 km,1 hour 29 mins
State College,Johnstown,137 km,1 hour 29 mins
Johnstown,Harrisburg,222 km,2 hours 25 mins
Johnstown,Harrisburg,222 km,2 hours 25 mins
Harrisburg,Jacksonville,"1,317 km",12 hours 4 mins
Harrisburg,Jacksonville,"1,317 km",12 hours 4 mins
Gunnison,Abilene,"1,163 km",11 hours 23 mins
Gunnison,Abilene,"1,163 km",11 hours 23 mins
Abilene,Amarillo,446 km,4 hours 10 mins
Abilene,Amarillo,446 km,4 hours 10 mins
Amarillo,Lubbock,197 km,1 hour 47 mins
Amarillo,Lubbock,197 km,1 hour 47 mins
Lubbock,Gunnison,899 km,9 hours 3 mins
Lubbock,Gunnison,899 km,9 hours 3 mins
Dallas,Harrisburg,"2,224 km",20 hours 12 mins
Dallas,Harrisburg,"2,224 km",20 hours 12 mins
Harrisburg,Pittsburgh,327 km,3 hours 16 mins
Harrisburg,Pittsburgh,327 km,3 hours 16 mins
Pittsburgh,Philadelphia,490 km,4 hours 46 mins
Pittsburgh,Philadelphia,490 km,4 hours 46 mins
Philadelphia,Dallas,"2,361 km",21 hours 36 mins
Philadelphia,Dallas,"2,361 km",21 hours 36 mins
Omaha,Pellston,"1,336 km",12 hours 30 mins
Omaha,Pellston,"1,336 km",12 hours 30 mins
Pellston,Kalamazoo,407 km,4 hours 4 mins
Pellston,Kalamazoo,407 km,4 hours 4 mins
Kalamazoo,Detroit,225 km,2 hours 10 mins
Kalamazoo,Detroit,225 km,2 hours 10 mins
Detroit,Omaha,"1,179 km",10 hours 49 mins
Detroit,Omaha,"1,179 km",10 hours 49 mins
Baltimore,Pellston,"1,271 km",11 hours 32 mins
Baltimore,Pellston,"1,271 km",11 hours 32 mins
Pellston,Traverse City,137 km,1 hour 49 mins
Pellston,Traverse City,137 km,1 hour 49 mins
Traverse City,Alpena,204 km,2 hours 29 mins
Traverse City,Alpena,204 km,2 hours 29 mins
Alpena,Baltimore,"1,220 km",11 hours 32 mins
Alpena,Baltimore,"1,220 km",11 hours 32 mins
Los Angeles,Monterey,512 km,5 hours 10 mins
Los Angeles,Monterey,512 km,5 hours 10 mins
Monterey,San Francisco,191 km,2 hours 0 mins
Monterey,San Francisco,191 km,2 hours 0 mins
Orlando,Moline,"1,966 km",17 hours 42 mins
Orlando,Moline,"1,966 km",17 hours 42 mins
Moline,Belleville,417 km,3 hours 59 mins
Moline,Belleville,417 km,3 hours 59 mins
Belleville,Chicago,474 km,4 hours 36 mins
Belleville,Chicago,474 km,4 hours 36 mins
Chicago,Orlando,"1,858 km",16 hours 56 mins
Chicago,Orlando,"1,858 km",16 hours 56 mins
Cincinnati,Minneapolis,"1,135 km",10 hours 26 mins
Cincinnati,Minneapolis,"1,135 km",10 hours 26 mins
Minneapolis,International Falls,476 km,4 hours 35 mins
Minneapolis,International Falls,476 km,4 hours 35 mins
International Falls,Hibbing,162 km,1 hour 45 mins
International Falls,Hibbing,162 km,1 hour 45 mins
Hibbing,Cincinnati,"1,351 km",12 hours 40 mins
Hibbing,Cincinnati,"1,351 km",12 hours 40 mins
San Antonio,Los Angeles,"2,176 km",19 hours 29 mins
San Antonio,Los Angeles,"2,176 km",19 hours 29 mins
Los Angeles,San Diego,193 km,1 hour 57 mins
Los Angeles,San Diego,193 km,1 hour 57 mins
San Diego,San Francisco,808 km,7 hours 51 mins
San Diego,San Francisco,808 km,7 hours 51 mins
Great Falls,Seattle,"1,030 km",9 hours 45 mins
Great Falls,Seattle,"1,030 km",9 hours 45 mins
Seattle,Wenatchee,238 km,2 hours 33 mins
Seattle,Wenatchee,238 km,2 hours 33 mins
Wenatchee,Yakima,172 km,1 hour 55 mins
Wenatchee,Yakima,172 km,1 hour 55 mins
Yakima,Great Falls,906 km,8 hours 36 mins
Yakima,Great Falls,906 km,8 hours 36 mins
Tallahassee,Amarillo,"1,928 km",17 hours 46 mins
Tallahassee,Amarillo,"1,928 km",17 hours 46 mins
Amarillo,Lubbock,197 km,1 hour 47 mins
Amarillo,Lubbock,197 km,1 hour 47 mins
Lubbock,Corpus Christi,853 km,7 hours 45 mins
Lubbock,Corpus Christi,853 km,7 hours 45 mins
Corpus Christi,Tallahassee,"1,480 km",13 hours 26 mins
Corpus Christi,Tallahassee,"1,480 km",13 hours 26 mins
Kansas City,Buffalo,"1,586 km",14 hours 29 mins
Kansas City,Buffalo,"1,586 km",14 hours 29 mins
Buffalo,New York,600 km,6 hours 14 mins
Buffalo,New York,600 km,6 hours 14 mins
New York,Plattsburgh,503 km,4 hours 55 mins
New York,Plattsburgh,503 km,4 hours 55 mins
Plattsburgh,Kansas City,"2,173 km",20 hours 21 mins
Plattsburgh,Kansas City,"2,173 km",20 hours 21 mins
Cincinnati,Bemidji,"1,479 km",13 hours 54 mins
Cincinnati,Bemidji,"1,479 km",13 hours 54 mins
Bemidji,Minneapolis,347 km,3 hours 34 mins
Bemidji,Minneapolis,347 km,3 hours 34 mins
Minneapolis,Duluth,248 km,2 hours 16 mins
Minneapolis,Duluth,248 km,2 hours 16 mins
Duluth,Cincinnati,"1,231 km",11 hours 23 mins
Duluth,Cincinnati,"1,231 km",11 hours 23 mins
Philadelphia,Buffalo,603 km,6 hours 8 mins
Philadelphia,Buffalo,603 km,6 hours 8 mins
Buffalo,Niagara Falls,31.9 km,26 mins
Buffalo,Niagara Falls,31.9 km,26 mins
Niagara Falls,Watertown,363 km,3 hours 28 mins
Niagara Falls,Watertown,363 km,3 hours 28 mins
Watertown,Philadelphia,521 km,5 hours 2 mins
Watertown,Philadelphia,521 km,5 hours 2 mins
Huntsville,Pellston,"1,397 km",12 hours 44 mins
Huntsville,Pellston,"1,397 km",12 hours 44 mins
Pellston,Traverse City,137 km,1 hour 49 mins
Pellston,Traverse City,137 km,1 hour 49 mins
Traverse City,Alpena,204 km,2 hours 29 mins
Traverse City,Alpena,204 km,2 hours 29 mins
Alpena,Huntsville,"1,396 km",13 hours 4 mins
Alpena,Huntsville,"1,396 km",13 hours 4 mins
Buffalo,Dallas,"2,205 km",20 hours 5 mins
Buffalo,Dallas,"2,205 km",20 hours 5 mins
Dallas,Amarillo,588 km,5 hours 30 mins
Dallas,Amarillo,588 km,5 hours 30 mins
Amarillo,Houston,965 km,8 hours 49 mins
Amarillo,Houston,965 km,8 hours 49 mins
Houston,Buffalo,"2,388 km",22 hours 6 mins
Houston,Buffalo,"2,388 km",22 hours 6 mins
Fort Myers,Wilmington,"1,210 km",11 hours 5 mins
Fort Myers,Wilmington,"1,210 km",11 hours 5 mins
Wilmington,Fayetteville,149 km,1 hour 43 mins
Wilmington,Fayetteville,149 km,1 hour 43 mins
Fayetteville,Charlotte,223 km,2 hours 40 mins
Fayetteville,Charlotte,223 km,2 hours 40 mins
Charlotte,Fort Myers,"1,123 km",10 hours 19 mins
Charlotte,Fort Myers,"1,123 km",10 hours 19 mins
New Orleans,Boston,"2,454 km",22 hours 36 mins
New Orleans,Boston,"2,454 km",22 hours 36 mins
Boston,Nantucket,161 km,3 hours 37 mins
Boston,Nantucket,161 km,3 hours 37 mins
Nantucket,Hyannis,47.0 km,2 hours 19 mins
Nantucket,Hyannis,47.0 km,2 hours 19 mins
Hyannis,New Orleans,"2,522 km",23 hours 20 mins
Hyannis,New Orleans,"2,522 km",23 hours 20 mins
Austin,Buffalo,"2,516 km",22 hours 46 mins
Austin,Buffalo,"2,516 km",22 hours 46 mins
Buffalo,New York,600 km,6 hours 14 mins
Buffalo,New York,600 km,6 hours 14 mins
New York,Niagara Falls,657 km,6 hours 31 mins
New York,Niagara Falls,657 km,6 hours 31 mins
Niagara Falls,Austin,"2,550 km",23 hours 14 mins
Niagara Falls,Austin,"2,550 km",23 hours 14 mins
Milwaukee,Augusta,"1,541 km",14 hours 14 mins
Milwaukee,Augusta,"1,541 km",14 hours 14 mins
Augusta,Decatur,229 km,2 hours 19 mins
Augusta,Decatur,229 km,2 hours 19 mins
Decatur,Atlanta,13.0 km,19 mins
Decatur,Atlanta,13.0 km,19 mins
Atlanta,Milwaukee,"1,309 km",12 hours 6 mins
Atlanta,Milwaukee,"1,309 km",12 hours 6 mins
Dayton,Charlotte,734 km,7 hours 5 mins
Dayton,Charlotte,734 km,7 hours 5 mins
Charlotte,Fayetteville,223 km,2 hours 40 mins
Charlotte,Fayetteville,223 km,2 hours 40 mins
Fayetteville,Wilmington,149 km,1 hour 44 mins
Fayetteville,Wilmington,149 km,1 hour 44 mins
Wilmington,Dayton,"1,024 km",9 hours 39 mins
Wilmington,Dayton,"1,024 km",9 hours 39 mins
Memphis,Chattanooga,542 km,4 hours 58 mins
Memphis,Chattanooga,542 km,4 hours 58 mins
Chattanooga,Knoxville,181 km,1 hour 42 mins
Chattanooga,Knoxville,181 km,1 hour 42 mins
San Diego,Los Angeles,194 km,2 hours 0 mins
San Diego,Los Angeles,194 km,2 hours 0 mins
Los Angeles,San Francisco,614 km,5 hours 56 mins
Los Angeles,San Francisco,614 km,5 hours 56 mins
Myrtle Beach,Dallas,"1,847 km",16 hours 50 mins
Myrtle Beach,Dallas,"1,847 km",16 hours 50 mins
Dallas,Laredo,691 km,6 hours 21 mins
Dallas,Laredo,691 km,6 hours 21 mins
Laredo,Austin,379 km,3 hours 37 mins
Laredo,Austin,379 km,3 hours 37 mins
Austin,Myrtle Beach,"2,078 km",19 hours 14 mins
Austin,Myrtle Beach,"2,078 km",19 hours 14 mins
Boston,State College,707 km,6 hours 53 mins
Boston,State College,707 km,6 hours 53 mins
State College,Johnstown,137 km,1 hour 29 mins
State College,Johnstown,137 km,1 hour 29 mins
Johnstown,Harrisburg,222 km,2 hours 25 mins
Johnstown,Harrisburg,222 km,2 hours 25 mins
Harrisburg,Boston,629 km,6 hours 11 mins
Harrisburg,Boston,629 km,6 hours 11 mins
Peoria,Houston,"1,520 km",14 hours 25 mins
Peoria,Houston,"1,520 km",14 hours 25 mins
Houston,Austin,266 km,2 hours 31 mins
Houston,Austin,266 km,2 hours 31 mins
Austin,Dallas,314 km,2 hours 53 mins
Austin,Dallas,314 km,2 hours 53 mins
Dallas,Peoria,"1,285 km",12 hours 8 mins
Dallas,Peoria,"1,285 km",12 hours 8 mins
Escanaba,Bemidji,688 km,7 hours 40 mins
Escanaba,Bemidji,688 km,7 hours 40 mins
Bemidji,Minneapolis,347 km,3 hours 34 mins
Bemidji,Minneapolis,347 km,3 hours 34 mins
Minneapolis,Duluth,248 km,2 hours 16 mins
Minneapolis,Duluth,248 km,2 hours 16 mins
Duluth,Escanaba,451 km,5 hours 8 mins
Duluth,Escanaba,451 km,5 hours 8 mins
San Francisco,Oakland,19.8 km,18 mins
San Francisco,Oakland,19.8 km,18 mins
Oakland,Los Angeles,597 km,5 hours 43 mins
Oakland,Los Angeles,597 km,5 hours 43 mins
Fort Lauderdale,Buffalo,"2,200 km",19 hours 55 mins
Fort Lauderdale,Buffalo,"2,200 km",19 hours 55 mins
Buffalo,Niagara Falls,31.9 km,26 mins
Buffalo,Niagara Falls,31.9 km,26 mins
Niagara Falls,Watertown,363 km,3 hours 28 mins
Niagara Falls,Watertown,363 km,3 hours 28 mins
Watertown,Fort Lauderdale,"2,365 km",21 hours 32 mins
Watertown,Fort Lauderdale,"2,365 km",21 hours 32 mins
Pittsburgh,Lubbock,"2,325 km",21 hours 16 mins
Pittsburgh,Lubbock,"2,325 km",21 hours 16 mins
Lubbock,Wichita Falls,336 km,3 hours 8 mins
Lubbock,Wichita Falls,336 km,3 hours 8 mins
Wichita Falls,San Antonio,613 km,5 hours 38 mins
Wichita Falls,San Antonio,613 km,5 hours 38 mins
San Antonio,Pittsburgh,"2,404 km",21 hours 56 mins
San Antonio,Pittsburgh,"2,404 km",21 hours 56 mins
State College,Detroit,636 km,6 hours 2 mins
State College,Detroit,636 km,6 hours 2 mins
Detroit,Lansing,146 km,1 hour 24 mins
Detroit,Lansing,146 km,1 hour 24 mins
Lansing,Kalamazoo,122 km,1 hour 17 mins
Lansing,Kalamazoo,122 km,1 hour 17 mins
Kalamazoo,State College,774 km,7 hours 26 mins
Kalamazoo,State College,774 km,7 hours 26 mins
Raleigh,New York,812 km,7 hours 47 mins
Raleigh,New York,812 km,7 hours 47 mins
New York,Buffalo,601 km,6 hours 16 mins
New York,Buffalo,601 km,6 hours 16 mins
Buffalo,Watertown,347 km,3 hours 15 mins
Buffalo,Watertown,347 km,3 hours 15 mins
Watertown,Raleigh,"1,150 km",10 hours 59 mins
Watertown,Raleigh,"1,150 km",10 hours 59 mins
Fort Myers,Buffalo,"2,183 km",20 hours 9 mins
Fort Myers,Buffalo,"2,183 km",20 hours 9 mins
Buffalo,Niagara Falls,31.9 km,26 mins
Buffalo,Niagara Falls,31.9 km,26 mins
Niagara Falls,New York,657 km,6 hours 29 mins
Niagara Falls,New York,657 km,6 hours 29 mins
New York,Fort Myers,"2,014 km",18 hours 35 mins
New York,Fort Myers,"2,014 km",18 hours 35 mins
Santa Barbara,Dallas,"2,466 km",22 hours 16 mins
Santa Barbara,Dallas,"2,466 km",22 hours 16 mins
Dallas,Houston,385 km,3 hours 29 mins
Dallas,Houston,385 km,3 hours 29 mins
Houston,Amarillo,965 km,8 hours 50 mins
Houston,Amarillo,965 km,8 hours 50 mins
Amarillo,Santa Barbara,"1,869 km",16 hours 57 mins
Amarillo,Santa Barbara,"1,869 km",16 hours 57 mins
Grand Rapids,Longview,"1,634 km",15 hours 8 mins
Grand Rapids,Longview,"1,634 km",15 hours 8 mins
Longview,Killeen,379 km,3 hours 46 mins
Longview,Killeen,379 km,3 hours 46 mins
Killeen,Dallas,249 km,2 hours 18 mins
Killeen,Dallas,249 km,2 hours 18 mins
Dallas,Grand Rapids,"1,785 km",16 hours 9 mins
Dallas,Grand Rapids,"1,785 km",16 hours 9 mins
Cincinnati,Philadelphia,921 km,8 hours 44 mins
Cincinnati,Philadelphia,921 km,8 hours 44 mins
Philadelphia,State College,309 km,3 hours 12 mins
Philadelphia,State College,309 km,3 hours 12 mins
State College,Pittsburgh,225 km,2 hours 29 mins
State College,Pittsburgh,225 km,2 hours 29 mins
Pittsburgh,Cincinnati,465 km,4 hours 26 mins
Pittsburgh,Cincinnati,465 km,4 hours 26 mins
San Jose,Wenatchee,"1,374 km",13 hours 56 mins
San Jose,Wenatchee,"1,374 km",13 hours 56 mins
Wenatchee,Yakima,172 km,1 hour 55 mins
Wenatchee,Yakima,172 km,1 hour 55 mins
Yakima,Seattle,229 km,2 hours 14 mins
Yakima,Seattle,229 km,2 hours 14 mins
Seattle,San Jose,"1,353 km",12 hours 57 mins
Seattle,San Jose,"1,353 km",12 hours 57 mins
Nashville,Pittsburgh,902 km,8 hours 25 mins
Nashville,Pittsburgh,902 km,8 hours 25 mins
Pittsburgh,Harrisburg,328 km,3 hours 17 mins
Pittsburgh,Harrisburg,328 km,3 hours 17 mins
Harrisburg,Philadelphia,171 km,1 hour 48 mins
Harrisburg,Philadelphia,171 km,1 hour 48 mins
Philadelphia,Nashville,"1,294 km",11 hours 59 mins
Philadelphia,Nashville,"1,294 km",11 hours 59 mins
Cincinnati,Charleston,"1,000 km",9 hours 20 mins
Cincinnati,Charleston,"1,000 km",9 hours 20 mins
Charleston,Myrtle Beach,158 km,2 hours 6 mins
Charleston,Myrtle Beach,158 km,2 hours 6 mins
Myrtle Beach,Greer,411 km,4 hours 12 mins
Myrtle Beach,Greer,411 km,4 hours 12 mins
Greer,Cincinnati,669 km,6 hours 30 mins
Greer,Cincinnati,669 km,6 hours 30 mins
Cincinnati,Minneapolis,"1,135 km",10 hours 26 mins
Cincinnati,Minneapolis,"1,135 km",10 hours 26 mins
Minneapolis,St. Cloud,105 km,1 hour 6 mins
Minneapolis,St. Cloud,105 km,1 hour 6 mins
St. Cloud,Hibbing,272 km,2 hours 58 mins
St. Cloud,Hibbing,272 km,2 hours 58 mins
Hibbing,Cincinnati,"1,351 km",12 hours 40 mins
Hibbing,Cincinnati,"1,351 km",12 hours 40 mins
Charleston,Pittsburgh,"1,053 km",10 hours 1 min
Charleston,Pittsburgh,"1,053 km",10 hours 1 min
Pittsburgh,Latrobe,64.2 km,53 mins
Pittsburgh,Latrobe,64.2 km,53 mins
Latrobe,Philadelphia,413 km,4 hours 25 mins
Latrobe,Philadelphia,413 km,4 hours 25 mins
Philadelphia,Charleston,"1,088 km",10 hours 8 mins
Philadelphia,Charleston,"1,088 km",10 hours 8 mins
Norfolk,Moline,"1,643 km",15 hours 28 mins
Norfolk,Moline,"1,643 km",15 hours 28 mins
Moline,Belleville,417 km,3 hours 59 mins
Moline,Belleville,417 km,3 hours 59 mins
Belleville,Chicago,474 km,4 hours 36 mins
Belleville,Chicago,474 km,4 hours 36 mins
Chicago,Norfolk,"1,427 km",13 hours 33 mins
Chicago,Norfolk,"1,427 km",13 hours 33 mins
Miami,Detroit,"2,230 km",19 hours 56 mins
Miami,Detroit,"2,230 km",19 hours 56 mins
Detroit,Muskegon,317 km,2 hours 55 mins
Detroit,Muskegon,317 km,2 hours 55 mins
Muskegon,Grand Rapids,67.5 km,42 mins
Muskegon,Grand Rapids,67.5 km,42 mins
Grand Rapids,Miami,"2,338 km",21 hours 14 mins
Grand Rapids,Miami,"2,338 km",21 hours 14 mins
St. Louis,Pellston,"1,041 km",9 hours 47 mins
St. Louis,Pellston,"1,041 km",9 hours 47 mins
Pellston,Traverse City,137 km,1 hour 49 mins
Pellston,Traverse City,137 km,1 hour 49 mins
Traverse City,Alpena,204 km,2 hours 29 mins
Traverse City,Alpena,204 km,2 hours 29 mins
Alpena,St. Louis,"1,098 km",10 hours 17 mins
Alpena,St. Louis,"1,098 km",10 hours 17 mins
Indianapolis,Pellston,765 km,6 hours 51 mins
Indianapolis,Pellston,765 km,6 hours 51 mins
Pellston,Traverse City,137 km,1 hour 49 mins
Pellston,Traverse City,137 km,1 hour 49 mins
Traverse City,Alpena,204 km,2 hours 29 mins
Traverse City,Alpena,204 km,2 hours 29 mins
Alpena,Indianapolis,779 km,7 hours 18 mins
Alpena,Indianapolis,779 km,7 hours 18 mins
Cincinnati,Asheville,587 km,5 hours 32 mins
Cincinnati,Asheville,587 km,5 hours 32 mins
Asheville,Charlotte,209 km,2 hours 7 mins
Asheville,Charlotte,209 km,2 hours 7 mins
Charlotte,Fayetteville,223 km,2 hours 40 mins
Charlotte,Fayetteville,223 km,2 hours 40 mins
Fayetteville,Cincinnati,852 km,8 hours 37 mins
Fayetteville,Cincinnati,852 km,8 hours 37 mins
Tallahassee,Dallas,"1,346 km",12 hours 22 mins
Tallahassee,Dallas,"1,346 km",12 hours 22 mins
Dallas,San Antonio,441 km,4 hours 4 mins
Dallas,San Antonio,441 km,4 hours 4 mins
San Antonio,Houston,317 km,2 hours 56 mins
San Antonio,Houston,317 km,2 hours 56 mins
Houston,Tallahassee,"1,141 km",10 hours 16 mins
Houston,Tallahassee,"1,141 km",10 hours 16 mins
Madison,Moline,269 km,2 hours 41 mins
Madison,Moline,269 km,2 hours 41 mins
Moline,Belleville,417 km,3 hours 59 mins
Moline,Belleville,417 km,3 hours 59 mins
Belleville,Chicago,474 km,4 hours 36 mins
Belleville,Chicago,474 km,4 hours 36 mins
Chicago,Madison,237 km,2 hours 23 mins
Chicago,Madison,237 km,2 hours 23 mins
Plattsburgh,Fort Lauderdale,"2,515 km",22 hours 40 mins
Plattsburgh,Fort Lauderdale,"2,515 km",22 hours 40 mins
Fort Lauderdale,Daytona Beach,389 km,3 hours 31 mins
Fort Lauderdale,Daytona Beach,389 km,3 hours 31 mins
Daytona Beach,Jacksonville,143 km,1 hour 28 mins
Daytona Beach,Jacksonville,143 km,1 hour 28 mins
Jacksonville,Plattsburgh,"1,980 km",18 hours 0 mins
Jacksonville,Plattsburgh,"1,980 km",18 hours 0 mins
Lake Charles,Houston,231 km,2 hours 12 mins
Lake Charles,Houston,231 km,2 hours 12 mins
Houston,Dallas,385 km,3 hours 27 mins
Houston,Dallas,385 km,3 hours 27 mins
Dallas,Amarillo,588 km,5 hours 30 mins
Dallas,Amarillo,588 km,5 hours 30 mins
Amarillo,Lake Charles,"1,131 km",10 hours 38 mins
Amarillo,Lake Charles,"1,131 km",10 hours 38 mins
Dallas,Gustavus,"1,477 km",13 hours 53 mins
Dallas,Gustavus,"1,477 km",13 hours 53 mins
Gustavus,St. Cloud,157 km,1 hour 56 mins
Gustavus,St. Cloud,157 km,1 hour 56 mins
St. Cloud,Minneapolis,106 km,1 hour 5 mins
St. Cloud,Minneapolis,106 km,1 hour 5 mins
Minneapolis,Dallas,"1,512 km",14 hours 6 mins
Minneapolis,Dallas,"1,512 km",14 hours 6 mins
San Jose,Seattle,"1,351 km",12 hours 53 mins
San Jose,Seattle,"1,351 km",12 hours 53 mins
Seattle,Wenatchee,238 km,2 hours 33 mins
Seattle,Wenatchee,238 km,2 hours 33 mins
Wenatchee,Spokane,273 km,2 hours 41 mins
Wenatchee,Spokane,273 km,2 hours 41 mins
Spokane,San Jose,"1,462 km",14 hours 33 mins
Spokane,San Jose,"1,462 km",14 hours 33 mins
Kansas City,Moline,587 km,5 hours 19 mins
Kansas City,Moline,587 km,5 hours 19 mins
Moline,Belleville,417 km,3 hours 59 mins
Moline,Belleville,417 km,3 hours 59 mins
Belleville,Chicago,474 km,4 hours 36 mins
Belleville,Chicago,474 km,4 hours 36 mins
Chicago,Kansas City,821 km,7 hours 36 mins
Chicago,Kansas City,821 km,7 hours 36 mins
Roanoke,Harrisburg,474 km,4 hours 27 mins
Roanoke,Harrisburg,474 km,4 hours 27 mins
Harrisburg,State College,139 km,1 hour 31 mins
Harrisburg,State College,139 km,1 hour 31 mins
State College,Pittsburgh,225 km,2 hours 29 mins
State College,Pittsburgh,225 km,2 hours 29 mins
Pittsburgh,Roanoke,546 km,5 hours 40 mins
Pittsburgh,Roanoke,546 km,5 hours 40 mins
Spokane,Bemidji,"2,056 km",18 hours 39 mins
Spokane,Bemidji,"2,056 km",18 hours 39 mins
Bemidji,Minneapolis,347 km,3 hours 34 mins
Bemidji,Minneapolis,347 km,3 hours 34 mins
Minneapolis,Duluth,248 km,2 hours 16 mins
Minneapolis,Duluth,248 km,2 hours 16 mins
Duluth,Spokane,"2,238 km",20 hours 43 mins
Duluth,Spokane,"2,238 km",20 hours 43 mins
Los Angeles,Long Beach,38.5 km,28 mins
Los Angeles,Long Beach,38.5 km,28 mins
Long Beach,San Francisco,652 km,6 hours 18 mins
Long Beach,San Francisco,652 km,6 hours 18 mins
Key West,State College,"2,278 km",21 hours 20 mins
Key West,State College,"2,278 km",21 hours 20 mins
State College,Johnstown,137 km,1 hour 29 mins
State College,Johnstown,137 km,1 hour 29 mins
Johnstown,Harrisburg,222 km,2 hours 25 mins
Johnstown,Harrisburg,222 km,2 hours 25 mins
Harrisburg,Key West,"2,127 km",20 hours 3 mins
Harrisburg,Key West,"2,127 km",20 hours 3 mins
Columbus,Augusta,944 km,9 hours 5 mins
Columbus,Augusta,944 km,9 hours 5 mins
Augusta,Decatur,229 km,2 hours 19 mins
Augusta,Decatur,229 km,2 hours 19 mins
Decatur,Atlanta,13.0 km,19 mins
Decatur,Atlanta,13.0 km,19 mins
Atlanta,Columbus,913 km,8 hours 20 mins
Atlanta,Columbus,913 km,8 hours 20 mins
Dallas,Charleston,"1,748 km",15 hours 56 mins
Dallas,Charleston,"1,748 km",15 hours 56 mins
Charleston,Myrtle Beach,158 km,2 hours 6 mins
Charleston,Myrtle Beach,158 km,2 hours 6 mins
Myrtle Beach,Greer,411 km,4 hours 12 mins
Myrtle Beach,Greer,411 km,4 hours 12 mins
Greer,Dallas,"1,516 km",13 hours 42 mins
Greer,Dallas,"1,516 km",13 hours 42 mins
Cincinnati,Houston,"1,688 km",15 hours 49 mins
Cincinnati,Houston,"1,688 km",15 hours 49 mins
Houston,San Antonio,317 km,2 hours 56 mins
Houston,San Antonio,317 km,2 hours 56 mins
San Antonio,Dallas,440 km,4 hours 4 mins
San Antonio,Dallas,440 km,4 hours 4 mins
Dallas,Cincinnati,"1,501 km",13 hours 40 mins
Dallas,Cincinnati,"1,501 km",13 hours 40 mins
Latrobe,Fort Myers,"1,826 km",17 hours 15 mins
Latrobe,Fort Myers,"1,826 km",17 hours 15 mins
Fort Myers,Gainesville,399 km,3 hours 43 mins
Fort Myers,Gainesville,399 km,3 hours 43 mins
Gainesville,Orlando,181 km,1 hour 46 mins
Gainesville,Orlando,181 km,1 hour 46 mins
Orlando,Latrobe,"1,546 km",14 hours 29 mins
Orlando,Latrobe,"1,546 km",14 hours 29 mins
Albuquerque,Flagstaff,519 km,4 hours 43 mins
Albuquerque,Flagstaff,519 km,4 hours 43 mins
Flagstaff,Yuma,504 km,4 hours 46 mins
Flagstaff,Yuma,504 km,4 hours 46 mins
Yuma,Phoenix,298 km,2 hours 52 mins
Yuma,Phoenix,298 km,2 hours 52 mins
Phoenix,Albuquerque,675 km,6 hours 29 mins
Phoenix,Albuquerque,675 km,6 hours 29 mins
Norfolk,Philadelphia,445 km,5 hours 1 min
Norfolk,Philadelphia,445 km,5 hours 1 min
Philadelphia,State College,309 km,3 hours 12 mins
Philadelphia,State College,309 km,3 hours 12 mins
State College,Johnstown,137 km,1 hour 29 mins
State College,Johnstown,137 km,1 hour 29 mins
Johnstown,Norfolk,590 km,6 hours 2 mins
Johnstown,Norfolk,590 km,6 hours 2 mins
Milwaukee,Bemidji,887 km,8 hours 24 mins
Milwaukee,Bemidji,887 km,8 hours 24 mins
Bemidji,Minneapolis,347 km,3 hours 34 mins
Bemidji,Minneapolis,347 km,3 hours 34 mins
Minneapolis,Duluth,248 km,2 hours 16 mins
Minneapolis,Duluth,248 km,2 hours 16 mins
Duluth,Milwaukee,639 km,5 hours 55 mins
Duluth,Milwaukee,639 km,5 hours 55 mins
Flagstaff,Laredo,"1,735 km",17 hours 7 mins
Flagstaff,Laredo,"1,735 km",17 hours 7 mins
Laredo,Abilene,606 km,6 hours 7 mins
Laredo,Abilene,606 km,6 hours 7 mins
Abilene,Dallas,292 km,2 hours 43 mins
Abilene,Dallas,292 km,2 hours 43 mins
Dallas,Flagstaff,"1,560 km",14 hours 5 mins
Dallas,Flagstaff,"1,560 km",14 hours 5 mins
Asheville,Chicago,"1,051 km",9 hours 54 mins
Asheville,Chicago,"1,051 km",9 hours 54 mins
Chicago,Rockford,143 km,1 hour 32 mins
Chicago,Rockford,143 km,1 hour 32 mins
Rockford,Peoria,219 km,2 hours 17 mins
Rockford,Peoria,219 km,2 hours 17 mins
Peoria,Asheville,"1,095 km",10 hours 7 mins
Peoria,Asheville,"1,095 km",10 hours 7 mins
Austin,San Diego,"2,092 km",19 hours 0 mins
Austin,San Diego,"2,092 km",19 hours 0 mins
San Diego,Los Angeles,194 km,2 hours 0 mins
San Diego,Los Angeles,194 km,2 hours 0 mins
Los Angeles,San Francisco,614 km,5 hours 56 mins
Los Angeles,San Francisco,614 km,5 hours 56 mins
Fort Myers,Buffalo,"2,183 km",20 hours 9 mins
Fort Myers,Buffalo,"2,183 km",20 hours 9 mins
Buffalo,Niagara Falls,31.9 km,26 mins
Buffalo,Niagara Falls,31.9 km,26 mins
Niagara Falls,New York,657 km,6 hours 29 mins
Niagara Falls,New York,657 km,6 hours 29 mins
New York,Fort Myers,"2,014 km",18 hours 35 mins
New York,Fort Myers,"2,014 km",18 hours 35 mins
Savannah,Evansville,"1,041 km",9 hours 33 mins
Savannah,Evansville,"1,041 km",9 hours 33 mins
Evansville,South Bend,512 km,5 hours 1 min
Evansville,South Bend,512 km,5 hours 1 min
South Bend,Indianapolis,241 km,2 hours 33 mins
South Bend,Indianapolis,241 km,2 hours 33 mins
Indianapolis,Savannah,"1,242 km",11 hours 31 mins
Indianapolis,Savannah,"1,242 km",11 hours 31 mins
Phoenix,San Diego,571 km,5 hours 19 mins
Phoenix,San Diego,571 km,5 hours 19 mins
San Diego,Redding,"1,070 km",10 hours 10 mins
San Diego,Redding,"1,070 km",10 hours 10 mins
Redding,Sacramento,260 km,2 hours 28 mins
Redding,Sacramento,260 km,2 hours 28 mins
Sacramento,Phoenix,"1,217 km",11 hours 20 mins
Sacramento,Phoenix,"1,217 km",11 hours 20 mins
Indianapolis,Charlotte,923 km,8 hours 51 mins
Indianapolis,Charlotte,923 km,8 hours 51 mins
Charlotte,Asheville,209 km,2 hours 7 mins
Charlotte,Asheville,209 km,2 hours 7 mins
Asheville,Fayetteville,423 km,4 hours 9 mins
Asheville,Fayetteville,423 km,4 hours 9 mins
Fayetteville,Indianapolis,"1,033 km",10 hours 6 mins
Fayetteville,Indianapolis,"1,033 km",10 hours 6 mins
Boston,Pittsburgh,921 km,9 hours 5 mins
Boston,Pittsburgh,921 km,9 hours 5 mins
Pittsburgh,Johnstown,108 km,1 hour 24 mins
Pittsburgh,Johnstown,108 km,1 hour 24 mins
Johnstown,Philadelphia,384 km,3 hours 54 mins
Johnstown,Philadelphia,384 km,3 hours 54 mins
Philadelphia,Boston,494 km,5 hours 2 mins
Philadelphia,Boston,494 km,5 hours 2 mins
Fort Smith,Houston,828 km,7 hours 39 mins
Fort Smith,Houston,828 km,7 hours 39 mins
Houston,Austin,266 km,2 hours 31 mins
Houston,Austin,266 km,2 hours 31 mins
Austin,Wichita Falls,488 km,4 hours 24 mins
Austin,Wichita Falls,488 km,4 hours 24 mins
Wichita Falls,Fort Smith,504 km,4 hours 28 mins
Wichita Falls,Fort Smith,504 km,4 hours 28 mins
Charlotte,Paducah,871 km,8 hours 20 mins
Charlotte,Paducah,871 km,8 hours 20 mins
Paducah,Owensboro,205 km,2 hours 10 mins
Paducah,Owensboro,205 km,2 hours 10 mins
Owensboro,Lexington,286 km,2 hours 47 mins
Owensboro,Lexington,286 km,2 hours 47 mins
Lexington,Charlotte,645 km,6 hours 23 mins
Lexington,Charlotte,645 km,6 hours 23 mins
Green Bay,Escanaba,178 km,1 hour 58 mins
Green Bay,Escanaba,178 km,1 hour 58 mins
Escanaba,Detroit,700 km,6 hours 23 mins
Escanaba,Detroit,700 km,6 hours 23 mins
Detroit,Lansing,146 km,1 hour 24 mins
Detroit,Lansing,146 km,1 hour 24 mins
Lansing,Green Bay,681 km,6 hours 25 mins
Lansing,Green Bay,681 km,6 hours 25 mins
Roswell,Abilene,498 km,4 hours 40 mins
Roswell,Abilene,498 km,4 hours 40 mins
Abilene,Amarillo,446 km,4 hours 10 mins
Abilene,Amarillo,446 km,4 hours 10 mins
Amarillo,Lubbock,197 km,1 hour 47 mins
Amarillo,Lubbock,197 km,1 hour 47 mins
Lubbock,Roswell,275 km,2 hours 39 mins
Lubbock,Roswell,275 km,2 hours 39 mins
Nashville,Wilmington,988 km,9 hours 36 mins
Nashville,Wilmington,988 km,9 hours 36 mins
Wilmington,Fayetteville,149 km,1 hour 43 mins
Wilmington,Fayetteville,149 km,1 hour 43 mins
Fayetteville,Charlotte,223 km,2 hours 40 mins
Fayetteville,Charlotte,223 km,2 hours 40 mins
Charlotte,Nashville,657 km,6 hours 25 mins
Charlotte,Nashville,657 km,6 hours 25 mins
Huntsville,Pensacola,567 km,5 hours 18 mins
Huntsville,Pensacola,567 km,5 hours 18 mins
Pensacola,Orlando,725 km,6 hours 21 mins
Pensacola,Orlando,725 km,6 hours 21 mins
Orlando,Miami,378 km,3 hours 26 mins
Orlando,Miami,378 km,3 hours 26 mins
Miami,Huntsville,"1,358 km",12 hours 37 mins
Miami,Huntsville,"1,358 km",12 hours 37 mins
San Francisco,San Luis Obispo,372 km,3 hours 34 mins
San Francisco,San Luis Obispo,372 km,3 hours 34 mins
San Luis Obispo,Los Angeles,304 km,3 hours 14 mins
San Luis Obispo,Los Angeles,304 km,3 hours 14 mins
Minneapolis,Boise,"2,336 km",21 hours 6 mins
Minneapolis,Boise,"2,336 km",21 hours 6 mins
Boise,Idaho Falls,451 km,4 hours 1 min
Boise,Idaho Falls,451 km,4 hours 1 min
Idaho Falls,Pocatello,83.4 km,49 mins
Idaho Falls,Pocatello,83.4 km,49 mins
Pocatello,Minneapolis,"1,972 km",17 hours 59 mins
Pocatello,Minneapolis,"1,972 km",17 hours 59 mins
Charlotte,Charleston,336 km,3 hours 12 mins
Charlotte,Charleston,336 km,3 hours 12 mins
Charleston,Hilton Head,158 km,2 hours 2 mins
Charleston,Hilton Head,158 km,2 hours 2 mins
Hilton Head,Greer,410 km,3 hours 59 mins
Hilton Head,Greer,410 km,3 hours 59 mins
Greer,Charlotte,150 km,1 hour 36 mins
Greer,Charlotte,150 km,1 hour 36 mins
Tucson,Seattle,"2,456 km",22 hours 57 mins
Tucson,Seattle,"2,456 km",22 hours 57 mins
Seattle,Wenatchee,238 km,2 hours 33 mins
Seattle,Wenatchee,238 km,2 hours 33 mins
Wenatchee,Everett,198 km,2 hours 31 mins
Wenatchee,Everett,198 km,2 hours 31 mins
Everett,Tucson,"2,490 km",23 hours 20 mins
Everett,Tucson,"2,490 km",23 hours 20 mins
Rapid City,Bemidji,"1,004 km",9 hours 45 mins
Rapid City,Bemidji,"1,004 km",9 hours 45 mins
Bemidji,Minneapolis,347 km,3 hours 34 mins
Bemidji,Minneapolis,347 km,3 hours 34 mins
Minneapolis,Duluth,248 km,2 hours 16 mins
Minneapolis,Duluth,248 km,2 hours 16 mins
Duluth,Rapid City,"1,172 km",10 hours 31 mins
Duluth,Rapid City,"1,172 km",10 hours 31 mins
Chicago,Moline,265 km,2 hours 37 mins
Chicago,Moline,265 km,2 hours 37 mins
Moline,Belleville,417 km,3 hours 59 mins
Moline,Belleville,417 km,3 hours 59 mins
Belleville,Tucson,"2,367 km",21 hours 34 mins
Belleville,Tucson,"2,367 km",21 hours 34 mins
Dayton,Fort Myers,"1,749 km",15 hours 45 mins
Dayton,Fort Myers,"1,749 km",15 hours 45 mins
Fort Myers,Tampa,204 km,1 hour 58 mins
Fort Myers,Tampa,204 km,1 hour 58 mins
Tampa,Tallahassee,442 km,4 hours 0 mins
Tampa,Tallahassee,442 km,4 hours 0 mins
Tallahassee,Dayton,"1,258 km",11 hours 48 mins
Tallahassee,Dayton,"1,258 km",11 hours 48 mins
El Paso,Alamosa,753 km,7 hours 11 mins
El Paso,Alamosa,753 km,7 hours 11 mins
Alamosa,Grand Junction,396 km,4 hours 29 mins
Alamosa,Grand Junction,396 km,4 hours 29 mins
Grand Junction,Durango,269 km,3 hours 33 mins
Grand Junction,Durango,269 km,3 hours 33 mins
Durango,El Paso,771 km,7 hours 17 mins
Durango,El Paso,771 km,7 hours 17 mins
Atlanta,Buffalo,"1,443 km",13 hours 6 mins
Atlanta,Buffalo,"1,443 km",13 hours 6 mins
Buffalo,Watertown,347 km,3 hours 15 mins
Buffalo,Watertown,347 km,3 hours 15 mins
Watertown,New York,510 km,5 hours 7 mins
Watertown,New York,510 km,5 hours 7 mins
New York,Atlanta,"1,401 km",13 hours 8 mins
New York,Atlanta,"1,401 km",13 hours 8 mins
Kansas City,Bemidji,"1,046 km",9 hours 50 mins
Kansas City,Bemidji,"1,046 km",9 hours 50 mins
Bemidji,Minneapolis,347 km,3 hours 34 mins
Bemidji,Minneapolis,347 km,3 hours 34 mins
Minneapolis,St. Cloud,105 km,1 hour 6 mins
Minneapolis,St. Cloud,105 km,1 hour 6 mins
St. Cloud,Kansas City,805 km,7 hours 19 mins
St. Cloud,Kansas City,805 km,7 hours 19 mins
Detroit,Fort Dodge,"1,066 km",9 hours 52 mins
Detroit,Fort Dodge,"1,066 km",9 hours 52 mins
Fort Dodge,Dubuque,301 km,2 hours 58 mins
Fort Dodge,Dubuque,301 km,2 hours 58 mins
Dubuque,Des Moines,317 km,3 hours 13 mins
Dubuque,Des Moines,317 km,3 hours 13 mins
Des Moines,Detroit,964 km,8 hours 49 mins
Des Moines,Detroit,964 km,8 hours 49 mins
San Francisco,Boise,"1,029 km",9 hours 53 mins
San Francisco,Boise,"1,029 km",9 hours 53 mins
Boise,Pocatello,378 km,3 hours 25 mins
Boise,Pocatello,378 km,3 hours 25 mins
Pocatello,Twin Falls,183 km,1 hour 46 mins
Pocatello,Twin Falls,183 km,1 hour 46 mins
Twin Falls,San Francisco,"1,078 km",10 hours 7 mins
Twin Falls,San Francisco,"1,078 km",10 hours 7 mins
Washington,Buffalo,611 km,6 hours 54 mins
Washington,Buffalo,611 km,6 hours 54 mins
Buffalo,Ogdensburg,440 km,4 hours 14 mins
Buffalo,Ogdensburg,440 km,4 hours 14 mins
Ogdensburg,White Plains,603 km,5 hours 50 mins
Ogdensburg,White Plains,603 km,5 hours 50 mins
White Plains,Washington,413 km,4 hours 17 mins
White Plains,Washington,413 km,4 hours 17 mins
Dallas,Houston,385 km,3 hours 29 mins
Dallas,Houston,385 km,3 hours 29 mins
Houston,Austin,266 km,2 hours 31 mins
Houston,Austin,266 km,2 hours 31 mins
Austin,Corpus Christi,350 km,3 hours 10 mins
Austin,Corpus Christi,350 km,3 hours 10 mins
Corpus Christi,Dallas,661 km,5 hours 53 mins
Corpus Christi,Dallas,661 km,5 hours 53 mins
Louisville,Alamosa,"1,925 km",17 hours 49 mins
Louisville,Alamosa,"1,925 km",17 hours 49 mins
Alamosa,Grand Junction,396 km,4 hours 29 mins
Alamosa,Grand Junction,396 km,4 hours 29 mins
Grand Junction,Colorado Springs,498 km,4 hours 46 mins
Grand Junction,Colorado Springs,498 km,4 hours 46 mins
Colorado Springs,Louisville,"1,758 km",15 hours 52 mins
Colorado Springs,Louisville,"1,758 km",15 hours 52 mins
San Diego,Oakland,789 km,7 hours 38 mins
San Diego,Oakland,789 km,7 hours 38 mins
Oakland,Los Angeles,597 km,5 hours 43 mins
Oakland,Los Angeles,597 km,5 hours 43 mins
Sacramento,Abilene,"2,520 km",23 hours 18 mins
Sacramento,Abilene,"2,520 km",23 hours 18 mins
Abilene,Amarillo,446 km,4 hours 10 mins
Abilene,Amarillo,446 km,4 hours 10 mins
Amarillo,Lubbock,197 km,1 hour 47 mins
Amarillo,Lubbock,197 km,1 hour 47 mins
Lubbock,Sacramento,"2,251 km",20 hours 52 mins
Lubbock,Sacramento,"2,251 km",20 hours 52 mins
Sacramento,Portland,932 km,8 hours 56 mins
Sacramento,Portland,932 km,8 hours 56 mins
Portland,Medford,439 km,4 hours 17 mins
Portland,Medford,439 km,4 hours 17 mins
Medford,Eugene,268 km,2 hours 40 mins
Medford,Eugene,268 km,2 hours 40 mins
Eugene,Sacramento,763 km,7 hours 21 mins
Eugene,Sacramento,763 km,7 hours 21 mins
Charleston,Augusta,243 km,2 hours 53 mins
Charleston,Augusta,243 km,2 hours 53 mins
Augusta,Decatur,229 km,2 hours 19 mins
Augusta,Decatur,229 km,2 hours 19 mins
Decatur,Atlanta,13.0 km,19 mins
Decatur,Atlanta,13.0 km,19 mins
Atlanta,Charleston,491 km,4 hours 45 mins
Atlanta,Charleston,491 km,4 hours 45 mins
Syracuse,Longview,"2,292 km",21 hours 6 mins
Syracuse,Longview,"2,292 km",21 hours 6 mins
Longview,Wichita Falls,434 km,3 hours 55 mins
Longview,Wichita Falls,434 km,3 hours 55 mins
Wichita Falls,Amarillo,362 km,3 hours 28 mins
Wichita Falls,Amarillo,362 km,3 hours 28 mins
Amarillo,Syracuse,"2,643 km",23 hours 53 mins
Amarillo,Syracuse,"2,643 km",23 hours 53 mins
Ithaca,Wilmington,"1,119 km",10 hours 55 mins
Ithaca,Wilmington,"1,119 km",10 hours 55 mins
Wilmington,Charlotte,324 km,3 hours 24 mins
Wilmington,Charlotte,324 km,3 hours 24 mins
Charlotte,Fayetteville,223 km,2 hours 40 mins
Charlotte,Fayetteville,223 km,2 hours 40 mins
Fayetteville,Ithaca,"1,035 km",10 hours 3 mins
Fayetteville,Ithaca,"1,035 km",10 hours 3 mins
Sacramento,Portland,932 km,8 hours 56 mins
Sacramento,Portland,932 km,8 hours 56 mins
Portland,Medford,439 km,4 hours 17 mins
Portland,Medford,439 km,4 hours 17 mins
Medford,Eugene,268 km,2 hours 40 mins
Medford,Eugene,268 km,2 hours 40 mins
Eugene,Sacramento,763 km,7 hours 21 mins
Eugene,Sacramento,763 km,7 hours 21 mins
Belleville,Flagstaff,"2,219 km",19 hours 52 mins
Belleville,Flagstaff,"2,219 km",19 hours 52 mins
Flagstaff,Yuma,504 km,4 hours 46 mins
Flagstaff,Yuma,504 km,4 hours 46 mins
Yuma,Phoenix,298 km,2 hours 52 mins
Yuma,Phoenix,298 km,2 hours 52 mins
Phoenix,Belleville,"2,372 km",21 hours 35 mins
Phoenix,Belleville,"2,372 km",21 hours 35 mins
Erie,Chicago,718 km,6 hours 50 mins
Erie,Chicago,718 km,6 hours 50 mins
Chicago,Rockford,143 km,1 hour 32 mins
Chicago,Rockford,143 km,1 hour 32 mins
Rockford,Peoria,219 km,2 hours 17 mins
Rockford,Peoria,219 km,2 hours 17 mins
Peoria,Erie,942 km,8 hours 46 mins
Peoria,Erie,942 km,8 hours 46 mins
San Diego,Cedar City,805 km,7 hours 27 mins
San Diego,Cedar City,805 km,7 hours 27 mins
Cedar City,Provo,335 km,2 hours 55 mins
Cedar City,Provo,335 km,2 hours 55 mins
Provo,Salt Lake City,72.3 km,46 mins
Provo,Salt Lake City,72.3 km,46 mins
Salt Lake City,San Diego,"1,207 km",10 hours 48 mins
Salt Lake City,San Diego,"1,207 km",10 hours 48 mins
Seattle,San Francisco,"1,300 km",12 hours 28 mins
Seattle,San Francisco,"1,300 km",12 hours 28 mins
San Francisco,Seattle,"1,300 km",12 hours 25 mins
San Francisco,Seattle,"1,300 km",12 hours 25 mins
Kansas City,Newark,"1,901 km",17 hours 52 mins
Kansas City,Newark,"1,901 km",17 hours 52 mins
Newark,Kansas City,"1,900 km",17 hours 48 mins
Newark,Kansas City,"1,900 km",17 hours 48 mins
Boston,Washington,709 km,7 hours 12 mins
Boston,Washington,709 km,7 hours 12 mins
Washington,Boston,704 km,7 hours 12 mins
Washington,Boston,704 km,7 hours 12 mins
Fort Smith,Dallas,447 km,4 hours 19 mins
Fort Smith,Dallas,447 km,4 hours 19 mins
Dallas,Fort Smith,446 km,4 hours 18 mins
Dallas,Fort Smith,446 km,4 hours 18 mins
Columbus,Charlotte,684 km,6 hours 42 mins
Columbus,Charlotte,684 km,6 hours 42 mins
Charlotte,Columbus,685 km,6 hours 41 mins
Charlotte,Columbus,685 km,6 hours 41 mins
El Paso,Los Angeles,"1,290 km",11 hours 46 mins
El Paso,Los Angeles,"1,290 km",11 hours 46 mins
Los Angeles,El Paso,"1,289 km",11 hours 43 mins
Los Angeles,El Paso,"1,289 km",11 hours 43 mins
Wichita,Dallas,585 km,5 hours 19 mins
Wichita,Dallas,585 km,5 hours 19 mins
Dallas,Wichita,585 km,5 hours 19 mins
Dallas,Wichita,585 km,5 hours 19 mins
Burbank,Salt Lake City,"1,112 km",9 hours 55 mins
Burbank,Salt Lake City,"1,112 km",9 hours 55 mins
Salt Lake City,Burbank,"1,118 km",9 hours 59 mins
Salt Lake City,Burbank,"1,118 km",9 hours 59 mins
Santa Ana,Houston,"2,475 km",22 hours 12 mins
Santa Ana,Houston,"2,475 km",22 hours 12 mins
Houston,Santa Ana,"2,494 km",22 hours 8 mins
Houston,Santa Ana,"2,494 km",22 hours 8 mins
Sioux Falls,Minneapolis,383 km,3 hours 48 mins
Sioux Falls,Minneapolis,383 km,3 hours 48 mins
Minneapolis,Sioux Falls,381 km,3 hours 45 mins
Minneapolis,Sioux Falls,381 km,3 hours 45 mins
Detroit,Norfolk,"1,144 km",10 hours 55 mins
Detroit,Norfolk,"1,144 km",10 hours 55 mins
Norfolk,Detroit,"1,142 km",10 hours 49 mins
Norfolk,Detroit,"1,142 km",10 hours 49 mins
Panama City,Atlanta,465 km,4 hours 50 mins
Panama City,Atlanta,465 km,4 hours 50 mins
Atlanta,Panama City,464 km,4 hours 51 mins
Atlanta,Panama City,464 km,4 hours 51 mins
Bakersfield,Dallas,"2,333 km",21 hours 9 mins
Bakersfield,Dallas,"2,333 km",21 hours 9 mins
Dallas,Bakersfield,"2,332 km",21 hours 5 mins
Dallas,Bakersfield,"2,332 km",21 hours 5 mins
Milwaukee,Newark,"1,402 km",13 hours 9 mins
Milwaukee,Newark,"1,402 km",13 hours 9 mins
Newark,Milwaukee,"1,401 km",13 hours 11 mins
Newark,Milwaukee,"1,401 km",13 hours 11 mins
Rochester,Charlotte,"1,167 km",10 hours 59 mins
Rochester,Charlotte,"1,167 km",10 hours 59 mins
Charlotte,Rochester,"1,166 km",10 hours 57 mins
Charlotte,Rochester,"1,166 km",10 hours 57 mins
Chicago,Cincinnati,477 km,4 hours 34 mins
Chicago,Cincinnati,477 km,4 hours 34 mins
Cincinnati,Chicago,475 km,4 hours 34 mins
Cincinnati,Chicago,475 km,4 hours 34 mins
Roswell,Phoenix,929 km,8 hours 42 mins
Roswell,Phoenix,929 km,8 hours 42 mins
Phoenix,Roswell,921 km,8 hours 48 mins
Phoenix,Roswell,921 km,8 hours 48 mins
New York,Wilmington,959 km,9 hours 6 mins
New York,Wilmington,959 km,9 hours 6 mins
Wilmington,New York,949 km,9 hours 2 mins
Wilmington,New York,949 km,9 hours 2 mins
Spokane,Oakland,"1,399 km",13 hours 55 mins
Spokane,Oakland,"1,399 km",13 hours 55 mins
Oakland,Spokane,"1,399 km",13 hours 49 mins
Oakland,Spokane,"1,399 km",13 hours 49 mins
Denver,Kansas City,973 km,8 hours 35 mins
Denver,Kansas City,973 km,8 hours 35 mins
Kansas City,Denver,970 km,8 hours 39 mins
Kansas City,Denver,970 km,8 hours 39 mins
Des Moines,Charlotte,"1,684 km",15 hours 45 mins
Des Moines,Charlotte,"1,684 km",15 hours 45 mins
Charlotte,Des Moines,"1,704 km",15 hours 53 mins
Charlotte,Des Moines,"1,704 km",15 hours 53 mins
Minneapolis,La Crosse,255 km,2 hours 33 mins
Minneapolis,La Crosse,255 km,2 hours 33 mins
La Crosse,Minneapolis,256 km,2 hours 32 mins
La Crosse,Minneapolis,256 km,2 hours 32 mins
Kansas City,Charleston,"1,776 km",16 hours 19 mins
Kansas City,Charleston,"1,776 km",16 hours 19 mins
Charleston,Kansas City,"1,775 km",16 hours 19 mins
Charleston,Kansas City,"1,775 km",16 hours 19 mins
St. Louis,Baltimore,"1,321 km",12 hours 30 mins
St. Louis,Baltimore,"1,321 km",12 hours 30 mins
Baltimore,St. Louis,"1,321 km",12 hours 27 mins
Baltimore,St. Louis,"1,321 km",12 hours 27 mins
Jacksonville,Boston,"1,843 km",17 hours 4 mins
Jacksonville,Boston,"1,843 km",17 hours 4 mins
Boston,Jacksonville,"1,853 km",17 hours 8 mins
Boston,Jacksonville,"1,853 km",17 hours 8 mins
Wilmington,Philadelphia,811 km,7 hours 41 mins
Wilmington,Philadelphia,811 km,7 hours 41 mins
Philadelphia,Wilmington,819 km,7 hours 44 mins
Philadelphia,Wilmington,819 km,7 hours 44 mins
San Diego,Austin,"2,091 km",19 hours 4 mins
San Diego,Austin,"2,091 km",19 hours 4 mins
Austin,San Diego,"2,092 km",19 hours 0 mins
Austin,San Diego,"2,092 km",19 hours 0 mins
Houston,Tucson,"1,715 km",15 hours 14 mins
Houston,Tucson,"1,715 km",15 hours 14 mins
Tucson,Houston,"1,717 km",15 hours 16 mins
Tucson,Houston,"1,717 km",15 hours 16 mins
Philadelphia,Knoxville,"1,007 km",9 hours 21 mins
Philadelphia,Knoxville,"1,007 km",9 hours 21 mins
Knoxville,Philadelphia,"1,007 km",9 hours 20 mins
Knoxville,Philadelphia,"1,007 km",9 hours 20 mins
Salt Lake City,Helena,778 km,6 hours 53 mins
Salt Lake City,Helena,778 km,6 hours 53 mins
Helena,Salt Lake City,778 km,6 hours 52 mins
Helena,Salt Lake City,778 km,6 hours 52 mins
Chicago,Norfolk,"1,427 km",13 hours 33 mins
Chicago,Norfolk,"1,427 km",13 hours 33 mins
Norfolk,Chicago,"1,424 km",13 hours 29 mins
Norfolk,Chicago,"1,424 km",13 hours 29 mins
Los Angeles,Eugene,"1,377 km",13 hours 7 mins
Los Angeles,Eugene,"1,377 km",13 hours 7 mins
Eugene,Los Angeles,"1,380 km",13 hours 7 mins
Eugene,Los Angeles,"1,380 km",13 hours 7 mins
Des Moines,Detroit,964 km,8 hours 49 mins
Des Moines,Detroit,964 km,8 hours 49 mins
Detroit,Des Moines,965 km,8 hours 59 mins
Detroit,Des Moines,965 km,8 hours 59 mins
Boston,New Orleans,"2,456 km",22 hours 37 mins
Boston,New Orleans,"2,456 km",22 hours 37 mins
New Orleans,Boston,"2,454 km",22 hours 36 mins
New Orleans,Boston,"2,454 km",22 hours 36 mins
Wilmington,Newark,936 km,8 hours 50 mins
Wilmington,Newark,936 km,8 hours 50 mins
Newark,Wilmington,944 km,8 hours 53 mins
Newark,Wilmington,944 km,8 hours 53 mins
Everett,Boise,830 km,7 hours 52 mins
Everett,Boise,830 km,7 hours 52 mins
Boise,Everett,830 km,7 hours 53 mins
Boise,Everett,830 km,7 hours 53 mins
New Orleans,Charlotte,"1,148 km",10 hours 27 mins
New Orleans,Charlotte,"1,148 km",10 hours 27 mins
Charlotte,New Orleans,"1,149 km",10 hours 28 mins
Charlotte,New Orleans,"1,149 km",10 hours 28 mins
Salt Lake City,Bozeman,658 km,6 hours 17 mins
Salt Lake City,Bozeman,658 km,6 hours 17 mins
Bozeman,Salt Lake City,660 km,6 hours 20 mins
Bozeman,Salt Lake City,660 km,6 hours 20 mins
Omaha,Dallas,"1,059 km",9 hours 46 mins
Omaha,Dallas,"1,059 km",9 hours 46 mins
Dallas,Omaha,"1,058 km",9 hours 43 mins
Dallas,Omaha,"1,058 km",9 hours 43 mins
Philadelphia,Charlotte,876 km,8 hours 14 mins
Philadelphia,Charlotte,876 km,8 hours 14 mins
Charlotte,Philadelphia,868 km,8 hours 11 mins
Charlotte,Philadelphia,868 km,8 hours 11 mins
Boston,Newark,363 km,3 hours 51 mins
Boston,Newark,363 km,3 hours 51 mins
Newark,Boston,361 km,3 hours 50 mins
Newark,Boston,361 km,3 hours 50 mins
Dallas,Grand Junction,"1,500 km",15 hours 3 mins
Dallas,Grand Junction,"1,500 km",15 hours 3 mins
Grand Junction,Dallas,"1,503 km",15 hours 7 mins
Grand Junction,Dallas,"1,503 km",15 hours 7 mins
Chicago,Johnstown,841 km,8 hours 6 mins
Chicago,Johnstown,841 km,8 hours 6 mins
Johnstown,Chicago,839 km,8 hours 9 mins
Johnstown,Chicago,839 km,8 hours 9 mins
Houston,Atlanta,"1,276 km",11 hours 23 mins
Houston,Atlanta,"1,276 km",11 hours 23 mins
Atlanta,Houston,"1,276 km",11 hours 23 mins
Atlanta,Houston,"1,276 km",11 hours 23 mins
Nashville,Boston,"1,781 km",16 hours 37 mins
Nashville,Boston,"1,781 km",16 hours 37 mins
Boston,Nashville,"1,779 km",16 hours 37 mins
Boston,Nashville,"1,779 km",16 hours 37 mins
Indianapolis,Huntsville,648 km,6 hours 8 mins
Indianapolis,Huntsville,648 km,6 hours 8 mins
Huntsville,Indianapolis,640 km,6 hours 8 mins
Huntsville,Indianapolis,640 km,6 hours 8 mins
Gainesville,Charlotte,729 km,6 hours 44 mins
Gainesville,Charlotte,729 km,6 hours 44 mins
Charlotte,Gainesville,727 km,6 hours 41 mins
Charlotte,Gainesville,727 km,6 hours 41 mins
Fayetteville,Chicago,"1,323 km",12 hours 50 mins
Fayetteville,Chicago,"1,323 km",12 hours 50 mins
Chicago,Fayetteville,"1,323 km",12 hours 48 mins
Chicago,Fayetteville,"1,323 km",12 hours 48 mins
Miami,Atlanta,"1,068 km",9 hours 24 mins
Miami,Atlanta,"1,068 km",9 hours 24 mins
Atlanta,Miami,"1,066 km",9 hours 27 mins
Atlanta,Miami,"1,066 km",9 hours 27 mins
Minneapolis,St. Louis,901 km,8 hours 29 mins
Minneapolis,St. Louis,901 km,8 hours 29 mins
St. Louis,Minneapolis,900 km,8 hours 28 mins
St. Louis,Minneapolis,900 km,8 hours 28 mins
Tulsa,Phoenix,"1,714 km",15 hours 38 mins
Tulsa,Phoenix,"1,714 km",15 hours 38 mins
Phoenix,Tulsa,"1,714 km",15 hours 37 mins
Phoenix,Tulsa,"1,714 km",15 hours 37 mins
Charlotte,Charlottesville,437 km,4 hours 20 mins
Charlotte,Charlottesville,437 km,4 hours 20 mins
Charlottesville,Charlotte,438 km,4 hours 20 mins
Charlottesville,Charlotte,438 km,4 hours 20 mins
Boston,Syracuse,502 km,4 hours 43 mins
Boston,Syracuse,502 km,4 hours 43 mins
Syracuse,Boston,502 km,4 hours 43 mins
Syracuse,Boston,502 km,4 hours 43 mins
Minneapolis,St. Louis,901 km,8 hours 29 mins
Minneapolis,St. Louis,901 km,8 hours 29 mins
St. Louis,Minneapolis,900 km,8 hours 28 mins
St. Louis,Minneapolis,900 km,8 hours 28 mins
Knoxville,Atlanta,344 km,3 hours 9 mins
Knoxville,Atlanta,344 km,3 hours 9 mins
Atlanta,Knoxville,344 km,3 hours 8 mins
Atlanta,Knoxville,344 km,3 hours 8 mins
Minneapolis,St. Louis,901 km,8 hours 29 mins
Minneapolis,St. Louis,901 km,8 hours 29 mins
St. Louis,Minneapolis,900 km,8 hours 28 mins
St. Louis,Minneapolis,900 km,8 hours 28 mins
Chicago,Newark,"1,256 km",11 hours 41 mins
Chicago,Newark,"1,256 km",11 hours 41 mins
Newark,Chicago,"1,256 km",11 hours 48 mins
Newark,Chicago,"1,256 km",11 hours 48 mins
Boston,Jacksonville,"1,853 km",17 hours 8 mins
Boston,Jacksonville,"1,853 km",17 hours 8 mins
Jacksonville,Boston,"1,843 km",17 hours 4 mins
Jacksonville,Boston,"1,843 km",17 hours 4 mins
Elmira,Detroit,764 km,7 hours 7 mins
Elmira,Detroit,764 km,7 hours 7 mins
Detroit,Elmira,764 km,7 hours 7 mins
Detroit,Elmira,764 km,7 hours 7 mins
Peoria,Dallas,"1,283 km",12 hours 7 mins
Peoria,Dallas,"1,283 km",12 hours 7 mins
Dallas,Peoria,"1,285 km",12 hours 8 mins
Dallas,Peoria,"1,285 km",12 hours 8 mins
Tucson,San Francisco,"1,391 km",12 hours 55 mins
Tucson,San Francisco,"1,391 km",12 hours 55 mins
San Francisco,Tucson,"1,390 km",12 hours 50 mins
San Francisco,Tucson,"1,390 km",12 hours 50 mins
Milwaukee,Atlanta,"1,307 km",12 hours 6 mins
Milwaukee,Atlanta,"1,307 km",12 hours 6 mins
Atlanta,Milwaukee,"1,309 km",12 hours 6 mins
Atlanta,Milwaukee,"1,309 km",12 hours 6 mins
Santa Barbara,Phoenix,755 km,7 hours 10 mins
Santa Barbara,Phoenix,755 km,7 hours 10 mins
Phoenix,Santa Barbara,753 km,7 hours 9 mins
Phoenix,Santa Barbara,753 km,7 hours 9 mins
Washington,Cincinnati,808 km,7 hours 55 mins
Washington,Cincinnati,808 km,7 hours 55 mins
Cincinnati,Washington,805 km,8 hours 5 mins
Cincinnati,Washington,805 km,8 hours 5 mins
Memphis,Houston,913 km,8 hours 44 mins
Memphis,Houston,913 km,8 hours 44 mins
Houston,Memphis,913 km,8 hours 42 mins
Houston,Memphis,913 km,8 hours 42 mins
Atlanta,Montgomery,259 km,2 hours 21 mins
Atlanta,Montgomery,259 km,2 hours 21 mins
Montgomery,Atlanta,259 km,2 hours 23 mins
Montgomery,Atlanta,259 km,2 hours 23 mins
Baton Rouge,Houston,431 km,4 hours 0 mins
Baton Rouge,Houston,431 km,4 hours 0 mins
Houston,Baton Rouge,433 km,3 hours 59 mins
Houston,Baton Rouge,433 km,3 hours 59 mins
Phoenix,New Orleans,"2,451 km",21 hours 57 mins
Phoenix,New Orleans,"2,451 km",21 hours 57 mins
New Orleans,Phoenix,"2,449 km",21 hours 55 mins
New Orleans,Phoenix,"2,449 km",21 hours 55 mins
Sacramento,Denver,"1,876 km",17 hours 7 mins
Sacramento,Denver,"1,876 km",17 hours 7 mins
Denver,Sacramento,"1,875 km",17 hours 9 mins
Denver,Sacramento,"1,875 km",17 hours 9 mins
Phoenix,Los Angeles,599 km,5 hours 42 mins
Phoenix,Los Angeles,599 km,5 hours 42 mins
Los Angeles,Phoenix,600 km,5 hours 39 mins
Los Angeles,Phoenix,600 km,5 hours 39 mins
Denver,Oklahoma City,"1,093 km",9 hours 39 mins
Denver,Oklahoma City,"1,093 km",9 hours 39 mins
Oklahoma City,Denver,"1,091 km",9 hours 43 mins
Oklahoma City,Denver,"1,091 km",9 hours 43 mins
Denver,Great Falls,"1,242 km",11 hours 23 mins
Denver,Great Falls,"1,242 km",11 hours 23 mins
Great Falls,Denver,"1,239 km",11 hours 15 mins
Great Falls,Denver,"1,239 km",11 hours 15 mins
Newark,Charleston,"1,214 km",11 hours 17 mins
Newark,Charleston,"1,214 km",11 hours 17 mins
Charleston,Newark,"1,206 km",11 hours 13 mins
Charleston,Newark,"1,206 km",11 hours 13 mins
Atlanta,Rochester,"1,548 km",14 hours 3 mins
Atlanta,Rochester,"1,548 km",14 hours 3 mins
Rochester,Atlanta,"1,548 km",14 hours 6 mins
Rochester,Atlanta,"1,548 km",14 hours 6 mins
Chicago,Fayetteville,"1,323 km",12 hours 48 mins
Chicago,Fayetteville,"1,323 km",12 hours 48 mins
Fayetteville,Chicago,"1,323 km",12 hours 50 mins
Fayetteville,Chicago,"1,323 km",12 hours 50 mins
Dallas,Santa Ana,"2,314 km",20 hours 38 mins
Dallas,Santa Ana,"2,314 km",20 hours 38 mins
Santa Ana,Dallas,"2,295 km",20 hours 40 mins
Santa Ana,Dallas,"2,295 km",20 hours 40 mins
Raleigh,Houston,"1,930 km",17 hours 27 mins
Raleigh,Houston,"1,930 km",17 hours 27 mins
Houston,Austin,266 km,2 hours 31 mins
Houston,Austin,266 km,2 hours 31 mins
Austin,Raleigh,"2,149 km",19 hours 49 mins
Austin,Raleigh,"2,149 km",19 hours 49 mins
St. Louis,Dallas,"1,014 km",9 hours 44 mins
St. Louis,Dallas,"1,014 km",9 hours 44 mins
Dallas,Houston,385 km,3 hours 29 mins
Dallas,Houston,385 km,3 hours 29 mins
Houston,St. Louis,"1,254 km",12 hours 5 mins
Houston,St. Louis,"1,254 km",12 hours 5 mins
Cleveland,Orlando,"1,670 km",15 hours 12 mins
Cleveland,Orlando,"1,670 km",15 hours 12 mins
Orlando,Gainesville,179 km,1 hour 43 mins
Orlando,Gainesville,179 km,1 hour 43 mins
Gainesville,Cleveland,"1,556 km",14 hours 25 mins
Gainesville,Cleveland,"1,556 km",14 hours 25 mins
Las Vegas,Portland,"1,562 km",15 hours 21 mins
Las Vegas,Portland,"1,562 km",15 hours 21 mins
Portland,Medford,439 km,4 hours 17 mins
Portland,Medford,439 km,4 hours 17 mins
Medford,Las Vegas,"1,192 km",11 hours 54 mins
Medford,Las Vegas,"1,192 km",11 hours 54 mins
Binghamton,Detroit,851 km,7 hours 56 mins
Binghamton,Detroit,851 km,7 hours 56 mins
Detroit,Lansing,146 km,1 hour 24 mins
Detroit,Lansing,146 km,1 hour 24 mins
Lansing,Binghamton,955 km,8 hours 48 mins
Lansing,Binghamton,955 km,8 hours 48 mins
Boston,Alpena,"1,459 km",13 hours 50 mins
Boston,Alpena,"1,459 km",13 hours 50 mins
Alpena,Kalamazoo,464 km,4 hours 33 mins
Alpena,Kalamazoo,464 km,4 hours 33 mins
Kalamazoo,Boston,"1,444 km",13 hours 23 mins
Kalamazoo,Boston,"1,444 km",13 hours 23 mins
San Francisco,San Diego,807 km,7 hours 44 mins
San Francisco,San Diego,807 km,7 hours 44 mins
Newark,Paducah,"1,516 km",14 hours 20 mins
Newark,Paducah,"1,516 km",14 hours 20 mins
Paducah,Lexington,411 km,3 hours 54 mins
Paducah,Lexington,411 km,3 hours 54 mins
Lexington,Newark,"1,118 km",10 hours 38 mins
Lexington,Newark,"1,118 km",10 hours 38 mins
Fort Myers,Buffalo,"2,183 km",20 hours 9 mins
Fort Myers,Buffalo,"2,183 km",20 hours 9 mins
Buffalo,Syracuse,245 km,2 hours 19 mins
Buffalo,Syracuse,245 km,2 hours 19 mins
Syracuse,Fort Myers,"2,232 km",20 hours 40 mins
Syracuse,Fort Myers,"2,232 km",20 hours 40 mins
Harrisburg,Charlotte,771 km,7 hours 12 mins
Harrisburg,Charlotte,771 km,7 hours 12 mins
Charlotte,Fayetteville,223 km,2 hours 40 mins
Charlotte,Fayetteville,223 km,2 hours 40 mins
Fayetteville,Harrisburg,687 km,6 hours 30 mins
Fayetteville,Harrisburg,687 km,6 hours 30 mins
Tampa,Evansville,"1,375 km",12 hours 20 mins
Tampa,Evansville,"1,375 km",12 hours 20 mins
Evansville,Fort Wayne,476 km,4 hours 34 mins
Evansville,Fort Wayne,476 km,4 hours 34 mins
Fort Wayne,Tampa,"1,760 km",16 hours 8 mins
Fort Wayne,Tampa,"1,760 km",16 hours 8 mins
Marquette,Pellston,622 km,6 hours 12 mins
Marquette,Pellston,622 km,6 hours 12 mins
Pellston,Traverse City,137 km,1 hour 49 mins
Pellston,Traverse City,137 km,1 hour 49 mins
Traverse City,Marquette,662 km,6 hours 17 mins
Traverse City,Marquette,662 km,6 hours 17 mins
Redding,Fresno,533 km,5 hours 4 mins
Redding,Fresno,533 km,5 hours 4 mins
Fresno,Burbank,336 km,3 hours 14 mins
Fresno,Burbank,336 km,3 hours 14 mins
Burbank,Redding,861 km,8 hours 2 mins
Burbank,Redding,861 km,8 hours 2 mins
San Diego,Sacramento,812 km,7 hours 50 mins
San Diego,Sacramento,812 km,7 hours 50 mins
Washington,Grand Rapids,"1,049 km",9 hours 54 mins
Washington,Grand Rapids,"1,049 km",9 hours 54 mins
Grand Rapids,Lansing,110 km,1 hour 1 min
Grand Rapids,Lansing,110 km,1 hour 1 min
Lansing,Washington,941 km,9 hours 9 mins
Lansing,Washington,941 km,9 hours 9 mins
Washington,Rochester,625 km,6 hours 21 mins
Washington,Rochester,625 km,6 hours 21 mins
Rochester,Buffalo,119 km,1 hour 13 mins
Rochester,Buffalo,119 km,1 hour 13 mins
Buffalo,Washington,661 km,7 hours 0 mins
Buffalo,Washington,661 km,7 hours 0 mins
Norfolk,Chicago,"1,424 km",13 hours 29 mins
Norfolk,Chicago,"1,424 km",13 hours 29 mins
Chicago,Rockford,143 km,1 hour 32 mins
Chicago,Rockford,143 km,1 hour 32 mins
Rockford,Norfolk,"1,576 km",14 hours 58 mins
Rockford,Norfolk,"1,576 km",14 hours 58 mins
Fort Lauderdale,White Plains,"2,075 km",18 hours 44 mins
Fort Lauderdale,White Plains,"2,075 km",18 hours 44 mins
White Plains,New York,57.3 km,54 mins
White Plains,New York,57.3 km,54 mins
New York,Fort Lauderdale,"2,034 km",18 hours 23 mins
New York,Fort Lauderdale,"2,034 km",18 hours 23 mins
Peoria,Charlotte,"1,259 km",11 hours 55 mins
Peoria,Charlotte,"1,259 km",11 hours 55 mins
Charlotte,Wilmington,323 km,3 hours 24 mins
Charlotte,Wilmington,323 km,3 hours 24 mins
Wilmington,Peoria,"1,549 km",14 hours 32 mins
Wilmington,Peoria,"1,549 km",14 hours 32 mins
Cincinnati,Fort Myers,"1,664 km",14 hours 56 mins
Cincinnati,Fort Myers,"1,664 km",14 hours 56 mins
Fort Myers,Orlando,257 km,2 hours 59 mins
Fort Myers,Orlando,257 km,2 hours 59 mins
Orlando,Cincinnati,"1,446 km",12 hours 55 mins
Orlando,Cincinnati,"1,446 km",12 hours 55 mins
Fort Myers,Orlando,257 km,2 hours 59 mins
Fort Myers,Orlando,257 km,2 hours 59 mins
Orlando,Minneapolis,"2,526 km",22 hours 35 mins
Orlando,Minneapolis,"2,526 km",22 hours 35 mins
Denver,San Diego,"1,735 km",15 hours 50 mins
Denver,San Diego,"1,735 km",15 hours 50 mins
San Diego,Los Angeles,194 km,2 hours 0 mins
San Diego,Los Angeles,194 km,2 hours 0 mins
Los Angeles,Denver,"1,635 km",14 hours 52 mins
Los Angeles,Denver,"1,635 km",14 hours 52 mins
San Diego,Los Angeles,194 km,2 hours 0 mins
San Diego,Los Angeles,194 km,2 hours 0 mins
Philadelphia,Traverse City,"1,323 km",12 hours 21 mins
Philadelphia,Traverse City,"1,323 km",12 hours 21 mins
Traverse City,Detroit,411 km,3 hours 56 mins
Traverse City,Detroit,411 km,3 hours 56 mins
Detroit,Philadelphia,939 km,8 hours 47 mins
Detroit,Philadelphia,939 km,8 hours 47 mins
Seattle,San Diego,"2,020 km",19 hours 14 mins
Seattle,San Diego,"2,020 km",19 hours 14 mins
San Diego,Sacramento,812 km,7 hours 50 mins
San Diego,Sacramento,812 km,7 hours 50 mins
Sacramento,Seattle,"1,211 km",11 hours 35 mins
Sacramento,Seattle,"1,211 km",11 hours 35 mins
Tampa,Houston,"1,578 km",13 hours 55 mins
Tampa,Houston,"1,578 km",13 hours 55 mins
Houston,Dallas,385 km,3 hours 27 mins
Houston,Dallas,385 km,3 hours 27 mins
Dallas,Tampa,"1,774 km",16 hours 3 mins
Dallas,Tampa,"1,774 km",16 hours 3 mins
San Diego,Los Angeles,194 km,2 hours 0 mins
San Diego,Los Angeles,194 km,2 hours 0 mins
Baltimore,Evansville,"1,177 km",10 hours 54 mins
Baltimore,Evansville,"1,177 km",10 hours 54 mins
Evansville,South Bend,512 km,5 hours 1 min
Evansville,South Bend,512 km,5 hours 1 min
South Bend,Baltimore,989 km,9 hours 19 mins
South Bend,Baltimore,989 km,9 hours 19 mins
Chicago,Wilmington,"1,505 km",14 hours 11 mins
Chicago,Wilmington,"1,505 km",14 hours 11 mins
Wilmington,Fayetteville,149 km,1 hour 43 mins
Wilmington,Fayetteville,149 km,1 hour 43 mins
Fayetteville,Chicago,"1,323 km",12 hours 50 mins
Fayetteville,Chicago,"1,323 km",12 hours 50 mins
Sioux Falls,Amarillo,"1,260 km",12 hours 34 mins
Sioux Falls,Amarillo,"1,260 km",12 hours 34 mins
Amarillo,Lubbock,197 km,1 hour 47 mins
Amarillo,Lubbock,197 km,1 hour 47 mins
Lubbock,Sioux Falls,"1,459 km",14 hours 14 mins
Lubbock,Sioux Falls,"1,459 km",14 hours 14 mins
Oakland,San Jose,65.2 km,51 mins
Oakland,San Jose,65.2 km,51 mins
Harrisburg,Wilmington,767 km,7 hours 22 mins
Harrisburg,Wilmington,767 km,7 hours 22 mins
Wilmington,Charlotte,324 km,3 hours 24 mins
Wilmington,Charlotte,324 km,3 hours 24 mins
Charlotte,Harrisburg,769 km,7 hours 10 mins
Charlotte,Harrisburg,769 km,7 hours 10 mins
Baton Rouge,Abilene,976 km,8 hours 50 mins
Baton Rouge,Abilene,976 km,8 hours 50 mins
Abilene,Amarillo,446 km,4 hours 10 mins
Abilene,Amarillo,446 km,4 hours 10 mins
Amarillo,Baton Rouge,"1,270 km",11 hours 42 mins
Amarillo,Baton Rouge,"1,270 km",11 hours 42 mins
Pittsburgh,Detroit,460 km,4 hours 16 mins
Pittsburgh,Detroit,460 km,4 hours 16 mins
Detroit,Alpena,400 km,3 hours 52 mins
Detroit,Alpena,400 km,3 hours 52 mins
Alpena,Pittsburgh,831 km,7 hours 47 mins
Alpena,Pittsburgh,831 km,7 hours 47 mins
Montgomery,Abilene,"1,338 km",12 hours 21 mins
Montgomery,Abilene,"1,338 km",12 hours 21 mins
Abilene,Del Rio,398 km,3 hours 54 mins
Abilene,Del Rio,398 km,3 hours 54 mins
Del Rio,Montgomery,"1,580 km",14 hours 25 mins
Del Rio,Montgomery,"1,580 km",14 hours 25 mins
Greensboro,Niagara Falls,"1,054 km",10 hours 1 min
Greensboro,Niagara Falls,"1,054 km",10 hours 1 min
Niagara Falls,New York,657 km,6 hours 29 mins
Niagara Falls,New York,657 km,6 hours 29 mins
New York,Greensboro,870 km,8 hours 19 mins
New York,Greensboro,870 km,8 hours 19 mins
Cincinnati,Binghamton,972 km,8 hours 54 mins
Cincinnati,Binghamton,972 km,8 hours 54 mins
Binghamton,Ogdensburg,323 km,3 hours 12 mins
Binghamton,Ogdensburg,323 km,3 hours 12 mins
Ogdensburg,Cincinnati,"1,123 km",10 hours 26 mins
Ogdensburg,Cincinnati,"1,123 km",10 hours 26 mins
Washington,Wilmington,586 km,5 hours 31 mins
Washington,Wilmington,586 km,5 hours 31 mins
Wilmington,Fayetteville,149 km,1 hour 43 mins
Wilmington,Fayetteville,149 km,1 hour 43 mins
Fayetteville,Washington,509 km,4 hours 48 mins
Fayetteville,Washington,509 km,4 hours 48 mins
Detroit,Dubuque,749 km,7 hours 18 mins
Detroit,Dubuque,749 km,7 hours 18 mins
Dubuque,Des Moines,317 km,3 hours 13 mins
Dubuque,Des Moines,317 km,3 hours 13 mins
Des Moines,Detroit,964 km,8 hours 49 mins
Des Moines,Detroit,964 km,8 hours 49 mins
Richmond,Gainesville,"1,074 km",9 hours 40 mins
Richmond,Gainesville,"1,074 km",9 hours 40 mins
Gainesville,Jacksonville,115 km,1 hour 16 mins
Gainesville,Jacksonville,115 km,1 hour 16 mins
Jacksonville,Richmond,963 km,8 hours 28 mins
Jacksonville,Richmond,963 km,8 hours 28 mins
Columbus,Akron,202 km,1 hour 57 mins
Columbus,Akron,202 km,1 hour 57 mins
Dallas,Paducah,"1,027 km",9 hours 36 mins
Dallas,Paducah,"1,027 km",9 hours 36 mins
Paducah,Lexington,411 km,3 hours 54 mins
Paducah,Lexington,411 km,3 hours 54 mins
Lexington,Dallas,"1,408 km",12 hours 55 mins
Lexington,Dallas,"1,408 km",12 hours 55 mins
Denver,Abilene,"1,146 km",10 hours 37 mins
Denver,Abilene,"1,146 km",10 hours 37 mins
Abilene,Amarillo,446 km,4 hours 10 mins
Abilene,Amarillo,446 km,4 hours 10 mins
Amarillo,Denver,698 km,6 hours 28 mins
Amarillo,Denver,698 km,6 hours 28 mins
Albuquerque,Houston,"1,422 km",12 hours 51 mins
Albuquerque,Houston,"1,422 km",12 hours 51 mins
Houston,Dallas,385 km,3 hours 27 mins
Houston,Dallas,385 km,3 hours 27 mins
Dallas,Albuquerque,"1,045 km",9 hours 33 mins
Dallas,Albuquerque,"1,045 km",9 hours 33 mins
Syracuse,Erie,381 km,3 hours 39 mins
Syracuse,Erie,381 km,3 hours 39 mins
Erie,Philadelphia,678 km,6 hours 22 mins
Erie,Philadelphia,678 km,6 hours 22 mins
Philadelphia,Syracuse,408 km,4 hours 0 mins
Philadelphia,Syracuse,408 km,4 hours 0 mins
New York,Syracuse,398 km,4 hours 6 mins
New York,Syracuse,398 km,4 hours 6 mins
Seattle,Salt Lake City,"1,336 km",12 hours 11 mins
Seattle,Salt Lake City,"1,336 km",12 hours 11 mins
Salt Lake City,Ogden,61.4 km,37 mins
Salt Lake City,Ogden,61.4 km,37 mins
Ogden,Seattle,"1,278 km",11 hours 41 mins
Ogden,Seattle,"1,278 km",11 hours 41 mins
Denver,Missoula,"1,443 km",12 hours 43 mins
Denver,Missoula,"1,443 km",12 hours 43 mins
Missoula,Great Falls,266 km,2 hours 41 mins
Missoula,Great Falls,266 km,2 hours 41 mins
Great Falls,Denver,"1,239 km",11 hours 15 mins
Great Falls,Denver,"1,239 km",11 hours 15 mins
Wilmington,State College,918 km,8 hours 41 mins
Wilmington,State College,918 km,8 hours 41 mins
State College,Johnstown,137 km,1 hour 29 mins
State College,Johnstown,137 km,1 hour 29 mins
Johnstown,Wilmington,863 km,8 hours 23 mins
Johnstown,Wilmington,863 km,8 hours 23 mins
Chicago,Fayetteville,"1,323 km",12 hours 48 mins
Chicago,Fayetteville,"1,323 km",12 hours 48 mins
Fayetteville,Charlotte,223 km,2 hours 40 mins
Fayetteville,Charlotte,223 km,2 hours 40 mins
Charlotte,Chicago,"1,215 km",11 hours 39 mins
Charlotte,Chicago,"1,215 km",11 hours 39 mins
Austin,Lake Charles,494 km,4 hours 37 mins
Austin,Lake Charles,494 km,4 hours 37 mins
Lake Charles,Baton Rouge,204 km,1 hour 55 mins
Lake Charles,Baton Rouge,204 km,1 hour 55 mins
Baton Rouge,Austin,694 km,6 hours 28 mins
Baton Rouge,Austin,694 km,6 hours 28 mins
New Orleans,Orlando,"1,029 km",9 hours 5 mins
New Orleans,Orlando,"1,029 km",9 hours 5 mins
Orlando,Miami,378 km,3 hours 26 mins
Orlando,Miami,378 km,3 hours 26 mins
Miami,New Orleans,"1,394 km",12 hours 13 mins
Miami,New Orleans,"1,394 km",12 hours 13 mins
Knoxville,New York,"1,138 km",10 hours 40 mins
Knoxville,New York,"1,138 km",10 hours 40 mins
New York,Buffalo,601 km,6 hours 16 mins
New York,Buffalo,601 km,6 hours 16 mins
Buffalo,Knoxville,"1,106 km",10 hours 5 mins
Buffalo,Knoxville,"1,106 km",10 hours 5 mins
Minneapolis,Nashville,"1,420 km",12 hours 45 mins
Minneapolis,Nashville,"1,420 km",12 hours 45 mins
Nashville,Knoxville,290 km,2 hours 42 mins
Nashville,Knoxville,290 km,2 hours 42 mins
Knoxville,Minneapolis,"1,529 km",13 hours 58 mins
Knoxville,Minneapolis,"1,529 km",13 hours 58 mins
New York,Savannah,"1,298 km",12 hours 4 mins
New York,Savannah,"1,298 km",12 hours 4 mins
Savannah,Atlanta,399 km,3 hours 40 mins
Savannah,Atlanta,399 km,3 hours 40 mins
Atlanta,New York,"1,391 km",13 hours 5 mins
Atlanta,New York,"1,391 km",13 hours 5 mins
Dallas,Houston,385 km,3 hours 29 mins
Dallas,Houston,385 km,3 hours 29 mins
Dallas,Orlando,"1,747 km",15 hours 51 mins
Dallas,Orlando,"1,747 km",15 hours 51 mins
Orlando,Miami,378 km,3 hours 26 mins
Orlando,Miami,378 km,3 hours 26 mins
Miami,Dallas,"2,117 km",19 hours 0 mins
Miami,Dallas,"2,117 km",19 hours 0 mins
Milwaukee,Buffalo,"1,011 km",9 hours 33 mins
Milwaukee,Buffalo,"1,011 km",9 hours 33 mins
Buffalo,Niagara Falls,31.9 km,26 mins
Buffalo,Niagara Falls,31.9 km,26 mins
Niagara Falls,Milwaukee,"1,040 km",9 hours 51 mins
Niagara Falls,Milwaukee,"1,040 km",9 hours 51 mins
Norfolk,State College,646 km,6 hours 23 mins
Norfolk,State College,646 km,6 hours 23 mins
State College,Johnstown,137 km,1 hour 29 mins
State College,Johnstown,137 km,1 hour 29 mins
Johnstown,Norfolk,590 km,6 hours 2 mins
Johnstown,Norfolk,590 km,6 hours 2 mins
Islip,Tampa,"1,899 km",17 hours 39 mins
Islip,Tampa,"1,899 km",17 hours 39 mins
Tampa,Fort Lauderdale,424 km,3 hours 46 mins
Tampa,Fort Lauderdale,424 km,3 hours 46 mins
Fort Lauderdale,Islip,"2,101 km",19 hours 7 mins
Fort Lauderdale,Islip,"2,101 km",19 hours 7 mins
Chattanooga,Abilene,"1,557 km",13 hours 55 mins
Chattanooga,Abilene,"1,557 km",13 hours 55 mins
Abilene,Amarillo,446 km,4 hours 10 mins
Abilene,Amarillo,446 km,4 hours 10 mins
Amarillo,Chattanooga,"1,707 km",15 hours 14 mins
Amarillo,Chattanooga,"1,707 km",15 hours 14 mins
Newark,Harrisburg,258 km,2 hours 38 mins
Newark,Harrisburg,258 km,2 hours 38 mins
Harrisburg,Lewisburg,98.1 km,1 hour 10 mins
Harrisburg,Lewisburg,98.1 km,1 hour 10 mins
Lewisburg,Newark,262 km,2 hours 39 mins
Lewisburg,Newark,262 km,2 hours 39 mins
Knoxville,Bemidji,"1,873 km",17 hours 25 mins
Knoxville,Bemidji,"1,873 km",17 hours 25 mins
Bemidji,Minneapolis,347 km,3 hours 34 mins
Bemidji,Minneapolis,347 km,3 hours 34 mins
Minneapolis,Knoxville,"1,527 km",13 hours 55 mins
Minneapolis,Knoxville,"1,527 km",13 hours 55 mins
Milwaukee,Wilmington,"1,660 km",15 hours 33 mins
Milwaukee,Wilmington,"1,660 km",15 hours 33 mins
Wilmington,Charlotte,324 km,3 hours 24 mins
Wilmington,Charlotte,324 km,3 hours 24 mins
Charlotte,Milwaukee,"1,370 km",13 hours 1 min
Charlotte,Milwaukee,"1,370 km",13 hours 1 min
Memphis,Abilene,"1,018 km",9 hours 16 mins
Memphis,Abilene,"1,018 km",9 hours 16 mins
Abilene,Amarillo,446 km,4 hours 10 mins
Abilene,Amarillo,446 km,4 hours 10 mins
Amarillo,Memphis,"1,166 km",10 hours 20 mins
Amarillo,Memphis,"1,166 km",10 hours 20 mins
White Plains,Moline,"1,544 km",14 hours 23 mins
White Plains,Moline,"1,544 km",14 hours 23 mins
Moline,Belleville,417 km,3 hours 59 mins
Moline,Belleville,417 km,3 hours 59 mins
Belleville,White Plains,"1,608 km",14 hours 58 mins
Belleville,White Plains,"1,608 km",14 hours 58 mins
Shreveport,Abilene,593 km,5 hours 22 mins
Shreveport,Abilene,593 km,5 hours 22 mins
Abilene,Amarillo,446 km,4 hours 10 mins
Abilene,Amarillo,446 km,4 hours 10 mins
Amarillo,Shreveport,886 km,8 hours 12 mins
Amarillo,Shreveport,886 km,8 hours 12 mins
Boston,Pellston,"1,511 km",13 hours 51 mins
Boston,Pellston,"1,511 km",13 hours 51 mins
Pellston,Escanaba,263 km,2 hours 45 mins
Pellston,Escanaba,263 km,2 hours 45 mins
Escanaba,Boston,"1,759 km",16 hours 16 mins
Escanaba,Boston,"1,759 km",16 hours 16 mins
Key West,Charlotte,"1,426 km",13 hours 29 mins
Key West,Charlotte,"1,426 km",13 hours 29 mins
Charlotte,Asheville,209 km,2 hours 7 mins
Charlotte,Asheville,209 km,2 hours 7 mins
Asheville,Key West,"1,522 km",14 hours 24 mins
Asheville,Key West,"1,522 km",14 hours 24 mins
Salt Lake City,Helena,778 km,6 hours 53 mins
Salt Lake City,Helena,778 km,6 hours 53 mins
Helena,Billings,384 km,3 hours 37 mins
Helena,Billings,384 km,3 hours 37 mins
Billings,Salt Lake City,888 km,8 hours 27 mins
Billings,Salt Lake City,888 km,8 hours 27 mins
Houston,Fort Myers,"1,768 km",15 hours 42 mins
Houston,Fort Myers,"1,768 km",15 hours 42 mins
Fort Myers,Orlando,257 km,2 hours 59 mins
Fort Myers,Orlando,257 km,2 hours 59 mins
Orlando,Houston,"1,549 km",13 hours 41 mins
Orlando,Houston,"1,549 km",13 hours 41 mins
Rochester,Minneapolis,"1,625 km",15 hours 2 mins
Rochester,Minneapolis,"1,625 km",15 hours 2 mins
Minneapolis,St. Cloud,105 km,1 hour 6 mins
Minneapolis,St. Cloud,105 km,1 hour 6 mins
St. Cloud,Rochester,"1,738 km",15 hours 57 mins
St. Cloud,Rochester,"1,738 km",15 hours 57 mins
San Diego,Los Angeles,194 km,2 hours 0 mins
San Diego,Los Angeles,194 km,2 hours 0 mins
Shreveport,Abilene,593 km,5 hours 22 mins
Shreveport,Abilene,593 km,5 hours 22 mins
Abilene,Amarillo,446 km,4 hours 10 mins
Abilene,Amarillo,446 km,4 hours 10 mins
Amarillo,Shreveport,886 km,8 hours 12 mins
Amarillo,Shreveport,886 km,8 hours 12 mins
Baltimore,Lynchburg,350 km,3 hours 52 mins
Baltimore,Lynchburg,350 km,3 hours 52 mins
Lynchburg,Petersburg,186 km,2 hours 2 mins
Lynchburg,Petersburg,186 km,2 hours 2 mins
Petersburg,Baltimore,276 km,2 hours 54 mins
Petersburg,Baltimore,276 km,2 hours 54 mins
Lexington,Wilmington,997 km,9 hours 26 mins
Lexington,Wilmington,997 km,9 hours 26 mins
Wilmington,Fayetteville,149 km,1 hour 43 mins
Wilmington,Fayetteville,149 km,1 hour 43 mins
Fayetteville,Lexington,815 km,8 hours 4 mins
Fayetteville,Lexington,815 km,8 hours 4 mins
Cedar Rapids,Moline,138 km,1 hour 20 mins
Cedar Rapids,Moline,138 km,1 hour 20 mins
Moline,Peoria,149 km,1 hour 24 mins
Moline,Peoria,149 km,1 hour 24 mins
Peoria,Cedar Rapids,286 km,2 hours 40 mins
Peoria,Cedar Rapids,286 km,2 hours 40 mins
Minneapolis,Green Bay,447 km,4 hours 16 mins
Minneapolis,Green Bay,447 km,4 hours 16 mins
Green Bay,Rhinelander,219 km,2 hours 23 mins
Green Bay,Rhinelander,219 km,2 hours 23 mins
Rhinelander,Minneapolis,390 km,3 hours 43 mins
Rhinelander,Minneapolis,390 km,3 hours 43 mins
Cedar Rapids,Abilene,"1,545 km",13 hours 48 mins
Cedar Rapids,Abilene,"1,545 km",13 hours 48 mins
Abilene,Amarillo,446 km,4 hours 10 mins
Abilene,Amarillo,446 km,4 hours 10 mins
Amarillo,Cedar Rapids,"1,493 km",13 hours 16 mins
Amarillo,Cedar Rapids,"1,493 km",13 hours 16 mins
El Paso,Los Angeles,"1,290 km",11 hours 46 mins
El Paso,Los Angeles,"1,290 km",11 hours 46 mins
Los Angeles,San Francisco,614 km,5 hours 56 mins
Los Angeles,San Francisco,614 km,5 hours 56 mins
San Francisco,El Paso,"1,902 km",17 hours 23 mins
San Francisco,El Paso,"1,902 km",17 hours 23 mins
Charlotte,Ogdensburg,"1,374 km",12 hours 56 mins
Charlotte,Ogdensburg,"1,374 km",12 hours 56 mins
Ogdensburg,Syracuse,206 km,2 hours 8 mins
Ogdensburg,Syracuse,206 km,2 hours 8 mins
Syracuse,Charlotte,"1,170 km",10 hours 54 mins
Syracuse,Charlotte,"1,170 km",10 hours 54 mins
Knoxville,State College,940 km,9 hours 1 min
Knoxville,State College,940 km,9 hours 1 min
State College,Johnstown,137 km,1 hour 29 mins
State College,Johnstown,137 km,1 hour 29 mins
Johnstown,Knoxville,846 km,8 hours 3 mins
Johnstown,Knoxville,846 km,8 hours 3 mins
Bemidji,Minneapolis,347 km,3 hours 34 mins
Bemidji,Minneapolis,347 km,3 hours 34 mins
Minneapolis,Brainerd,203 km,2 hours 6 mins
Minneapolis,Brainerd,203 km,2 hours 6 mins
Brainerd,Bemidji,154 km,1 hour 50 mins
Brainerd,Bemidji,154 km,1 hour 50 mins
El Paso,Alamosa,753 km,7 hours 11 mins
El Paso,Alamosa,753 km,7 hours 11 mins
Alamosa,Grand Junction,396 km,4 hours 29 mins
Alamosa,Grand Junction,396 km,4 hours 29 mins
Grand Junction,El Paso,"1,040 km",10 hours 48 mins
Grand Junction,El Paso,"1,040 km",10 hours 48 mins
Santa Ana,Houston,"2,475 km",22 hours 12 mins
Santa Ana,Houston,"2,475 km",22 hours 12 mins
Houston,Dallas,385 km,3 hours 27 mins
Houston,Dallas,385 km,3 hours 27 mins
Dallas,Santa Ana,"2,314 km",20 hours 38 mins
Dallas,Santa Ana,"2,314 km",20 hours 38 mins
Islip,State College,464 km,4 hours 52 mins
Islip,State College,464 km,4 hours 52 mins
State College,Johnstown,137 km,1 hour 29 mins
State College,Johnstown,137 km,1 hour 29 mins
Johnstown,Islip,590 km,5 hours 57 mins
Johnstown,Islip,590 km,5 hours 57 mins
Atlanta,Charleston,491 km,4 hours 45 mins
Atlanta,Charleston,491 km,4 hours 45 mins
Charleston,Hilton Head,158 km,2 hours 2 mins
Charleston,Hilton Head,158 km,2 hours 2 mins
Hilton Head,Atlanta,451 km,4 hours 12 mins
Hilton Head,Atlanta,451 km,4 hours 12 mins
Baltimore,Buffalo,594 km,6 hours 9 mins
Baltimore,Buffalo,594 km,6 hours 9 mins
Buffalo,New York,600 km,6 hours 14 mins
Buffalo,New York,600 km,6 hours 14 mins
New York,Baltimore,302 km,3 hours 10 mins
New York,Baltimore,302 km,3 hours 10 mins
Atlanta,Grand Rapids,"1,270 km",11 hours 51 mins
Atlanta,Grand Rapids,"1,270 km",11 hours 51 mins
Grand Rapids,Detroit,253 km,2 hours 20 mins
Grand Rapids,Detroit,253 km,2 hours 20 mins
Detroit,Atlanta,"1,163 km",10 hours 37 mins
Detroit,Atlanta,"1,163 km",10 hours 37 mins
Phoenix,Kansas City,"1,939 km",18 hours 31 mins
Phoenix,Kansas City,"1,939 km",18 hours 31 mins
Kansas City,St. Louis,399 km,3 hours 42 mins
Kansas City,St. Louis,399 km,3 hours 42 mins
St. Louis,Phoenix,"2,345 km",21 hours 20 mins
St. Louis,Phoenix,"2,345 km",21 hours 20 mins
Charlotte,Daytona Beach,770 km,6 hours 56 mins
Charlotte,Daytona Beach,770 km,6 hours 56 mins
Daytona Beach,Miami,421 km,3 hours 56 mins
Daytona Beach,Miami,421 km,3 hours 56 mins
Miami,Charlotte,"1,174 km",10 hours 26 mins
Miami,Charlotte,"1,174 km",10 hours 26 mins
Louisville,Buffalo,862 km,7 hours 57 mins
Louisville,Buffalo,862 km,7 hours 57 mins
Buffalo,White Plains,600 km,5 hours 57 mins
Buffalo,White Plains,600 km,5 hours 57 mins
White Plains,Louisville,"1,239 km",11 hours 47 mins
White Plains,Louisville,"1,239 km",11 hours 47 mins
Latrobe,Miami,"1,877 km",17 hours 26 mins
Latrobe,Miami,"1,877 km",17 hours 26 mins
Miami,Punta Gorda,291 km,2 hours 41 mins
Miami,Punta Gorda,291 km,2 hours 41 mins
Punta Gorda,Latrobe,"1,792 km",16 hours 53 mins
Punta Gorda,Latrobe,"1,792 km",16 hours 53 mins
Key West,Augusta,"1,221 km",12 hours 3 mins
Key West,Augusta,"1,221 km",12 hours 3 mins
Augusta,Decatur,229 km,2 hours 19 mins
Augusta,Decatur,229 km,2 hours 19 mins
Decatur,Key West,"1,321 km",12 hours 39 mins
Decatur,Key West,"1,321 km",12 hours 39 mins
Daytona Beach,Wilmington,844 km,7 hours 40 mins
Daytona Beach,Wilmington,844 km,7 hours 40 mins
Wilmington,Fayetteville,149 km,1 hour 43 mins
Wilmington,Fayetteville,149 km,1 hour 43 mins
Fayetteville,Daytona Beach,786 km,7 hours 1 min
Fayetteville,Daytona Beach,786 km,7 hours 1 min
Houston,Pensacola,845 km,7 hours 38 mins
Houston,Pensacola,845 km,7 hours 38 mins
Pensacola,Tallahassee,316 km,2 hours 51 mins
Pensacola,Tallahassee,316 km,2 hours 51 mins
Tallahassee,Houston,"1,142 km",10 hours 15 mins
Tallahassee,Houston,"1,142 km",10 hours 15 mins
Tampa,Augusta,729 km,7 hours 8 mins
Tampa,Augusta,729 km,7 hours 8 mins
Augusta,Decatur,229 km,2 hours 19 mins
Augusta,Decatur,229 km,2 hours 19 mins
Decatur,Tampa,735 km,6 hours 39 mins
Decatur,Tampa,735 km,6 hours 39 mins
West Palm Beach,New York,"1,956 km",17 hours 39 mins
West Palm Beach,New York,"1,956 km",17 hours 39 mins
New York,Plattsburgh,503 km,4 hours 55 mins
New York,Plattsburgh,503 km,4 hours 55 mins
Plattsburgh,West Palm Beach,"2,447 km",22 hours 2 mins
Plattsburgh,West Palm Beach,"2,447 km",22 hours 2 mins
Daytona Beach,Abilene,"2,028 km",18 hours 27 mins
Daytona Beach,Abilene,"2,028 km",18 hours 27 mins
Abilene,Dallas,292 km,2 hours 43 mins
Abilene,Dallas,292 km,2 hours 43 mins
Dallas,Daytona Beach,"1,747 km",15 hours 55 mins
Dallas,Daytona Beach,"1,747 km",15 hours 55 mins
Chicago,Fort Myers,"2,076 km",18 hours 53 mins
Chicago,Fort Myers,"2,076 km",18 hours 53 mins
Fort Myers,Jacksonville,510 km,4 hours 52 mins
Fort Myers,Jacksonville,510 km,4 hours 52 mins
Jacksonville,Chicago,"1,710 km",15 hours 38 mins
Jacksonville,Chicago,"1,710 km",15 hours 38 mins
Tulsa,Abilene,636 km,5 hours 45 mins
Tulsa,Abilene,636 km,5 hours 45 mins
Abilene,Amarillo,446 km,4 hours 10 mins
Abilene,Amarillo,446 km,4 hours 10 mins
Amarillo,Tulsa,587 km,5 hours 16 mins
Amarillo,Tulsa,587 km,5 hours 16 mins
Knoxville,Amarillo,"1,794 km",16 hours 3 mins
Knoxville,Amarillo,"1,794 km",16 hours 3 mins
Amarillo,Lubbock,197 km,1 hour 47 mins
Amarillo,Lubbock,197 km,1 hour 47 mins
Lubbock,Knoxville,"1,837 km",17 hours 3 mins
Lubbock,Knoxville,"1,837 km",17 hours 3 mins
Charlotte,Cleveland,829 km,7 hours 51 mins
Charlotte,Cleveland,829 km,7 hours 51 mins
Cleveland,Dayton,340 km,3 hours 11 mins
Cleveland,Dayton,340 km,3 hours 11 mins
Dayton,Charlotte,734 km,7 hours 5 mins
Dayton,Charlotte,734 km,7 hours 5 mins
Los Angeles,San Francisco,614 km,5 hours 56 mins
Los Angeles,San Francisco,614 km,5 hours 56 mins
San Francisco,San Diego,807 km,7 hours 44 mins
San Francisco,San Diego,807 km,7 hours 44 mins
Sacramento,San Diego,811 km,7 hours 46 mins
Sacramento,San Diego,811 km,7 hours 46 mins
San Diego,Austin,"2,091 km",19 hours 4 mins
San Diego,Austin,"2,091 km",19 hours 4 mins
Bozeman,San Francisco,"1,650 km",15 hours 47 mins
Bozeman,San Francisco,"1,650 km",15 hours 47 mins
San Francisco,Los Angeles,615 km,5 hours 53 mins
San Francisco,Los Angeles,615 km,5 hours 53 mins
Los Angeles,Bozeman,"1,762 km",16 hours 3 mins
Los Angeles,Bozeman,"1,762 km",16 hours 3 mins
Sun Valley,San Diego,"1,461 km",14 hours 9 mins
Sun Valley,San Diego,"1,461 km",14 hours 9 mins
San Diego,Los Angeles,194 km,2 hours 0 mins
San Diego,Los Angeles,194 km,2 hours 0 mins
Los Angeles,Sun Valley,"1,362 km",13 hours 10 mins
Los Angeles,Sun Valley,"1,362 km",13 hours 10 mins
Harrisburg,Chicago,"1,059 km",9 hours 57 mins
Harrisburg,Chicago,"1,059 km",9 hours 57 mins
Chicago,Moline,265 km,2 hours 37 mins
Chicago,Moline,265 km,2 hours 37 mins
Moline,Harrisburg,"1,295 km",12 hours 6 mins
Moline,Harrisburg,"1,295 km",12 hours 6 mins
Charlotte,New Orleans,"1,149 km",10 hours 28 mins
Charlotte,New Orleans,"1,149 km",10 hours 28 mins
New Orleans,Baton Rouge,131 km,1 hour 17 mins
New Orleans,Baton Rouge,131 km,1 hour 17 mins
Baton Rouge,Charlotte,"1,241 km",11 hours 14 mins
Baton Rouge,Charlotte,"1,241 km",11 hours 14 mins
Bozeman,Dallas,"2,365 km",21 hours 28 mins
Bozeman,Dallas,"2,365 km",21 hours 28 mins
Dallas,Houston,385 km,3 hours 29 mins
Dallas,Houston,385 km,3 hours 29 mins
San Francisco,Los Angeles,615 km,5 hours 53 mins
San Francisco,Los Angeles,615 km,5 hours 53 mins
Grand Junction,Amarillo,915 km,9 hours 40 mins
Grand Junction,Amarillo,915 km,9 hours 40 mins
Amarillo,Abilene,461 km,4 hours 12 mins
Amarillo,Abilene,461 km,4 hours 12 mins
Abilene,Grand Junction,"1,347 km",13 hours 44 mins
Abilene,Grand Junction,"1,347 km",13 hours 44 mins
Pittsburgh,Fort Myers,"1,841 km",17 hours 5 mins
Pittsburgh,Fort Myers,"1,841 km",17 hours 5 mins
Fort Myers,Orlando,257 km,2 hours 59 mins
Fort Myers,Orlando,257 km,2 hours 59 mins
Orlando,Pittsburgh,"1,559 km",14 hours 17 mins
Orlando,Pittsburgh,"1,559 km",14 hours 17 mins
Tampa,Amarillo,"2,369 km",21 hours 28 mins
Tampa,Amarillo,"2,369 km",21 hours 28 mins
Amarillo,Lubbock,197 km,1 hour 47 mins
Amarillo,Lubbock,197 km,1 hour 47 mins
Lubbock,Tampa,"2,331 km",20 hours 57 mins
Lubbock,Tampa,"2,331 km",20 hours 57 mins
Santa Fe,Amarillo,450 km,4 hours 10 mins
Santa Fe,Amarillo,450 km,4 hours 10 mins
Amarillo,Lubbock,197 km,1 hour 47 mins
Amarillo,Lubbock,197 km,1 hour 47 mins
Lubbock,Santa Fe,503 km,5 hours 5 mins
Lubbock,Santa Fe,503 km,5 hours 5 mins
Fort Lauderdale,Buffalo,"2,200 km",19 hours 55 mins
Fort Lauderdale,Buffalo,"2,200 km",19 hours 55 mins
Buffalo,White Plains,600 km,5 hours 57 mins
Buffalo,White Plains,600 km,5 hours 57 mins
White Plains,Fort Lauderdale,"2,084 km",18 hours 49 mins
White Plains,Fort Lauderdale,"2,084 km",18 hours 49 mins
Charlotte,Miami,"1,174 km",10 hours 30 mins
Charlotte,Miami,"1,174 km",10 hours 30 mins
Miami,Daytona Beach,422 km,3 hours 52 mins
Miami,Daytona Beach,422 km,3 hours 52 mins
Daytona Beach,Charlotte,759 km,6 hours 55 mins
Daytona Beach,Charlotte,759 km,6 hours 55 mins
Gainesville,Augusta,524 km,5 hours 18 mins
Gainesville,Augusta,524 km,5 hours 18 mins
Augusta,Savannah,196 km,2 hours 27 mins
Augusta,Savannah,196 km,2 hours 27 mins
Savannah,Gainesville,335 km,3 hours 15 mins
Savannah,Gainesville,335 km,3 hours 15 mins
Santa Ana,Dallas,"2,295 km",20 hours 40 mins
Santa Ana,Dallas,"2,295 km",20 hours 40 mins
Dallas,Houston,385 km,3 hours 29 mins
Dallas,Houston,385 km,3 hours 29 mins
Houston,Santa Ana,"2,494 km",22 hours 8 mins
Houston,Santa Ana,"2,494 km",22 hours 8 mins
Minneapolis,Austin,"1,886 km",16 hours 47 mins
Minneapolis,Austin,"1,886 km",16 hours 47 mins
Austin,Dallas,314 km,2 hours 53 mins
Austin,Dallas,314 km,2 hours 53 mins
Dallas,Minneapolis,"1,515 km",14 hours 7 mins
Dallas,Minneapolis,"1,515 km",14 hours 7 mins
Tulsa,San Diego,"2,282 km",20 hours 46 mins
Tulsa,San Diego,"2,282 km",20 hours 46 mins
San Diego,Redding,"1,070 km",10 hours 10 mins
San Diego,Redding,"1,070 km",10 hours 10 mins
Redding,Fresno,533 km,5 hours 4 mins
Redding,Fresno,533 km,5 hours 4 mins
Fresno,Tulsa,"2,506 km",22 hours 31 mins
Fresno,Tulsa,"2,506 km",22 hours 31 mins
Dayton,State College,632 km,6 hours 13 mins
Dayton,State College,632 km,6 hours 13 mins
State College,Erie,342 km,3 hours 22 mins
State College,Erie,342 km,3 hours 22 mins
Erie,Philadelphia,678 km,6 hours 22 mins
Erie,Philadelphia,678 km,6 hours 22 mins
Philadelphia,Dayton,869 km,8 hours 19 mins
Philadelphia,Dayton,869 km,8 hours 19 mins
San Diego,Yuma,276 km,2 hours 41 mins
San Diego,Yuma,276 km,2 hours 41 mins
Yuma,Phoenix,298 km,2 hours 52 mins
Yuma,Phoenix,298 km,2 hours 52 mins
Phoenix,Tucson,181 km,1 hour 44 mins
Phoenix,Tucson,181 km,1 hour 44 mins
Tucson,San Diego,654 km,5 hours 53 mins
Tucson,San Diego,654 km,5 hours 53 mins
Providence,Orlando,"2,025 km",18 hours 43 mins
Providence,Orlando,"2,025 km",18 hours 43 mins
Orlando,Fort Lauderdale,341 km,3 hours 6 mins
Orlando,Fort Lauderdale,341 km,3 hours 6 mins
Fort Lauderdale,Tampa,425 km,3 hours 46 mins
Fort Lauderdale,Tampa,425 km,3 hours 46 mins
Tampa,Providence,"2,107 km",19 hours 37 mins
Tampa,Providence,"2,107 km",19 hours 37 mins
Boise,Salt Lake City,546 km,4 hours 53 mins
Boise,Salt Lake City,546 km,4 hours 53 mins
Salt Lake City,Ogden,61.4 km,37 mins
Salt Lake City,Ogden,61.4 km,37 mins
Ogden,Vernal,336 km,3 hours 28 mins
Ogden,Vernal,336 km,3 hours 28 mins
Vernal,Boise,820 km,7 hours 44 mins
Vernal,Boise,820 km,7 hours 44 mins
Little Rock,San Antonio,954 km,8 hours 41 mins
Little Rock,San Antonio,954 km,8 hours 41 mins
San Antonio,Dallas,440 km,4 hours 4 mins
San Antonio,Dallas,440 km,4 hours 4 mins
Dallas,Houston,385 km,3 hours 29 mins
Dallas,Houston,385 km,3 hours 29 mins
Houston,Little Rock,699 km,6 hours 46 mins
Houston,Little Rock,699 km,6 hours 46 mins
Orlando,Tampa,136 km,1 hour 18 mins
Orlando,Tampa,136 km,1 hour 18 mins
Tampa,Miami,451 km,4 hours 4 mins
Tampa,Miami,451 km,4 hours 4 mins
El Paso,San Diego,"1,166 km",10 hours 27 mins
El Paso,San Diego,"1,166 km",10 hours 27 mins
San Diego,San Francisco,808 km,7 hours 51 mins
San Diego,San Francisco,808 km,7 hours 51 mins
San Francisco,Los Angeles,615 km,5 hours 53 mins
San Francisco,Los Angeles,615 km,5 hours 53 mins
Los Angeles,El Paso,"1,289 km",11 hours 43 mins
Los Angeles,El Paso,"1,289 km",11 hours 43 mins
San Diego,Tucson,653 km,5 hours 56 mins
San Diego,Tucson,653 km,5 hours 56 mins
Tucson,Yuma,380 km,3 hours 23 mins
Tucson,Yuma,380 km,3 hours 23 mins
Yuma,Phoenix,298 km,2 hours 52 mins
Yuma,Phoenix,298 km,2 hours 52 mins
Phoenix,San Diego,571 km,5 hours 19 mins
Phoenix,San Diego,571 km,5 hours 19 mins
Santa Ana,Amarillo,"1,723 km",15 hours 32 mins
Santa Ana,Amarillo,"1,723 km",15 hours 32 mins
Amarillo,Dallas,589 km,5 hours 30 mins
Amarillo,Dallas,589 km,5 hours 30 mins
Dallas,Houston,385 km,3 hours 29 mins
Dallas,Houston,385 km,3 hours 29 mins
Houston,Santa Ana,"2,494 km",22 hours 8 mins
Houston,Santa Ana,"2,494 km",22 hours 8 mins
Baltimore,Houston,"2,326 km",21 hours 6 mins
Baltimore,Houston,"2,326 km",21 hours 6 mins
Houston,Austin,266 km,2 hours 31 mins
Houston,Austin,266 km,2 hours 31 mins
Austin,Dallas,314 km,2 hours 53 mins
Austin,Dallas,314 km,2 hours 53 mins
Dallas,Baltimore,"2,198 km",20 hours 4 mins
Dallas,Baltimore,"2,198 km",20 hours 4 mins
Indianapolis,Dallas,"1,432 km",13 hours 14 mins
Indianapolis,Dallas,"1,432 km",13 hours 14 mins
Dallas,Amarillo,588 km,5 hours 30 mins
Dallas,Amarillo,588 km,5 hours 30 mins
Amarillo,Houston,965 km,8 hours 49 mins
Amarillo,Houston,965 km,8 hours 49 mins
Houston,Indianapolis,"1,632 km",15 hours 17 mins
Houston,Indianapolis,"1,632 km",15 hours 17 mins
Billings,Amarillo,"1,549 km",14 hours 1 min
Billings,Amarillo,"1,549 km",14 hours 1 min
Amarillo,Lubbock,197 km,1 hour 47 mins
Amarillo,Lubbock,197 km,1 hour 47 mins
Lubbock,Austin,602 km,5 hours 54 mins
Lubbock,Austin,602 km,5 hours 54 mins
Austin,Billings,"2,355 km",21 hours 43 mins
Austin,Billings,"2,355 km",21 hours 43 mins
Washington,Austin,"2,452 km",22 hours 18 mins
Washington,Austin,"2,452 km",22 hours 18 mins
Austin,Houston,266 km,2 hours 31 mins
Austin,Houston,266 km,2 hours 31 mins
Houston,Amarillo,965 km,8 hours 50 mins
Houston,Amarillo,965 km,8 hours 50 mins
Amarillo,Washington,"2,576 km",23 hours 12 mins
Amarillo,Washington,"2,576 km",23 hours 12 mins
Peoria,Texarkana,"1,055 km",9 hours 51 mins
Peoria,Texarkana,"1,055 km",9 hours 51 mins
Texarkana,Austin,603 km,5 hours 30 mins
Texarkana,Austin,603 km,5 hours 30 mins
Austin,Dallas,314 km,2 hours 53 mins
Austin,Dallas,314 km,2 hours 53 mins
Dallas,Peoria,"1,285 km",12 hours 8 mins
Dallas,Peoria,"1,285 km",12 hours 8 mins
Detroit,Paducah,927 km,8 hours 33 mins
Detroit,Paducah,927 km,8 hours 33 mins
Paducah,Owensboro,205 km,2 hours 10 mins
Paducah,Owensboro,205 km,2 hours 10 mins
Owensboro,Lexington,286 km,2 hours 47 mins
Owensboro,Lexington,286 km,2 hours 47 mins
Lexington,Detroit,554 km,5 hours 14 mins
Lexington,Detroit,554 km,5 hours 14 mins
Pittsburgh,Jacksonville,"1,335 km",12 hours 17 mins
Pittsburgh,Jacksonville,"1,335 km",12 hours 17 mins
Jacksonville,Panama City,426 km,4 hours 9 mins
Jacksonville,Panama City,426 km,4 hours 9 mins
Panama City,Miami,936 km,8 hours 37 mins
Panama City,Miami,936 km,8 hours 37 mins
Miami,Pittsburgh,"1,891 km",17 hours 13 mins
Miami,Pittsburgh,"1,891 km",17 hours 13 mins
Tampa,Moline,"1,995 km",17 hours 57 mins
Tampa,Moline,"1,995 km",17 hours 57 mins
Moline,Belleville,417 km,3 hours 59 mins
Moline,Belleville,417 km,3 hours 59 mins
Belleville,Chicago,474 km,4 hours 36 mins
Belleville,Chicago,474 km,4 hours 36 mins
Chicago,Tampa,"1,886 km",17 hours 8 mins
Chicago,Tampa,"1,886 km",17 hours 8 mins
Louisville,Buffalo,862 km,7 hours 57 mins
Louisville,Buffalo,862 km,7 hours 57 mins
Buffalo,Niagara Falls,31.9 km,26 mins
Buffalo,Niagara Falls,31.9 km,26 mins
Niagara Falls,Watertown,363 km,3 hours 28 mins
Niagara Falls,Watertown,363 km,3 hours 28 mins
Watertown,Louisville,"1,191 km",10 hours 56 mins
Watertown,Louisville,"1,191 km",10 hours 56 mins
Kansas City,Bemidji,"1,046 km",9 hours 50 mins
Kansas City,Bemidji,"1,046 km",9 hours 50 mins
Bemidji,Minneapolis,347 km,3 hours 34 mins
Bemidji,Minneapolis,347 km,3 hours 34 mins
Minneapolis,Duluth,248 km,2 hours 16 mins
Minneapolis,Duluth,248 km,2 hours 16 mins
Duluth,Kansas City,945 km,8 hours 28 mins
Duluth,Kansas City,945 km,8 hours 28 mins
Tallahassee,Abilene,"1,634 km",14 hours 57 mins
Tallahassee,Abilene,"1,634 km",14 hours 57 mins
Abilene,Amarillo,446 km,4 hours 10 mins
Abilene,Amarillo,446 km,4 hours 10 mins
Amarillo,Lubbock,197 km,1 hour 47 mins
Amarillo,Lubbock,197 km,1 hour 47 mins
Lubbock,Tallahassee,"1,895 km",17 hours 16 mins
Lubbock,Tallahassee,"1,895 km",17 hours 16 mins
Little Rock,Houston,698 km,6 hours 47 mins
Little Rock,Houston,698 km,6 hours 47 mins
Houston,Lubbock,841 km,8 hours 3 mins
Houston,Lubbock,841 km,8 hours 3 mins
Lubbock,Dallas,558 km,5 hours 2 mins
Lubbock,Dallas,558 km,5 hours 2 mins
Dallas,Little Rock,514 km,4 hours 40 mins
Dallas,Little Rock,514 km,4 hours 40 mins
San Diego,Sacramento,812 km,7 hours 50 mins
San Diego,Sacramento,812 km,7 hours 50 mins
Sacramento,Santa Ana,670 km,6 hours 30 mins
Sacramento,Santa Ana,670 km,6 hours 30 mins
Phoenix,Dallas,"1,715 km",15 hours 19 mins
Phoenix,Dallas,"1,715 km",15 hours 19 mins
Dallas,San Angelo,415 km,3 hours 55 mins
Dallas,San Angelo,415 km,3 hours 55 mins
San Angelo,Houston,586 km,5 hours 46 mins
San Angelo,Houston,586 km,5 hours 46 mins
Houston,Phoenix,"1,892 km",16 hours 47 mins
Houston,Phoenix,"1,892 km",16 hours 47 mins
Pensacola,Wilmington,"1,185 km",10 hours 48 mins
Pensacola,Wilmington,"1,185 km",10 hours 48 mins
Wilmington,Fayetteville,149 km,1 hour 43 mins
Wilmington,Fayetteville,149 km,1 hour 43 mins
Fayetteville,Charlotte,223 km,2 hours 40 mins
Fayetteville,Charlotte,223 km,2 hours 40 mins
Charlotte,Pensacola,913 km,8 hours 39 mins
Charlotte,Pensacola,913 km,8 hours 39 mins
Memphis,Houston,913 km,8 hours 44 mins
Memphis,Houston,913 km,8 hours 44 mins
Houston,Austin,266 km,2 hours 31 mins
Houston,Austin,266 km,2 hours 31 mins
Austin,Dallas,314 km,2 hours 53 mins
Austin,Dallas,314 km,2 hours 53 mins
Dallas,Memphis,728 km,6 hours 36 mins
Dallas,Memphis,728 km,6 hours 36 mins
Bozeman,Salt Lake City,660 km,6 hours 20 mins
Bozeman,Salt Lake City,660 km,6 hours 20 mins
Salt Lake City,Ogden,61.4 km,37 mins
Salt Lake City,Ogden,61.4 km,37 mins
Ogden,Provo,131 km,1 hour 16 mins
Ogden,Provo,131 km,1 hour 16 mins
Provo,Bozeman,727 km,6 hours 55 mins
Provo,Bozeman,727 km,6 hours 55 mins
Dallas,Richmond,"2,054 km",18 hours 37 mins
Dallas,Richmond,"2,054 km",18 hours 37 mins
Richmond,Charlottesville,116 km,1 hour 10 mins
Richmond,Charlottesville,116 km,1 hour 10 mins
Charlottesville,Norfolk,262 km,2 hours 37 mins
Charlottesville,Norfolk,262 km,2 hours 37 mins
Norfolk,Dallas,"2,175 km",19 hours 54 mins
Norfolk,Dallas,"2,175 km",19 hours 54 mins
Des Moines,Nashville,"1,057 km",9 hours 55 mins
Des Moines,Nashville,"1,057 km",9 hours 55 mins
Nashville,Knoxville,290 km,2 hours 42 mins
Nashville,Knoxville,290 km,2 hours 42 mins
Knoxville,Chattanooga,180 km,1 hour 41 mins
Knoxville,Chattanooga,180 km,1 hour 41 mins
Chattanooga,Des Moines,"1,270 km",11 hours 51 mins
Chattanooga,Des Moines,"1,270 km",11 hours 51 mins
Atlanta,Syracuse,"1,550 km",14 hours 25 mins
Atlanta,Syracuse,"1,550 km",14 hours 25 mins
Syracuse,Ogdensburg,206 km,2 hours 6 mins
Syracuse,Ogdensburg,206 km,2 hours 6 mins
Ogdensburg,Watertown,96.0 km,1 hour 10 mins
Ogdensburg,Watertown,96.0 km,1 hour 10 mins
Watertown,Atlanta,"1,663 km",15 hours 29 mins
Watertown,Atlanta,"1,663 km",15 hours 29 mins
Denver,Moline,"1,357 km",11 hours 57 mins
Denver,Moline,"1,357 km",11 hours 57 mins
Moline,Belleville,417 km,3 hours 59 mins
Moline,Belleville,417 km,3 hours 59 mins
Belleville,Rockford,471 km,4 hours 30 mins
Belleville,Rockford,471 km,4 hours 30 mins
Rockford,Denver,"1,538 km",13 hours 43 mins
Rockford,Denver,"1,538 km",13 hours 43 mins
El Paso,Alamosa,753 km,7 hours 11 mins
El Paso,Alamosa,753 km,7 hours 11 mins
Alamosa,Grand Junction,396 km,4 hours 29 mins
Alamosa,Grand Junction,396 km,4 hours 29 mins
Grand Junction,Colorado Springs,498 km,4 hours 46 mins
Grand Junction,Colorado Springs,498 km,4 hours 46 mins
Colorado Springs,El Paso,914 km,8 hours 36 mins
Colorado Springs,El Paso,914 km,8 hours 36 mins
Louisville,Amarillo,"1,636 km",14 hours 46 mins
Louisville,Amarillo,"1,636 km",14 hours 46 mins
Amarillo,Dallas,589 km,5 hours 30 mins
Amarillo,Dallas,589 km,5 hours 30 mins
Dallas,Houston,385 km,3 hours 29 mins
Dallas,Houston,385 km,3 hours 29 mins
Houston,Louisville,"1,530 km",14 hours 21 mins
Houston,Louisville,"1,530 km",14 hours 21 mins
Minneapolis,Orlando,"2,519 km",22 hours 33 mins
Minneapolis,Orlando,"2,519 km",22 hours 33 mins
Orlando,Daytona Beach,89.8 km,55 mins
Orlando,Daytona Beach,89.8 km,55 mins
Daytona Beach,Fort Myers,345 km,3 hours 51 mins
Daytona Beach,Fort Myers,345 km,3 hours 51 mins
Reno,Walla Walla,999 km,9 hours 34 mins
Reno,Walla Walla,999 km,9 hours 34 mins
Walla Walla,Everett,473 km,4 hours 33 mins
Walla Walla,Everett,473 km,4 hours 33 mins
Everett,Spokane,484 km,4 hours 31 mins
Everett,Spokane,484 km,4 hours 31 mins
Spokane,Reno,"1,269 km",12 hours 3 mins
Spokane,Reno,"1,269 km",12 hours 3 mins
Wilmington,Buffalo,"1,187 km",11 hours 57 mins
Wilmington,Buffalo,"1,187 km",11 hours 57 mins
Buffalo,New York,600 km,6 hours 14 mins
Buffalo,New York,600 km,6 hours 14 mins
New York,Syracuse,398 km,4 hours 6 mins
New York,Syracuse,398 km,4 hours 6 mins
Syracuse,Wilmington,"1,176 km",11 hours 11 mins
Syracuse,Wilmington,"1,176 km",11 hours 11 mins
Milwaukee,Kalamazoo,396 km,3 hours 46 mins
Milwaukee,Kalamazoo,396 km,3 hours 46 mins
Kalamazoo,Traverse City,310 km,2 hours 57 mins
Kalamazoo,Traverse City,310 km,2 hours 57 mins
Traverse City,Alpena,204 km,2 hours 29 mins
Traverse City,Alpena,204 km,2 hours 29 mins
Alpena,Milwaukee,750 km,7 hours 39 mins
Alpena,Milwaukee,750 km,7 hours 39 mins
Asheville,Augusta,295 km,3 hours 18 mins
Asheville,Augusta,295 km,3 hours 18 mins
Augusta,Decatur,229 km,2 hours 19 mins
Augusta,Decatur,229 km,2 hours 19 mins
Decatur,Atlanta,13.0 km,19 mins
Decatur,Atlanta,13.0 km,19 mins
Atlanta,Asheville,319 km,3 hours 22 mins
Atlanta,Asheville,319 km,3 hours 22 mins
Washington,Wilmington,586 km,5 hours 31 mins
Washington,Wilmington,586 km,5 hours 31 mins
Wilmington,Charlotte,324 km,3 hours 24 mins
Wilmington,Charlotte,324 km,3 hours 24 mins
Charlotte,Fayetteville,223 km,2 hours 40 mins
Charlotte,Fayetteville,223 km,2 hours 40 mins
Fayetteville,Washington,509 km,4 hours 48 mins
Fayetteville,Washington,509 km,4 hours 48 mins
Bozeman,Abilene,"2,238 km",20 hours 11 mins
Bozeman,Abilene,"2,238 km",20 hours 11 mins
Abilene,Amarillo,446 km,4 hours 10 mins
Abilene,Amarillo,446 km,4 hours 10 mins
Amarillo,Lubbock,197 km,1 hour 47 mins
Amarillo,Lubbock,197 km,1 hour 47 mins
Lubbock,Bozeman,"1,995 km",17 hours 54 mins
Lubbock,Bozeman,"1,995 km",17 hours 54 mins
Amarillo,Abilene,461 km,4 hours 12 mins
Amarillo,Abilene,461 km,4 hours 12 mins
Abilene,Lubbock,263 km,2 hours 31 mins
Abilene,Lubbock,263 km,2 hours 31 mins
Lubbock,Austin,602 km,5 hours 54 mins
Lubbock,Austin,602 km,5 hours 54 mins
Austin,Amarillo,783 km,7 hours 37 mins
Austin,Amarillo,783 km,7 hours 37 mins
St. Louis,Wilmington,"1,480 km",13 hours 59 mins
St. Louis,Wilmington,"1,480 km",13 hours 59 mins
Wilmington,Fayetteville,149 km,1 hour 43 mins
Wilmington,Fayetteville,149 km,1 hour 43 mins
Fayetteville,Charlotte,223 km,2 hours 40 mins
Fayetteville,Charlotte,223 km,2 hours 40 mins
Charlotte,St. Louis,"1,148 km",10 hours 46 mins
Charlotte,St. Louis,"1,148 km",10 hours 46 mins
Cleveland,Dallas,"1,903 km",17 hours 22 mins
Cleveland,Dallas,"1,903 km",17 hours 22 mins
Dallas,San Antonio,441 km,4 hours 4 mins
Dallas,San Antonio,441 km,4 hours 4 mins
San Antonio,Houston,317 km,2 hours 56 mins
San Antonio,Houston,317 km,2 hours 56 mins
Houston,Cleveland,"2,087 km",19 hours 25 mins
Houston,Cleveland,"2,087 km",19 hours 25 mins
Hartford,Fort Myers,"2,200 km",20 hours 23 mins
Hartford,Fort Myers,"2,200 km",20 hours 23 mins
Fort Myers,Panama City,794 km,7 hours 23 mins
Fort Myers,Panama City,794 km,7 hours 23 mins
Panama City,Orlando,575 km,5 hours 25 mins
Panama City,Orlando,575 km,5 hours 25 mins
Orlando,Hartford,"1,909 km",17 hours 30 mins
Orlando,Hartford,"1,909 km",17 hours 30 mins
Detroit,Kansas City,"1,229 km",11 hours 17 mins
Detroit,Kansas City,"1,229 km",11 hours 17 mins
Kansas City,St. Louis,399 km,3 hours 42 mins
Kansas City,St. Louis,399 km,3 hours 42 mins
St. Louis,Cape Girardeau,188 km,1 hour 51 mins
St. Louis,Cape Girardeau,188 km,1 hour 51 mins
Cape Girardeau,Detroit,951 km,9 hours 1 min
Cape Girardeau,Detroit,951 km,9 hours 1 min
Cleveland,Pellston,696 km,6 hours 10 mins
Cleveland,Pellston,696 km,6 hours 10 mins
Pellston,Lansing,357 km,3 hours 4 mins
Pellston,Lansing,357 km,3 hours 4 mins
Lansing,Detroit,145 km,1 hour 24 mins
Lansing,Detroit,145 km,1 hour 24 mins
Detroit,Cleveland,273 km,2 hours 39 mins
Detroit,Cleveland,273 km,2 hours 39 mins
Roswell,Yuma,"1,129 km",10 hours 24 mins
Roswell,Yuma,"1,129 km",10 hours 24 mins
Yuma,Phoenix,298 km,2 hours 52 mins
Yuma,Phoenix,298 km,2 hours 52 mins
Phoenix,Prescott,160 km,1 hour 46 mins
Phoenix,Prescott,160 km,1 hour 46 mins
Prescott,Roswell,989 km,9 hours 2 mins
Prescott,Roswell,989 km,9 hours 2 mins
Cincinnati,Chicago,475 km,4 hours 34 mins
Cincinnati,Chicago,475 km,4 hours 34 mins
Chicago,Belleville,474 km,4 hours 34 mins
Chicago,Belleville,474 km,4 hours 34 mins
Belleville,Moline,417 km,4 hours 0 mins
Belleville,Moline,417 km,4 hours 0 mins
Moline,Cincinnati,666 km,6 hours 8 mins
Moline,Cincinnati,666 km,6 hours 8 mins
Washington,Green Bay,"1,450 km",13 hours 47 mins
Washington,Green Bay,"1,450 km",13 hours 47 mins
Green Bay,Marquette,186 km,1 hour 46 mins
Green Bay,Marquette,186 km,1 hour 46 mins
Marquette,Appleton,170 km,1 hour 37 mins
Marquette,Appleton,170 km,1 hour 37 mins
Appleton,Washington,"1,430 km",13 hours 50 mins
Appleton,Washington,"1,430 km",13 hours 50 mins
Punta Gorda,Belleville,"1,762 km",15 hours 46 mins
Punta Gorda,Belleville,"1,762 km",15 hours 46 mins
Belleville,Chicago,474 km,4 hours 36 mins
Belleville,Chicago,474 km,4 hours 36 mins
Chicago,Peoria,267 km,2 hours 31 mins
Chicago,Peoria,267 km,2 hours 31 mins
Peoria,Punta Gorda,"1,998 km",17 hours 56 mins
Peoria,Punta Gorda,"1,998 km",17 hours 56 mins
White Plains,Moline,"1,544 km",14 hours 23 mins
White Plains,Moline,"1,544 km",14 hours 23 mins
Moline,Belleville,417 km,3 hours 59 mins
Moline,Belleville,417 km,3 hours 59 mins
Belleville,Chicago,474 km,4 hours 36 mins
Belleville,Chicago,474 km,4 hours 36 mins
Chicago,White Plains,"1,309 km",12 hours 8 mins
Chicago,White Plains,"1,309 km",12 hours 8 mins
Fayetteville,Abilene,"2,157 km",19 hours 14 mins
Fayetteville,Abilene,"2,157 km",19 hours 14 mins
Abilene,Amarillo,446 km,4 hours 10 mins
Abilene,Amarillo,446 km,4 hours 10 mins
Amarillo,Lubbock,197 km,1 hour 47 mins
Amarillo,Lubbock,197 km,1 hour 47 mins
Lubbock,Fayetteville,"2,419 km",21 hours 30 mins
Lubbock,Fayetteville,"2,419 km",21 hours 30 mins
Denver,Atlanta,"2,259 km",20 hours 14 mins
Denver,Atlanta,"2,259 km",20 hours 14 mins
Atlanta,Augusta,233 km,2 hours 13 mins
Atlanta,Augusta,233 km,2 hours 13 mins
Augusta,Savannah,196 km,2 hours 27 mins
Augusta,Savannah,196 km,2 hours 27 mins
Savannah,Denver,"2,656 km",23 hours 53 mins
Savannah,Denver,"2,656 km",23 hours 53 mins
San Francisco,Stockton,134 km,1 hour 24 mins
San Francisco,Stockton,134 km,1 hour 24 mins
Stockton,Los Angeles,544 km,5 hours 11 mins
Stockton,Los Angeles,544 km,5 hours 11 mins
Los Angeles,Sacramento,618 km,5 hours 54 mins
Los Angeles,Sacramento,618 km,5 hours 54 mins
Sacramento,San Francisco,141 km,1 hour 31 mins
Sacramento,San Francisco,141 km,1 hour 31 mins
Salt Lake City,San Diego,"1,207 km",10 hours 48 mins
Salt Lake City,San Diego,"1,207 km",10 hours 48 mins
San Diego,Los Angeles,194 km,2 hours 0 mins
San Diego,Los Angeles,194 km,2 hours 0 mins
Los Angeles,San Francisco,614 km,5 hours 56 mins
Los Angeles,San Francisco,614 km,5 hours 56 mins
San Francisco,Salt Lake City,"1,184 km",10 hours 48 mins
San Francisco,Salt Lake City,"1,184 km",10 hours 48 mins
Green Bay,Moline,496 km,4 hours 47 mins
Green Bay,Moline,496 km,4 hours 47 mins
Moline,Belleville,417 km,3 hours 59 mins
Moline,Belleville,417 km,3 hours 59 mins
Belleville,Chicago,474 km,4 hours 36 mins
Belleville,Chicago,474 km,4 hours 36 mins
Chicago,Green Bay,332 km,3 hours 11 mins
Chicago,Green Bay,332 km,3 hours 11 mins
St. Louis,Fort Myers,"1,814 km",16 hours 19 mins
St. Louis,Fort Myers,"1,814 km",16 hours 19 mins
Fort Myers,Miami,252 km,2 hours 26 mins
Fort Myers,Miami,252 km,2 hours 26 mins
Miami,Orlando,380 km,3 hours 27 mins
Miami,Orlando,380 km,3 hours 27 mins
Orlando,St. Louis,"1,597 km",14 hours 16 mins
Orlando,St. Louis,"1,597 km",14 hours 16 mins
Orlando,Fort Myers,255 km,2 hours 58 mins
Orlando,Fort Myers,255 km,2 hours 58 mins
Fort Myers,Panama City,794 km,7 hours 23 mins
Fort Myers,Panama City,794 km,7 hours 23 mins
Panama City,Tallahassee,157 km,1 hour 58 mins
Panama City,Tallahassee,157 km,1 hour 58 mins
Tallahassee,Orlando,417 km,3 hours 48 mins
Tallahassee,Orlando,417 km,3 hours 48 mins
Bloomington,Abilene,"1,627 km",15 hours 4 mins
Bloomington,Abilene,"1,627 km",15 hours 4 mins
Abilene,Amarillo,446 km,4 hours 10 mins
Abilene,Amarillo,446 km,4 hours 10 mins
Amarillo,Lubbock,197 km,1 hour 47 mins
Amarillo,Lubbock,197 km,1 hour 47 mins
Lubbock,Bloomington,"1,721 km",15 hours 56 mins
Lubbock,Bloomington,"1,721 km",15 hours 56 mins
Evansville,Abilene,"1,459 km",13 hours 51 mins
Evansville,Abilene,"1,459 km",13 hours 51 mins
Abilene,Amarillo,446 km,4 hours 10 mins
Abilene,Amarillo,446 km,4 hours 10 mins
Amarillo,Lubbock,197 km,1 hour 47 mins
Amarillo,Lubbock,197 km,1 hour 47 mins
Lubbock,Evansville,"1,622 km",14 hours 50 mins
Lubbock,Evansville,"1,622 km",14 hours 50 mins
New York,Nashville,"1,423 km",13 hours 17 mins
New York,Nashville,"1,423 km",13 hours 17 mins
Nashville,Knoxville,290 km,2 hours 42 mins
Nashville,Knoxville,290 km,2 hours 42 mins
Knoxville,Memphis,629 km,5 hours 44 mins
Knoxville,Memphis,629 km,5 hours 44 mins
Memphis,New York,"1,764 km",16 hours 21 mins
Memphis,New York,"1,764 km",16 hours 21 mins
Punta Gorda,Nashville,"1,289 km",11 hours 29 mins
Punta Gorda,Nashville,"1,289 km",11 hours 29 mins
Nashville,Knoxville,290 km,2 hours 42 mins
Nashville,Knoxville,290 km,2 hours 42 mins
Knoxville,Chattanooga,180 km,1 hour 41 mins
Knoxville,Chattanooga,180 km,1 hour 41 mins
Chattanooga,Punta Gorda,"1,078 km",9 hours 32 mins
Chattanooga,Punta Gorda,"1,078 km",9 hours 32 mins
Pensacola,Houston,845 km,7 hours 37 mins
Pensacola,Houston,845 km,7 hours 37 mins
Houston,San Antonio,317 km,2 hours 56 mins
Houston,San Antonio,317 km,2 hours 56 mins
San Antonio,Dallas,440 km,4 hours 4 mins
San Antonio,Dallas,440 km,4 hours 4 mins
Dallas,Pensacola,"1,041 km",9 hours 45 mins
Dallas,Pensacola,"1,041 km",9 hours 45 mins
Missoula,Sacramento,"1,435 km",15 hours 12 mins
Missoula,Sacramento,"1,435 km",15 hours 12 mins
Sacramento,Oakland,131 km,1 hour 22 mins
Sacramento,Oakland,131 km,1 hour 22 mins
Oakland,Los Angeles,597 km,5 hours 43 mins
Oakland,Los Angeles,597 km,5 hours 43 mins
Los Angeles,Missoula,"1,948 km",17 hours 5 mins
Los Angeles,Missoula,"1,948 km",17 hours 5 mins
Ithaca,Traverse City,982 km,9 hours 39 mins
Ithaca,Traverse City,982 km,9 hours 39 mins
Traverse City,Alpena,204 km,2 hours 29 mins
Traverse City,Alpena,204 km,2 hours 29 mins
Alpena,Kalamazoo,464 km,4 hours 33 mins
Alpena,Kalamazoo,464 km,4 hours 33 mins
Kalamazoo,Ithaca,945 km,8 hours 59 mins
Kalamazoo,Ithaca,945 km,8 hours 59 mins
Atlanta,Buffalo,"1,443 km",13 hours 6 mins
Atlanta,Buffalo,"1,443 km",13 hours 6 mins
Buffalo,New York,600 km,6 hours 14 mins
Buffalo,New York,600 km,6 hours 14 mins
New York,Plattsburgh,503 km,4 hours 55 mins
New York,Plattsburgh,503 km,4 hours 55 mins
Plattsburgh,Atlanta,"1,874 km",17 hours 20 mins
Plattsburgh,Atlanta,"1,874 km",17 hours 20 mins
Sun Valley,Salt Lake City,474 km,4 hours 39 mins
Sun Valley,Salt Lake City,474 km,4 hours 39 mins
Salt Lake City,Ogden,61.4 km,37 mins
Salt Lake City,Ogden,61.4 km,37 mins
Ogden,Cedar City,463 km,4 hours 3 mins
Ogden,Cedar City,463 km,4 hours 3 mins
Cedar City,Sun Valley,874 km,8 hours 1 min
Cedar City,Sun Valley,874 km,8 hours 1 min
Santa Ana,Abilene,"2,002 km",18 hours 6 mins
Santa Ana,Abilene,"2,002 km",18 hours 6 mins
Abilene,Amarillo,446 km,4 hours 10 mins
Abilene,Amarillo,446 km,4 hours 10 mins
Amarillo,Lubbock,197 km,1 hour 47 mins
Amarillo,Lubbock,197 km,1 hour 47 mins
Lubbock,Santa Ana,"1,780 km",16 hours 28 mins
Lubbock,Santa Ana,"1,780 km",16 hours 28 mins
St. Louis,Moline,422 km,3 hours 52 mins
St. Louis,Moline,422 km,3 hours 52 mins
Moline,Belleville,417 km,3 hours 59 mins
Moline,Belleville,417 km,3 hours 59 mins
Belleville,Chicago,474 km,4 hours 36 mins
Belleville,Chicago,474 km,4 hours 36 mins
Chicago,St. Louis,477 km,4 hours 25 mins
Chicago,St. Louis,477 km,4 hours 25 mins
Albuquerque,Abilene,785 km,7 hours 29 mins
Albuquerque,Abilene,785 km,7 hours 29 mins
Abilene,Amarillo,446 km,4 hours 10 mins
Abilene,Amarillo,446 km,4 hours 10 mins
Amarillo,Lubbock,197 km,1 hour 47 mins
Amarillo,Lubbock,197 km,1 hour 47 mins
Lubbock,Albuquerque,518 km,5 hours 7 mins
Lubbock,Albuquerque,518 km,5 hours 7 mins
Appleton,Moline,443 km,4 hours 19 mins
Appleton,Moline,443 km,4 hours 19 mins
Moline,Peoria,149 km,1 hour 24 mins
Moline,Peoria,149 km,1 hour 24 mins
Peoria,Rockford,217 km,2 hours 18 mins
Peoria,Rockford,217 km,2 hours 18 mins
Rockford,Appleton,274 km,2 hours 47 mins
Rockford,Appleton,274 km,2 hours 47 mins
Cedar Rapids,Pensacola,"1,564 km",14 hours 54 mins
Cedar Rapids,Pensacola,"1,564 km",14 hours 54 mins
Pensacola,Jacksonville,575 km,5 hours 1 min
Pensacola,Jacksonville,575 km,5 hours 1 min
Jacksonville,Panama City,426 km,4 hours 9 mins
Jacksonville,Panama City,426 km,4 hours 9 mins
Panama City,Cedar Rapids,"1,683 km",16 hours 7 mins
Panama City,Cedar Rapids,"1,683 km",16 hours 7 mins
Myrtle Beach,Philadelphia,919 km,8 hours 54 mins
Myrtle Beach,Philadelphia,919 km,8 hours 54 mins
Philadelphia,Harrisburg,172 km,1 hour 51 mins
Philadelphia,Harrisburg,172 km,1 hour 51 mins
Harrisburg,State College,139 km,1 hour 31 mins
Harrisburg,State College,139 km,1 hour 31 mins
State College,Myrtle Beach,"1,035 km",10 hours 4 mins
State College,Myrtle Beach,"1,035 km",10 hours 4 mins
Cedar Rapids,Amarillo,"1,497 km",13 hours 19 mins
Cedar Rapids,Amarillo,"1,497 km",13 hours 19 mins
Amarillo,Del Rio,743 km,7 hours 2 mins
Amarillo,Del Rio,743 km,7 hours 2 mins
Del Rio,Houston,564 km,5 hours 22 mins
Del Rio,Houston,564 km,5 hours 22 mins
Houston,Cedar Rapids,"1,709 km",15 hours 44 mins
Houston,Cedar Rapids,"1,709 km",15 hours 44 mins
Fort Smith,Abilene,749 km,6 hours 45 mins
Fort Smith,Abilene,749 km,6 hours 45 mins
Abilene,Corpus Christi,627 km,5 hours 52 mins
Abilene,Corpus Christi,627 km,5 hours 52 mins
Corpus Christi,Del Rio,428 km,4 hours 10 mins
Corpus Christi,Del Rio,428 km,4 hours 10 mins
Del Rio,Fort Smith,"1,135 km",10 hours 21 mins
Del Rio,Fort Smith,"1,135 km",10 hours 21 mins
Orlando,Miami,378 km,3 hours 26 mins
Orlando,Miami,378 km,3 hours 26 mins
Miami,Fort Lauderdale,48.5 km,36 mins
Miami,Fort Lauderdale,48.5 km,36 mins
Las Vegas,Everett,"1,829 km",17 hours 9 mins
Las Vegas,Everett,"1,829 km",17 hours 9 mins
Everett,Spokane,484 km,4 hours 31 mins
Everett,Spokane,484 km,4 hours 31 mins
Spokane,Seattle,449 km,4 hours 11 mins
Spokane,Seattle,449 km,4 hours 11 mins
Seattle,Las Vegas,"1,793 km",16 hours 48 mins
Seattle,Las Vegas,"1,793 km",16 hours 48 mins
Pittsburgh,Fort Myers,"1,841 km",17 hours 5 mins
Pittsburgh,Fort Myers,"1,841 km",17 hours 5 mins
Fort Myers,Daytona Beach,345 km,3 hours 48 mins
Fort Myers,Daytona Beach,345 km,3 hours 48 mins
Daytona Beach,Miami,421 km,3 hours 56 mins
Daytona Beach,Miami,421 km,3 hours 56 mins
Miami,Pittsburgh,"1,891 km",17 hours 13 mins
Miami,Pittsburgh,"1,891 km",17 hours 13 mins
Reno,San Diego,910 km,9 hours 27 mins
Reno,San Diego,910 km,9 hours 27 mins
San Diego,Bakersfield,372 km,3 hours 48 mins
San Diego,Bakersfield,372 km,3 hours 48 mins
Bakersfield,Los Angeles,181 km,1 hour 55 mins
Bakersfield,Los Angeles,181 km,1 hour 55 mins
Los Angeles,Reno,761 km,7 hours 59 mins
Los Angeles,Reno,761 km,7 hours 59 mins
Los Angeles,Dallas,"2,310 km",20 hours 44 mins
Los Angeles,Dallas,"2,310 km",20 hours 44 mins
Dallas,Houston,385 km,3 hours 29 mins
Dallas,Houston,385 km,3 hours 29 mins
Houston,Corpus Christi,334 km,3 hours 12 mins
Houston,Corpus Christi,334 km,3 hours 12 mins
Corpus Christi,Los Angeles,"2,409 km",21 hours 26 mins
Corpus Christi,Los Angeles,"2,409 km",21 hours 26 mins
Palm Springs,Dallas,"2,144 km",19 hours 15 mins
Palm Springs,Dallas,"2,144 km",19 hours 15 mins
Dallas,San Angelo,415 km,3 hours 55 mins
Dallas,San Angelo,415 km,3 hours 55 mins
San Angelo,Houston,586 km,5 hours 46 mins
San Angelo,Houston,586 km,5 hours 46 mins
Houston,Palm Springs,"2,324 km",20 hours 45 mins
Houston,Palm Springs,"2,324 km",20 hours 45 mins
Nashville,Fort Myers,"1,322 km",11 hours 56 mins
Nashville,Fort Myers,"1,322 km",11 hours 56 mins
Fort Myers,Gainesville,399 km,3 hours 43 mins
Fort Myers,Gainesville,399 km,3 hours 43 mins
Gainesville,Orlando,181 km,1 hour 46 mins
Gainesville,Orlando,181 km,1 hour 46 mins
Orlando,Nashville,"1,106 km",9 hours 55 mins
Orlando,Nashville,"1,106 km",9 hours 55 mins
Jacksonville,Miami,556 km,5 hours 2 mins
Jacksonville,Miami,556 km,5 hours 2 mins
Miami,Fort Lauderdale,48.5 km,36 mins
Miami,Fort Lauderdale,48.5 km,36 mins
Indianapolis,Dallas,"1,432 km",13 hours 14 mins
Indianapolis,Dallas,"1,432 km",13 hours 14 mins
Dallas,San Antonio,441 km,4 hours 4 mins
Dallas,San Antonio,441 km,4 hours 4 mins
San Antonio,Corpus Christi,231 km,2 hours 5 mins
San Antonio,Corpus Christi,231 km,2 hours 5 mins
Corpus Christi,Indianapolis,"1,970 km",18 hours 27 mins
Corpus Christi,Indianapolis,"1,970 km",18 hours 27 mins
Columbus,Augusta,944 km,9 hours 5 mins
Columbus,Augusta,944 km,9 hours 5 mins
Augusta,Decatur,229 km,2 hours 19 mins
Augusta,Decatur,229 km,2 hours 19 mins
Decatur,Savannah,401 km,3 hours 50 mins
Decatur,Savannah,401 km,3 hours 50 mins
Savannah,Columbus,"1,087 km",10 hours 19 mins
Savannah,Columbus,"1,087 km",10 hours 19 mins
Memphis,Abilene,"1,018 km",9 hours 16 mins
Memphis,Abilene,"1,018 km",9 hours 16 mins
Abilene,Amarillo,446 km,4 hours 10 mins
Abilene,Amarillo,446 km,4 hours 10 mins
Amarillo,Lubbock,197 km,1 hour 47 mins
Amarillo,Lubbock,197 km,1 hour 47 mins
Lubbock,Memphis,"1,209 km",11 hours 21 mins
Lubbock,Memphis,"1,209 km",11 hours 21 mins
Washington,Toledo,750 km,7 hours 14 mins
Washington,Toledo,750 km,7 hours 14 mins
Toledo,Cleveland,183 km,1 hour 50 mins
Toledo,Cleveland,183 km,1 hour 50 mins
Cleveland,Dayton,340 km,3 hours 11 mins
Cleveland,Dayton,340 km,3 hours 11 mins
Dayton,Washington,751 km,7 hours 38 mins
Dayton,Washington,751 km,7 hours 38 mins
Elmira,Punta Gorda,"2,069 km",19 hours 21 mins
Elmira,Punta Gorda,"2,069 km",19 hours 21 mins
Punta Gorda,Tallahassee,597 km,5 hours 19 mins
Punta Gorda,Tallahassee,597 km,5 hours 19 mins
Tallahassee,Jacksonville,267 km,2 hours 29 mins
Tallahassee,Jacksonville,267 km,2 hours 29 mins
Jacksonville,Elmira,"1,590 km",14 hours 51 mins
Jacksonville,Elmira,"1,590 km",14 hours 51 mins
Milwaukee,Detroit,614 km,5 hours 40 mins
Milwaukee,Detroit,614 km,5 hours 40 mins
Detroit,Escanaba,700 km,6 hours 23 mins
Detroit,Escanaba,700 km,6 hours 23 mins
Escanaba,Traverse City,422 km,4 hours 27 mins
Escanaba,Traverse City,422 km,4 hours 27 mins
Traverse City,Milwaukee,661 km,6 hours 18 mins
Traverse City,Milwaukee,661 km,6 hours 18 mins
Detroit,Buffalo,411 km,4 hours 7 mins
Detroit,Buffalo,411 km,4 hours 7 mins
Buffalo,Niagara Falls,31.9 km,26 mins
Buffalo,Niagara Falls,31.9 km,26 mins
Niagara Falls,Syracuse,260 km,2 hours 31 mins
Niagara Falls,Syracuse,260 km,2 hours 31 mins
Syracuse,Detroit,645 km,6 hours 19 mins
Syracuse,Detroit,645 km,6 hours 19 mins
Asheville,Buffalo,"1,109 km",10 hours 26 mins
Asheville,Buffalo,"1,109 km",10 hours 26 mins
Buffalo,New York,600 km,6 hours 14 mins
Buffalo,New York,600 km,6 hours 14 mins
New York,Watertown,510 km,5 hours 9 mins
New York,Watertown,510 km,5 hours 9 mins
Watertown,Asheville,"1,358 km",12 hours 41 mins
Watertown,Asheville,"1,358 km",12 hours 41 mins
Kansas City,Abilene,"1,028 km",9 hours 13 mins
Kansas City,Abilene,"1,028 km",9 hours 13 mins
Abilene,Amarillo,446 km,4 hours 10 mins
Abilene,Amarillo,446 km,4 hours 10 mins
Amarillo,Lubbock,197 km,1 hour 47 mins
Amarillo,Lubbock,197 km,1 hour 47 mins
Lubbock,Kansas City,"1,118 km",10 hours 2 mins
Lubbock,Kansas City,"1,118 km",10 hours 2 mins
Minneapolis,Toledo,"1,057 km",9 hours 43 mins
Minneapolis,Toledo,"1,057 km",9 hours 43 mins
Toledo,Cleveland,183 km,1 hour 50 mins
Toledo,Cleveland,183 km,1 hour 50 mins
Cleveland,Dayton,340 km,3 hours 11 mins
Cleveland,Dayton,340 km,3 hours 11 mins
Dayton,Minneapolis,"1,138 km",10 hours 31 mins
Dayton,Minneapolis,"1,138 km",10 hours 31 mins
Pittsburgh,Kansas City,"1,354 km",12 hours 31 mins
Pittsburgh,Kansas City,"1,354 km",12 hours 31 mins
Kansas City,Cape Girardeau,563 km,5 hours 12 mins
Kansas City,Cape Girardeau,563 km,5 hours 12 mins
Cape Girardeau,St. Louis,186 km,1 hour 51 mins
Cape Girardeau,St. Louis,186 km,1 hour 51 mins
St. Louis,Pittsburgh,969 km,9 hours 3 mins
St. Louis,Pittsburgh,969 km,9 hours 3 mins
Kansas City,San Diego,"2,505 km",23 hours 42 mins
Kansas City,San Diego,"2,505 km",23 hours 42 mins
San Diego,Fresno,545 km,5 hours 22 mins
San Diego,Fresno,545 km,5 hours 22 mins
Fresno,Los Angeles,352 km,3 hours 28 mins
Fresno,Los Angeles,352 km,3 hours 28 mins
Los Angeles,Kansas City,"2,603 km",23 hours 12 mins
Los Angeles,Kansas City,"2,603 km",23 hours 12 mins
Detroit,Fort Myers,"2,086 km",18 hours 46 mins
Detroit,Fort Myers,"2,086 km",18 hours 46 mins
Fort Myers,Fort Lauderdale,226 km,2 hours 8 mins
Fort Myers,Fort Lauderdale,226 km,2 hours 8 mins
Fort Lauderdale,Orlando,343 km,3 hours 8 mins
Fort Lauderdale,Orlando,343 km,3 hours 8 mins
Orlando,Detroit,"1,867 km",16 hours 44 mins
Orlando,Detroit,"1,867 km",16 hours 44 mins
Dallas,Salt Lake City,"2,000 km",19 hours 4 mins
Dallas,Salt Lake City,"2,000 km",19 hours 4 mins
Salt Lake City,Moab,376 km,3 hours 42 mins
Salt Lake City,Moab,376 km,3 hours 42 mins
Moab,Ogden,434 km,4 hours 12 mins
Moab,Ogden,434 km,4 hours 12 mins
Ogden,Dallas,"2,076 km",19 hours 21 mins
Ogden,Dallas,"2,076 km",19 hours 21 mins
Orlando,Lake Charles,"1,321 km",11 hours 36 mins
Orlando,Lake Charles,"1,321 km",11 hours 36 mins
Lake Charles,Baton Rouge,204 km,1 hour 55 mins
Lake Charles,Baton Rouge,204 km,1 hour 55 mins
Baton Rouge,New Orleans,131 km,1 hour 17 mins
Baton Rouge,New Orleans,131 km,1 hour 17 mins
New Orleans,Orlando,"1,029 km",9 hours 5 mins
New Orleans,Orlando,"1,029 km",9 hours 5 mins
Charleston,Buffalo,"1,395 km",13 hours 3 mins
Charleston,Buffalo,"1,395 km",13 hours 3 mins
Buffalo,Watertown,347 km,3 hours 15 mins
Buffalo,Watertown,347 km,3 hours 15 mins
Watertown,Ogdensburg,95.4 km,1 hour 7 mins
Watertown,Ogdensburg,95.4 km,1 hour 7 mins
Ogdensburg,Charleston,"1,652 km",15 hours 37 mins
Ogdensburg,Charleston,"1,652 km",15 hours 37 mins
Seattle,Los Angeles,"1,828 km",17 hours 22 mins
Seattle,Los Angeles,"1,828 km",17 hours 22 mins
Los Angeles,Santa Barbara,153 km,1 hour 38 mins
Los Angeles,Santa Barbara,153 km,1 hour 38 mins
Santa Barbara,San Francisco,525 km,5 hours 8 mins
Santa Barbara,San Francisco,525 km,5 hours 8 mins
San Francisco,Seattle,"1,300 km",12 hours 25 mins
San Francisco,Seattle,"1,300 km",12 hours 25 mins
St. Louis,Detroit,852 km,7 hours 53 mins
St. Louis,Detroit,852 km,7 hours 53 mins
Detroit,Pellston,452 km,3 hours 53 mins
Detroit,Pellston,452 km,3 hours 53 mins
Pellston,Traverse City,137 km,1 hour 49 mins
Pellston,Traverse City,137 km,1 hour 49 mins
Traverse City,St. Louis,946 km,8 hours 43 mins
Traverse City,St. Louis,946 km,8 hours 43 mins
Tampa,Charlotte,934 km,8 hours 34 mins
Tampa,Charlotte,934 km,8 hours 34 mins
Charlotte,Wilmington,323 km,3 hours 24 mins
Charlotte,Wilmington,323 km,3 hours 24 mins
Wilmington,Fayetteville,149 km,1 hour 43 mins
Wilmington,Fayetteville,149 km,1 hour 43 mins
Fayetteville,Tampa,949 km,8 hours 38 mins
Fayetteville,Tampa,949 km,8 hours 38 mins
Sacramento,Fresno,275 km,2 hours 44 mins
Sacramento,Fresno,275 km,2 hours 44 mins
Fresno,Los Angeles,352 km,3 hours 28 mins
Fresno,Los Angeles,352 km,3 hours 28 mins
San Francisco,Los Angeles,615 km,5 hours 53 mins
San Francisco,Los Angeles,615 km,5 hours 53 mins
Los Angeles,San Diego,193 km,1 hour 57 mins
Los Angeles,San Diego,193 km,1 hour 57 mins
Augusta,Wilmington,452 km,4 hours 14 mins
Augusta,Wilmington,452 km,4 hours 14 mins
Wilmington,Asheville,541 km,5 hours 19 mins
Wilmington,Asheville,541 km,5 hours 19 mins
Asheville,Charlotte,209 km,2 hours 7 mins
Asheville,Charlotte,209 km,2 hours 7 mins
Charlotte,Augusta,263 km,2 hours 33 mins
Charlotte,Augusta,263 km,2 hours 33 mins
San Diego,Flagstaff,785 km,7 hours 18 mins
San Diego,Flagstaff,785 km,7 hours 18 mins
Flagstaff,Yuma,504 km,4 hours 46 mins
Flagstaff,Yuma,504 km,4 hours 46 mins
Yuma,Phoenix,298 km,2 hours 52 mins
Yuma,Phoenix,298 km,2 hours 52 mins
Phoenix,San Diego,571 km,5 hours 19 mins
Phoenix,San Diego,571 km,5 hours 19 mins
South Bend,Moline,380 km,3 hours 47 mins
South Bend,Moline,380 km,3 hours 47 mins
Moline,Peoria,149 km,1 hour 24 mins
Moline,Peoria,149 km,1 hour 24 mins
Peoria,Belleville,268 km,2 hours 38 mins
Peoria,Belleville,268 km,2 hours 38 mins
Belleville,South Bend,572 km,5 hours 37 mins
Belleville,South Bend,572 km,5 hours 37 mins
South Bend,Abilene,"1,843 km",16 hours 50 mins
South Bend,Abilene,"1,843 km",16 hours 50 mins
Abilene,Longview,497 km,4 hours 30 mins
Abilene,Longview,497 km,4 hours 30 mins
Longview,Dallas,208 km,1 hour 54 mins
Longview,Dallas,208 km,1 hour 54 mins
Dallas,South Bend,"1,645 km",15 hours 2 mins
Dallas,South Bend,"1,645 km",15 hours 2 mins
Medford,Yuma,"1,548 km",14 hours 41 mins
Medford,Yuma,"1,548 km",14 hours 41 mins
Yuma,Phoenix,298 km,2 hours 52 mins
Yuma,Phoenix,298 km,2 hours 52 mins
Phoenix,Tucson,181 km,1 hour 44 mins
Phoenix,Tucson,181 km,1 hour 44 mins
Tucson,Medford,"1,888 km",17 hours 38 mins
Tucson,Medford,"1,888 km",17 hours 38 mins
Washington,Bemidji,"2,120 km",20 hours 8 mins
Washington,Bemidji,"2,120 km",20 hours 8 mins
Bemidji,Brainerd,154 km,1 hour 49 mins
Bemidji,Brainerd,154 km,1 hour 49 mins
Brainerd,St. Cloud,102 km,1 hour 2 mins
Brainerd,St. Cloud,102 km,1 hour 2 mins
St. Cloud,Washington,"1,889 km",17 hours 49 mins
St. Cloud,Washington,"1,889 km",17 hours 49 mins
Fayetteville,Texarkana,"1,679 km",14 hours 58 mins
Fayetteville,Texarkana,"1,679 km",14 hours 58 mins
Texarkana,Houston,466 km,4 hours 44 mins
Texarkana,Houston,466 km,4 hours 44 mins
Houston,Dallas,385 km,3 hours 27 mins
Houston,Dallas,385 km,3 hours 27 mins
Dallas,Fayetteville,"1,862 km",16 hours 36 mins
Dallas,Fayetteville,"1,862 km",16 hours 36 mins
Provo,Santa Ana,"1,038 km",9 hours 21 mins
Provo,Santa Ana,"1,038 km",9 hours 21 mins
Santa Ana,San Jose,598 km,5 hours 59 mins
Santa Ana,San Jose,598 km,5 hours 59 mins
San Jose,Monterey,115 km,1 hour 15 mins
San Jose,Monterey,115 km,1 hour 15 mins
Monterey,Provo,"1,411 km",12 hours 54 mins
Monterey,Provo,"1,411 km",12 hours 54 mins
Atlanta,State College,"1,220 km",11 hours 44 mins
Atlanta,State College,"1,220 km",11 hours 44 mins
State College,Johnstown,137 km,1 hour 29 mins
State College,Johnstown,137 km,1 hour 29 mins
Johnstown,Harrisburg,222 km,2 hours 25 mins
Johnstown,Harrisburg,222 km,2 hours 25 mins
Harrisburg,Atlanta,"1,151 km",10 hours 43 mins
Harrisburg,Atlanta,"1,151 km",10 hours 43 mins
Mosinee,Chicago,433 km,4 hours 0 mins
Mosinee,Chicago,433 km,4 hours 0 mins
Chicago,Moline,265 km,2 hours 37 mins
Chicago,Moline,265 km,2 hours 37 mins
Moline,Rockford,194 km,2 hours 1 min
Moline,Rockford,194 km,2 hours 1 min
Rockford,Mosinee,314 km,2 hours 57 mins
Rockford,Mosinee,314 km,2 hours 57 mins
